sdg_id,source,n
1,Revista Enfermagem UERJ,5
1,Revista da Sociedade Brasileira de Medicina Tropical,5
1,PubMed,4
1,LA Referencia (Red Federada de Repositorios Institucionales de Publicaciones Científicas),3
1,Revista Brasileira de Geriatria e Gerontologia,3
1,Revista Latino-Americana de Enfermagem,3
1,Revista da Escola de Enfermagem da USP,3
1,BMC Public Health,2
1,Brazilian Journal of Kinanthropometry and Human Performance,2
1,Ciência Cuidado e Saúde,2
1,Clinical & Translational Oncology,2
1,DOAJ (DOAJ: Directory of Open Access Journals),2
1,Disease Markers,2
1,International Journal of Environmental Research and Public Health,2
1,Rev Rene,2
1,Revista Brasileira de Enfermagem,2
1,Revista Brasileira de Medicina do Trabalho,2
1,Sao Paulo Medical Journal,2
1,Texto & Contexto - Enfermagem,2
1,The Journal of Immunology,2
1,Aging Medicine,1
1,American Journal of Tropical Medicine and Hygiene,1
1,Angiology,1
1,Annals of Clinical Microbiology and Antimicrobials,1
1,Arquivos de Neuro-Psiquiatria,1
1,BMC Health Services Research,1
1,BMC Palliative Care,1
1,Bioorganic & Medicinal Chemistry,1
1,Bioscience Journal,1
1,Brazilian Journal of Motor Behavior,1
1,Brazilian Journal of Physical Therapy,1
1,Cadernos Brasileiros de Terapia Ocupacional ,1
1,Cadernos de Saúde Pública,1
1,Cancer Causes & Control,1
1,Career Development International,1
1,Ciência & Saúde Coletiva,1
1,Clinical Medicine Insights Oncology,1
1,Clinics,1
1,Colombia medica,1
1,Conjecturas,1
1,Elementa Science of the Anthropocene,1
1,Escola Anna Nery,1
1,Familial Cancer,1
1,Family Practice,1
1,Frontiers in Public Health,1
1,Global Journal of Health Science,1
1,Histopathology,1
1,International Journal of Biological Macromolecules,1
1,International Journal of Infectious Diseases,1
1,International Orthopaedics,1
1,Investigación y Educación en Enfermería,1
1,Issues in Mental Health Nursing,1
1,JMIR Rehabilitation and Assistive Technologies,1
1,Journal of Genetic Engineering and Biotechnology,1
1,Journal of Molecular Medicine,1
1,Journal of Perinatal Medicine,1
1,Journal of Prevention,1
1,Minerva Obstetrics and Gynecology,1
1,Multiple Sclerosis and Related Disorders,1
1,O Mundo da Saúde,1
1,Open Journal of Nursing,1
1,Oxford University Press eBooks,1
1,Pathogens,1
1,Psicologia Teoria e Pesquisa,1
1,Redalyc (Universidad Autónoma del Estado de México),1
1,Research Society and Development,1
1,Research Square,1
1,Revista Brasileira de Epidemiologia,1
1,Revista Campo-Território,1
1,Revista Eletrônica de Enfermagem,1
1,Revista Família Ciclos de Vida e Saúde no Contexto Social,1
1,Revista Peruana de Medicina Experimental y Salud Pública,1
1,Revista Triângulo,1
1,Revista da Associação Médica Brasileira,1
1,Revista da SPAGESP,1
1,Revista de Educação Física / Journal of Physical Education,1
1,Revista de Enfermagem UFPE on line,1
1,Revista de Salud Pública,1
1,Revista do Colégio Brasileiro de Cirurgiões,1
1,Revistas de Ciências Jurídicas e Sociais da UNIPAR,1
1,Scientia Generalis,1
1,Sleep Epidemiology,1
1,Sustainability,1
1,The Journal of Comparative Neurology,1
1,The Open Cancer Journal,1
1,Wear,1
1,journal of physical education,1
1,polemica,1
10,Cadernos Brasileiros de Terapia Ocupacional ,10
10,Zenodo (CERN European Organization for Nuclear Research),9
10,LA Referencia (Red Federada de Repositorios Institucionales de Publicaciones Científicas),5
10,VínculorevistadoNesme,5
10,Revista Brasileira de Atividade Física & Saúde,4
10,Revista Brasileira de Ciência e Movimento,4
10,Revista da SPAGESP,4
10,SSRN Electronic Journal,4
10,Cadernos CIMEAC,3
10,Ciência & Saúde Coletiva,3
10,DOAJ (DOAJ: Directory of Open Access Journals),3
10,International Journal of Environmental Research and Public Health,3
10,Jornal Brasileiro de Psiquiatria,3
10,Revista Família Ciclos de Vida e Saúde no Contexto Social,3
10,Revista Latino-Americana de Enfermagem,3
10,Revista de Terapia Ocupacional da Universidade de São Paulo,3
10,Acta Paulista de Enfermagem,2
10,Arquivos de Neuro-Psiquiatria,2
10,Clinical and Vaccine Immunology,2
10,Colloquium Vitae,2
10,Contribuciones a las Ciencias Sociales,2
10,Dialnet (Universidad de la Rioja),2
10,Estudos e Pesquisas em Psicologia,2
10,European Journal of Public Health,2
10,Fractal Revista de Psicologia,2
10,Iniciação & Formação Docente,2
10,Journal of Hand Therapy,2
10,Journal of Physical Activity and Health,2
10,Motriz Revista de Educação Física,2
10,Phenomenology Humanities and Sciences,2
10,Proceeding Series of the Brazilian Society of Computational and Applied Mathematics,2
10,Psico-USF,2
10,Psicologia & Sociedade,2
10,Psicologia Ciência e Profissão,2
10,Psicologia Teoria e Pesquisa,2
10,Psicologia em Revista,2
10,Redalyc (Universidad Autónoma del Estado de México),2
10,Research Society and Development,2
10,Revista Brasileira de Estudos Pedagógicos,2
10,Revista Paulista de Pediatria,2
10,Revista Profissão Docente,2
10,Revista Psicologia Organizações e Trabalho,2
10,Revista SODEBRAS,2
10,Revista Triângulo,2
10,Revista de Enfermagem e Atenção à Saúde,2
10,Topics in Stroke Rehabilitation,2
10,bioRxiv (Cold Spring Harbor Laboratory),2
10,Acta Biologica Brasiliensia.,1
10,Acta Fisiátrica,1
10,Acta Ortopédica Brasileira,1
10,Acta Scientiarum Health Sciences,1
10,Alzheimer s & Dementia,1
10,American Journal of Interdisciplinary Research and Innovation,1
10,Americanae (AECID Library),1
10,Anais da Academia Brasileira de Ciências,1
10,Anais da XIV Conferência Brasileira sobre Qualidade da Energia Elétrica,1
10,Anais do ... Simpósio Brasileiro de Sistemas Elétricos,1
10,Anais do Congresso Brasileiro da Associação Brasileira de Fisioterapia Traumato-Ortopédica - ABRAFITO,1
10,Arquivos Brasileiros de Neurocirurgia Brazilian Neurosurgery,1
10,Arquivos Brasileiros de Oftalmologia,1
10,Arquivos de Ciências do Esporte,1
10,Avances en Psicología Latinoamericana,1
10,BMC Public Health,1
10,Biological Journal of the Linnean Society,1
10,Biomedical Signal Processing and Control,1
10,Biometrics,1
10,Bioscience Journal,1
10,Brazilian Journal of Kinanthropometry and Human Performance,1
10,Brazilian Journal of Medical and Biological Research,1
10,Brazilian Journal of Physical Therapy,1
10,Bulletin of the Brazilian Mathematical Society New Series,1
10,CAMINE: Caminhos da Educação = Camine: Ways of Education,1
10,Ciencias de la actividad física,1
10,Ciência Cuidado e Saúde,1
10,Clinical EEG and Neuroscience,1
10,CoDAS,1
10,Cogitare Enfermagem,1
10,Communications in computer and information science,1
10,Computational and Applied Mathematics,1
10,Computers in Biology and Medicine,1
10,Conecte-se!,1
10,Crop Breeding and Applied Biotechnology,1
10,DELTA Documentação de Estudos em Lingüística Teórica e Aplicada,1
10,Debates em educação,1
10,Dialogia,1
10,Diálogos Pertinentes,1
10,Drug Metabolism and Personalized Therapy,1
10,Editora Científica Digital eBooks,1
10,Educación Química,1
10,Educação Online,1
10,Educação em Revista,1
10,Em Aberto,1
10,Espaço Plural,1
10,Espaço e Cultura,1
10,Estilos da Clinica,1
10,Estudos Linguísticos (São Paulo 1978),1
10,Estudos da língua(gem),1
10,Experimental Parasitology,1
10,Frontiers in Bioinformatics,1
10,Frontiers in Immunology,1
10,Frontiers in Physiology,1
10,Frontiers in Surgery,1
10,Genomics,1
10,Geograficidade,1
10,Geriatric Nursing,1
10,Health Promotion Journal of Australia,1
10,Hematology,1
10,Hematology Transfusion and Cell Therapy,1
10,IEEE Latin America Transactions,1
10,InterAção,1
10,Interação em Psicologia,1
10,International Journal for Parasitology,1
10,International Journal of Modern Physics C,1
10,Jornal Brasileiro de Patologia e Medicina Laboratorial,1
10,Journal of Animal Breeding and Genetics,1
10,Journal of Approximation Theory,1
10,Journal of Clinical Nursing,1
10,Journal of Education for Teaching International Research and Pedagogy,1
10,Journal of Oral Pathology and Medicine,1
10,Journal of Pharmaceutical and Biomedical Analysis,1
10,Journal of science and medicine in sport,1
10,Journal of the American Medical Directors Association,1
10,Journal of the Foot & Ankle,1
10,Lab Animal,1
10,Mal-Estar e Sociedade,1
10,Measurement in Physical Education and Exercise Science,1
10,Mechanisms and machine science,1
10,Memorandum Memória e História em Psicologia,1
10,Microorganisms,1
10,Motricidade,1
10,Música Hodie,1
10,Natureza Humana - Revista Internacional de Filosofia e Psicanálise,1
10,Neurorehabilitation and neural repair,1
10,O Mundo da Saúde,1
10,Oxidative Medicine and Cellular Longevity,1
10,PHENOMENOLOGICAL STUDIES - Revista da Abordagem Gestáltica,1
10,PLoS ONE,1
10,Paidéia (Ribeirão Preto),1
10,Pediatric Blood & Cancer,1
10,Pensando - Revista de Filosofia,1
10,Pensando familias,1
10,Pensar a Prática,1
10,Perspectivas em Análise do Comportamento,1
10,Perspectivas em Psicologia,1
10,Physiotherapy Theory and Practice,1
10,PragMATIZES - Revista Latino-Americana de Estudos em Cultura,1
10,Preprints.org,1
10,PsicoFAE/Revista PsicoFAE,1
10,Psicologia em Estudo,1
10,PubMed,1
10,REVISTA INTERSABERES,1
10,Reciis,1
10,Remate de Males,1
10,Research Square,1
10,Retos,1
10,Revista Brasileira de Cirurgia Plástica,1
10,Revista Brasileira de Educação,1
10,Revista Brasileira de Enfermagem,1
10,Revista Brasileira de Geriatria e Gerontologia,1
10,Revista Brasileira em Promoção da saúde,1
10,Revista Campo da História,1
10,Revista Científica Novas Configurações diálogos plurais,1
10,Revista Científica do Centro Universitário de Araras Dr Edmundo Ulson,1
10,Revista Diálogo Educacional,1
10,Revista Dor,1
10,Revista Educação e Políticas em Debate,1
10,Revista Eletrônica de Educação,1
10,Revista Enfermagem UERJ,1
10,Revista Extensão & Sociedade,1
10,Revista Gênero e Interdisciplinaridade,1
10,Revista Intertexto,1
10,Revista Katálysis,1
10,Revista Paulista de Pediatria (English Edition),1
10,Revista Recien,1
10,Revista Subjetividades,1
10,Revista da Associação Médica Brasileira,1
10,Revista da Sociedade Brasileira de Medicina Tropical,1
10,Revista de Ensino de Ciências e Matemática,1
10,Revista de Estudos AntiUtilitaristas e PosColoniais,1
10,Revista de Estudos Aplicados em Educação,1
10,Revista de Nutrição,1
10,Revista de Pesquisa Cuidado é Fundamental Online,1
10,Revista do Sell,1
10,Revista gaúcha de enfermagem,1
10,Romanica Olomucensia,1
10,Salud & Sociedad,1
10,Salud Mental,1
10,Saúde e Desenvolvimento Humano,1
10,Selecciones Matemáticas,1
10,Sententiae,1
10,"Smart innovation, systems and technologies",1
10,Sociobiology,1
10,South African Journal of Occupational Therapy,1
10,Sports Biomechanics,1
10,Tempo Psicanalítico,1
10,Temporalis,1
10,Theory & Psychology,1
10,Trans/Form/Ação,1
10,Varia Historia,1
10,Veritas (Porto Alegre),1
10,Veterinary Research Communications,1
10,"WEB REVISTA LINGUAGEM, EDUCAÇÃO E MEMÓRIA",1
10,albuquerque revista de história,1
11,Revista Brasileira de Ciência Tecnologia e Inovação,5
11,Caminhos de Geografia,3
11,LA Referencia (Red Federada de Repositorios Institucionales de Publicaciones Científicas),3
11,Ciência e Natura,2
11,DOAJ (DOAJ: Directory of Open Access Journals),2
11,E&S Engineering and Science,2
11,Editora Científica Digital eBooks,2
11,Environmental Monitoring and Assessment,2
11,Revista Latino-Americana de Enfermagem,2
11,12º Congresso Internacional da Rede Unida,1
11,AIP Advances,1
11,Acta Oto-Laryngologica,1
11,Advances in intelligent systems and computing,1
11,Anais ... Encontro Nacional de Engenharia de Produção/Anais do Encontro Nacional de Engenharia de Produção,1
11,Anais do ... Congresso Nacional de Engenharia Mecânica,1
11,Anais do Museu Paulista História e Cultura Material,1
11,Anais do XVI Simpósio Nacional de Geografia Urbana - XVI SIMPURB,1
11,Arquivos Brasileiros de Endocrinologia & Metabologia,1
11,Arquivos de Ciências Veterinárias e Zoologia da UNIPAR,1
11,Biogenesis Jurnal Ilmiah Biologi,1
11,Blucher Chemical Engineering Proceedings,1
11,Brazilian Geographical Journal,1
11,Brazilian Journal of Kinanthropometry and Human Performance,1
11,Brazilian Journal of Physical Therapy,1
11,Cities,1
11,Ciência & Saúde Coletiva,1
11,Ciência Cuidado e Saúde,1
11,Ciência Rural,1
11,Ciência e Cultura,1
11,Computer Aided Geometric Design,1
11,Confins,1
11,Cuadernos de Geografía Revista Colombiana de Geografía,1
11,Emblemas - Revista do Departamento de História e Ciências Sociais - UFG/CAC,1
11,Environmental Entomology,1
11,Epígrafe,1
11,Espaço Aberto,1
11,Exatas & Engenharia,1
11,Frontiers in Pediatrics,1
11,GEOUSP Espaço e Tempo (Online),1
11,Geografia (Rio Claro),1
11,Geographical Research,1
11,Geoheritage,1
11,Geriatric Nursing,1
11,IEEE Access,1
11,International Journal of Hydrology,1
11,Journal of Anatomy,1
11,Journal of Dynamical Systems and Geometric Theories,1
11,Journal of Geographic Information System,1
11,Journal of Hydroinformatics,1
11,Journal of Medical Science and Evidences.,1
11,Journal of Molecular Modeling,1
11,Journal of Physical Therapy Science,1
11,Journal of the Brazilian Society of Mechanical Sciences and Engineering,1
11,Lecture notes in civil engineering,1
11,Lecture notes in networks and systems,1
11,Memórias do Instituto Oswaldo Cruz,1
11,Microbial Ecology,1
11,Motriz Revista de Educação Física,1
11,Multidiscipline Modeling in Materials and Structures,1
11,Nucleus,1
11,Parasitology Research,1
11,Pensando - Revista de Filosofia,1
11,Periódico Eletrônico Fórum Ambiental da Alta Paulista.,1
11,Pesquisa Operacional para o Desenvolvimento,1
11,Philosophical Transactions of the Royal Society B Biological Sciences,1
11,"Portuguese National Funding Agency for Science, Research and Technology (RCAAP Project by FCT)",1
11,Psicologia Ciência e Profissão,1
11,PubMed,1
11,Raega - O Espaço Geográfico em Análise,1
11,Revista Baiana Saúde Pública,1
11,Revista Brasileira de Cartografia,1
11,Revista Brasileira de Climatologia,1
11,Revista Brasileira de Enfermagem,1
11,Revista Cereus,1
11,Revista Continentes,1
11,Revista Espaço e Geografia,1
11,Revista Estudos Anglo-Americanos,1
11,Revista Geonomos,1
11,Revista IBRACON de Estruturas e Materiais,1
11,Revista Principia - Divulgação Científica e Tecnológica do IFPB,1
11,Revista Projetar - Projeto e Percepção do Ambiente,1
11,Revista Psicologia Organizações e Trabalho,1
11,Revista Rural & Urbano,1
11,Revista Topus.,1
11,Revista Triângulo,1
11,Revista da Sociedade Brasileira de Arborização Urbana,1
11,Revista da Sociedade Brasileira de Medicina Tropical,1
11,Revista de Cultura e Extensão USP,1
11,Revista de Gestão Social e Ambiental,1
11,Revista de Patologia Tropical / Journal of Tropical Pathology,1
11,Revista do Instituto de Medicina Tropical de São Paulo,1
11,Revista gaúcha de enfermagem,1
11,Revista iberoamericana de ingeniería mecánica.,1
11,SaBios-Revista de Saúde e Biologia,1
11,Sao Paulo Medical Journal,1
11,Seven Editora eBooks,1
11,Sitientibus,1
11,Sociedade e Território,1
11,São Paulo Polo de Arte Contemporânea,1
11,Zenodo (CERN European Organization for Nuclear Research),1
12,Research Society and Development,7
12,Revista Brasileira de Ciência Tecnologia e Inovação,4
12,Conjecturas,3
12,Científica,2
12,Ciência Rural,2
12,International Journal of Biological Macromolecules,2
12,Agronomy Journal,1
12,Agronomía Colombiana,1
12,Biomaterials Advances,1
12,Bioresource Technology Reports,1
12,Caderno Pedagógico,1
12,Chemical Product and Process Modeling,1
12,Ciência e Natura,1
12,Current Medicinal Chemistry,1
12,Fish Physiology and Biochemistry,1
12,Fitoterapia,1
12,Food Materials Research,1
12,Food Science and Technology International,1
12,Forests,1
12,Frontiers in Microbiology,1
12,Gestão & Produção,1
12,Industrial & Engineering Chemistry Research,1
12,International Journal of Logistics Systems and Management,1
12,International Journal of Sustainable Engineering,1
12,Journal of Animal Science,1
12,Journal of Applied Entomology,1
12,Journal of Cleaner Production,1
12,Journal of Food Science,1
12,Journal of Molecular Catalysis B Enzymatic,1
12,Journal of Veterinary Diagnostic Investigation,1
12,Journal of bioenergy and Food Science,1
12,LA Referencia (Red Federada de Repositorios Institucionales de Publicaciones Científicas),1
12,Latin American Journal of Energy Research,1
12,Lubricants,1
12,PLANT PHYSIOLOGY,1
12,Particuology,1
12,PubMed,1
12,REVISTA CHILENA DE ENTOMOLOGÍA,1
12,Research Square,1
12,Research in Veterinary Science,1
12,Revista Acta Ambiental Catarinense,1
12,Revista Virtual de Química,1
12,Revista do Instituto de Latícinios Cândido Tostes,1
12,Rodriguésia,1
12,Scientia Plena,1
12,Scientific Electronic Archives,1
12,Sclerosis,1
12,Seven Editora eBooks,1
12,Soil and Tillage Research,1
12,Sustainability Science and Technology,1
12,The International Journal of Advanced Manufacturing Technology,1
12,Wear,1
12,bioRxiv (Cold Spring Harbor Laboratory),1
13,Environmental Education Research,2
13,Journal of Applied Physiology,2
13,Memórias do Instituto Oswaldo Cruz,2
13,Os Desafios da Geografia Física na Fronteira do Conhecimento,2
13,Revista Brasileira de Geografia Física,2
13,ACTIO Docência em Ciências,1
13,Animal Production Science,1
13,Anuário do Instituto de Geociências,1
13,BMC Psychology,1
13,Boletim Goiano de Geografia,1
13,Brazilian Journal of Development,1
13,Brazilian Journal of Implantology and Health Sciences,1
13,Cadernos de Saúde Pública,1
13,Caminhos de Geografia,1
13,Clinical Reviews in Allergy & Immunology,1
13,DOAJ (DOAJ: Directory of Open Access Journals),1
13,ENTRE-LUGAR,1
13,Environmental Chemistry Letters,1
13,GEOGRAFIA (Londrina),1
13,Geographical Research,1
13,Geography Department University of Sao Paulo,1
13,Geological Journal,1
13,IEEE Transactions on Communications,1
13,IEEE Transactions on Vehicular Technology,1
13,Insect Conservation and Diversity,1
13,International Journal of Nursing Practice,1
13,Journal of Biogeography,1
13,Journal of Zoology,1
13,Neuroepidemiology,1
13,Revista Agrogeoambiental,1
13,Revista Brasileira de Ciência Tecnologia e Inovação,1
13,Revista Brasileira de Climatologia,1
13,Revista Brasileira de Enfermagem,1
13,Revista Latino-Americana de Enfermagem,1
13,Revista da ANPEGE,1
13,Revista de Ensino de Biologia da SBEnBio,1
13,Scientia Agricola,1
13,Scientific Reports,1
13,Sport Sciences for Health,1
13,Temperature,1
13,Texto & Contexto - Enfermagem,1
13,The Journal of Strength and Conditioning Research,1
13,Theoretical Chemistry Accounts,1
13,Toxicon,1
13,Veterinary Parasitology,1
13,Zootaxa,1
13,Águas Subterrâneas,1
14,Cretaceous Research,12
14,Journal of South American Earth Sciences,6
14,Zootaxa,6
14,Brazilian Journal of Biology,5
14,Comparative Biochemistry and Physiology Part B Biochemistry and Molecular Biology,5
14,Livro de Resumos do X Congresso Brasileiro sobre Crustáceos,5
14,PLoS ONE,4
14,Revista da Sociedade Brasileira de Medicina Tropical,4
14,Acta Biologica Brasiliensia.,3
14,DOAJ (DOAJ: Directory of Open Access Journals),3
14,bioRxiv (Cold Spring Harbor Laboratory),3
14,Ameghiniana,2
14,Anais da Academia Brasileira de Ciências,2
14,Antibiotics,2
14,Aquatic Toxicology,2
14,Bacteria,2
14,Boletim do Instituto de Pesca,2
14,Comparative Biochemistry and Physiology Part A Molecular & Integrative Physiology,2
14,Concilium,2
14,Frontiers in Microbiology,2
14,Hematology Transfusion and Cell Therapy,2
14,Journal of Biomolecular Structure and Dynamics,2
14,Lethaia,2
14,Marine and Freshwater Research,2
14,Palaeogeography Palaeoclimatology Palaeoecology,2
14,PubMed,2
14,Research Society and Development,2
14,Research Square,2
14,Scientific Reports,2
14,Sedimentary Geology,2
14,The Journal of Membrane Biology,2
14,Urology,2
14,Acta Fisiátrica,1
14,Acta Limnologica Brasiliensia,1
14,Acta Ortopédica Brasileira,1
14,Acta Scientiarum Health Sciences,1
14,Alcheringa An Australasian Journal of Palaeontology,1
14,Ambiente e Agua - An Interdisciplinary Journal of Applied Science,1
14,American Journal of Medical Genetics Part A,1
14,Anais do Congresso Brasileiro da Associação Brasileira de Fisioterapia Traumato-Ortopédica - ABRAFITO,1
14,Anatomia Histologia Embryologia,1
14,Animal Reproduction Science,1
14,Annales Zoologici Fennici,1
14,Anti-Cancer Drugs,1
14,Anuário de Literatura,1
14,Aquatic Sciences,1
14,Arquivos Brasileiros de Neurocirurgia Brazilian Neurosurgery,1
14,Arquivos de Neuro-Psiquiatria,1
14,Austral Ecology,1
14,BMC Genomics,1
14,BMC Research Notes,1
14,Berichte aus der medizinischen Informatik und Bioinformatik/Journal of integrative bioinformatics,1
14,Biochimica et Biophysica Acta (BBA) - Biomembranes,1
14,Biologia,1
14,Biological Bulletin,1
14,Biological Journal of the Linnean Society,1
14,Bioorganic & Medicinal Chemistry Letters,1
14,Brazilian Journal of Chemical Engineering,1
14,Brazilian Journal of Medical and Biological Research,1
14,Brazilian Journal of Microbiology,1
14,Brazilian Journal of Veterinary Pathology,1
14,British Journal of Obstetrics and Gynaecology,1
14,Bulletin of Phylogenetic Nomenclature,1
14,Caderno Pedagógico,1
14,Cambridge University Press eBooks,1
14,Clinical Pharmacology & Therapeutics,1
14,Comparative Biochemistry and Physiology Part C Toxicology & Pharmacology,1
14,Comparative Exercise Physiology,1
14,Conjecturas,1
14,Current Issues in Molecular Biology,1
14,Current Microbiology,1
14,Data in Brief,1
14,Diversity,1
14,EPiC series in engineering,1
14,Environmental Biology of Fishes,1
14,Estuaries and Coasts,1
14,European Endodontic Journal,1
14,Eventos Científicos da Fundação Educacional de Ituverava,1
14,Experimental Biology and Medicine,1
14,Fish Physiology and Biochemistry,1
14,Fisheries Management and Ecology,1
14,Fisioterapia e Pesquisa,1
14,Frontiers in Immunology,1
14,Genetics and Molecular Biology,1
14,Geologia USP Série Científica,1
14,Gondwana Research,1
14,Hemoglobin,1
14,IOSR Journal of Pharmacy and Biological Sciences,1
14,Iheringia Série Zoologia,1
14,Iniciação Científica Cesumar,1
14,International Journal of Hydrology,1
14,Invertebrate Reproduction & Development,1
14,Journal of Agricultural Science,1
14,Journal of Biotechnology,1
14,Journal of Chinese Integrative Medicine,1
14,Journal of Education Science and Health,1
14,Journal of Experimental Zoology Part A Ecological and Integrative Physiology,1
14,Journal of Herpetology,1
14,Journal of Morphology,1
14,Journal of Natural History,1
14,Journal of Vertebrate Paleontology,1
14,Journal of Zoology,1
14,LWT,1
14,Marine Biodiversity,1
14,Marine Biology,1
14,Medical Express,1
14,"Medicina oral, patología oral y cirugía bucal",1
14,Medicine & Science in Sports & Exercise,1
14,Microbes and Infection,1
14,Microorganisms,1
14,Molecular and Cellular Biochemistry,1
14,Morphologie,1
14,Motriz Revista de Educação Física,1
14,Mycopathologia,1
14,Natural Product Communications,1
14,Nauplius,1
14,Neotropical Biology and Conservation,1
14,Neotropical Ichthyology,1
14,Ophthalmology,1
14,Orbital - The Electronic Journal of Chemistry,1
14,Parasites & Vectors,1
14,Parasitology,1
14,PeerJ,1
14,Pharmacological Reports,1
14,Photomedicine and Laser Surgery,1
14,Phyllomedusa Journal of Herpetology,1
14,Polar Biology,1
14,Radiologia Brasileira,1
14,Revista Brasileira de Biologia,1
14,Revista Brasileira de Ciência Tecnologia e Inovação,1
14,Revista Cereus,1
14,Revista Eletrônica em Gestão Educação e Tecnologia Ambiental,1
14,Revista Latino-Americana de Enfermagem,1
14,Revista Thema,1
14,Revista de Ciências Agroveterinárias,1
14,Scandinavian Journal of Immunology,1
14,Semina Ciências Agrárias,1
14,Stem Cell Research,1
14,Systematic Biology,1
14,The Brazilian Journal of Infectious Diseases,1
14,The Histochemical Journal,1
14,The Journal of Strength and Conditioning Research,1
14,The Laryngoscope,1
14,The Microbe,1
14,Toxicon,1
14,Transactions of the Royal Society of Tropical Medicine and Hygiene,1
14,VIREF revista de educación física,1
14,Venereology,1
15,Revista da Sociedade Brasileira de Medicina Tropical,6
15,LA Referencia (Red Federada de Repositorios Institucionales de Publicaciones Científicas),5
15,Phytotaxa,5
15,The Science of The Total Environment,5
15,PLoS ONE,4
15,Research Society and Development,4
15,Revista Brasileira de Ciência Tecnologia e Inovação,4
15,Zootaxa,4
15,Acta Tropica,3
15,Check List,3
15,Ciência Rural,3
15,Ecology and Evolution,3
15,Genome Announcements,3
15,Journal of Agricultural Science,3
15,REVISTA DE AGRICULTURA NEOTROPICAL,3
15,Revista Brasileira de Meio Ambiente,3
15,Revista Colombiana de Ciencias Hortícolas,3
15,ACTA ZOOLÓGICA MEXICANA (N S ),2
15,Acta Biologica Brasiliensia.,2
15,Acta Cirúrgica Brasileira,2
15,Anatomia Histologia Embryologia,2
15,Ciência Florestal,2
15,Floresta e Ambiente,2
15,Journal of Applied Microbiology,2
15,Microorganisms,2
15,PLoS neglected tropical diseases,2
15,Parasitology Research,2
15,Planta Daninha,2
15,Research Square,2
15,Revista Brasileira de Engenharia Agrícola e Ambiental,2
15,Rodriguésia,2
15,Scientia Plena,2
15,Soil Research,2
15,Zenodo (CERN European Organization for Nuclear Research),2
15,ACS Omega,1
15,Acta Botanica Brasilica,1
15,Acta Physiologiae Plantarum,1
15,Agroforestry Systems,1
15,Agronomy,1
15,Ambiente & sociedade,1
15,Americanae (AECID Library),1
15,Animal Biodiversity and Conservation,1
15,Animal Reproduction Science,1
15,Animals,1
15,Annals of Botany,1
15,Antibiotics,1
15,Applied Research,1
15,BMC Genomics,1
15,Biodiversity and Conservation,1
15,Biological Journal of the Linnean Society,1
15,Biomolecules,1
15,Bioorganic Chemistry,1
15,Bird Conservation International,1
15,Brazilian Archives of Biology and Technology,1
15,Brazilian Geographical Journal,1
15,Brazilian Journal of Biology,1
15,Brazilian Journal of Microbiology,1
15,Cadernos CIMEAC,1
15,Chemical Geology,1
15,Chemistry & Biodiversity,1
15,Científica,1
15,Ciência e Natura,1
15,Clinical & Experimental Immunology,1
15,Collectivus Revista de Ciencias Sociales,1
15,Colloquium Agrariae,1
15,Communications Biology,1
15,Conexão Ciência (Online),1
15,Conjecturas,1
15,Contribuciones a las Ciencias Sociales,1
15,Crop Science,1
15,Current Fungal Infection Reports,1
15,Current Microbiology,1
15,DOAJ (DOAJ: Directory of Open Access Journals),1
15,Data in Brief,1
15,Diagnostic Microbiology and Infectious Disease,1
15,Dialnet (Universidad de la Rioja),1
15,Diversity,1
15,EccoS – Revista Científica,1
15,Ecology Of Freshwater Fish,1
15,Enciclopédia Biosfera,1
15,Engenharia Sanitaria e Ambiental,1
15,EntomoBrasilis,1
15,Entomological Science,1
15,Environment Development and Sustainability,1
15,Evidência,1
15,Experimental Parasitology,1
15,FLORESTA,1
15,Forests,1
15,Frontiers in Cellular and Infection Microbiology,1
15,Frontiers in Microbiology,1
15,Frontiers in Plant Science,1
15,História da Ciência e Ensino construindo interfaces,1
15,Horticultura Brasileira,1
15,Ichnos/Ichnos : an international journal for plant and animal traces,1
15,Insect Biochemistry and Molecular Biology,1
15,International Journal for Parasitology,1
15,International Journal of Current Microbiology and Applied Sciences,1
15,International Journal of Environmental Health Research,1
15,International Journal of Research in Education and Science,1
15,Journal of Coloproctology,1
15,Journal of Experimental Botany,1
15,Journal of Geographic Information System,1
15,Journal of High Energy Physics,1
15,Journal of Insect Biodiversity,1
15,Journal of Medicinal Plants Research,1
15,Journal of Obstetrics and Gynaecology,1
15,Journal of Quaternary Science,1
15,Journal of Thermal Biology,1
15,Journal of Veterinary Science,1
15,Journal of the Botanical Research Institute of Texas,1
15,Junguiana,1
15,Lubricants,1
15,Mammalian Biology,1
15,Materials & Design,1
15,Mediators of Inflammation,1
15,Memórias do Instituto Oswaldo Cruz,1
15,Mercator,1
15,Microbial Pathogenesis,1
15,Microbiology Australia,1
15,Microbiology Resource Announcements,1
15,Motriz Revista de Educação Física,1
15,Mycopathologia,1
15,Nativa,1
15,Neotropical Entomology,1
15,Next Nanotechnology,1
15,Nucleic Acids Research,1
15,Ornamental Horticulture,1
15,Parasites & Vectors,1
15,PeerJ,1
15,Pesquisa Agropecuária Brasileira,1
15,Process Safety and Environmental Protection,1
15,Progress in Neuro-Psychopharmacology and Biological Psychiatry,1
15,RDBCI Revista Digital de Biblioteconomia e Ciência da Informação,1
15,Remote Sensing Applications Society and Environment,1
15,Research in Veterinary Science,1
15,Retratos de Assentamentos,1
15,Revista Acta Ambiental Catarinense,1
15,Revista Agrarian,1
15,Revista Ambiência,1
15,Revista Brasileira de Botânica,1
15,Revista Brasileira de Educação em Ciências e Educação Matemática,1
15,Revista Brasileira de Herbicidas,1
15,Revista Brasileira de Medicina do Esporte,1
15,Revista Brasileira de Tecnologia Aplicada nas Ciências Agrárias,1
15,Revista Brasileira de Zoociências,1
15,Revista CERES,1
15,Revista Fitos,1
15,Revista Geografias,1
15,Revista Sítio Novo,1
15,Revista Virtual de Química,1
15,Revista da Sociedade Brasileira de Arborização Urbana,1
15,Revista de Ciências Agrarias - Amazon Journal of Agricultural and Environmental Sciences,1
15,Revista de Ciências Agrárias,1
15,Revista de Direito da Cidade,1
15,Revista de Educação Popular,1
15,Revista de Gestão Social e Ambiental,1
15,Revista de la Facultad de Ciencias Agrarias UNCuyo,1
15,Revista em Agronegócio e Meio Ambiente,1
15,Revista Ártemis,1
15,Rhizosphere,1
15,SaBios-Revista de Saúde e Biologia,1
15,Scientific Reports,1
15,Seeds,1
15,South African Journal of Botany,1
15,Southern Forests a Journal of Forest Science,1
15,Sustainability,1
15,The Anatomical Record,1
15,Ticks and Tick-borne Diseases,1
15,Toxicon,1
15,Unifunec Científica Multidisciplinar,1
15,Vector-Borne and Zoonotic Diseases,1
15,Veterinary Sciences,1
15,Water Resources Management,1
15,Willdenowia - Annals of the Botanic Garden and Botanical Museum Berlin-Dahlem,1
15,ZooKeys,1
15,Zoomorphology,1
15,bioRxiv (Cold Spring Harbor Laboratory),1
15,genesis,1
16,Zenodo (CERN European Organization for Nuclear Research),8
16,DOAJ (DOAJ: Directory of Open Access Journals),4
16,Revista Bioética,4
16,Estudos Interdisciplinares em Psicologia,3
16,Revista Família Ciclos de Vida e Saúde no Contexto Social,3
16,Revista Latino-Americana de Enfermagem,3
16,Revista Triângulo,3
16,Revista de Enfermagem e Atenção à Saúde,3
16,Americanae (AECID Library),2
16,Ciência & Saúde Coletiva,2
16,Journal of High Energy Physics,2
16,PubMed,2
16,Research Society and Development,2
16,Revista Brasileira de Enfermagem,2
16,Revista HISTEDBR On-line,2
16,Revista Latinoamericana de Estudios Críticos Animales,2
16,Revista Vertentes do Direito,2
16,Revista da SPAGESP,2
16,Semina Ciências Sociais e Humanas,2
16,A&C - Revista de Direito Administrativoe & Constitucional,1
16,ABCD Arquivos Brasileiros de Cirurgia Digestiva (São Paulo),1
16,Acta Scientiarum. Technology/Acta scientiarum. Technology,1
16,Alfa,1
16,Analytica: Revista de Psicanálise,1
16,Annals of Microbiology,1
16,Applied Soft Computing,1
16,Bakhtiniana Revista de Estudos do Discurso,1
16,Bioinformatics and Biology Insights,1
16,Biological Journal of the Linnean Society,1
16,Biosensors,1
16,Brazilian Journal of Biometrics,1
16,Brazilian Journal of Development,1
16,Brazilian Journal of Operations & Production Management,1
16,Cadernos Brasileiros de Terapia Ocupacional ,1
16,Cadernos Cajuína,1
16,Cadernos de Pesquisa,1
16,Cadernos de pesquisa do CDHIS,1
16,Canadian Journal of Kidney Health and Disease,1
16,Chemical Engineering & Technology,1
16,Civitas - Revista de Ciências Sociais,1
16,Ciências sociais aplicadas em revista,1
16,Computers in Biology and Medicine,1
16,Dialnet (Universidad de la Rioja),1
16,Dialogia,1
16,Discurso & sociedad,1
16,Educação,1
16,Educação Unisinos,1
16,Enfermería Global,1
16,Epilepsy & Behavior,1
16,Estudos Linguísticos (São Paulo 1978),1
16,European Economic Letters (EEL),1
16,Expert Systems with Applications,1
16,Extensio Revista Eletrônica de Extensão,1
16,Figshare,1
16,Frontiers in Bioinformatics,1
16,Genomics,1
16,II INTERNATIONAL SEVEN MULTIDISCIPLINARY CONGRESS,1
16,Ilha Revista de Antropologia,1
16,Iniciação & Formação Docente,1
16,Interface - Comunicação Saúde Educação,1
16,International Journal of Advanced Engineering Research and Science,1
16,International Journal of Environmental Research and Public Health,1
16,International Journal of Peptide Research and Therapeutics,1
16,Journal of Aerospace Technology and Management,1
16,Journal of Intelligent Transportation Systems,1
16,Journal of Management Science & Engineering research,1
16,Journal of Software Evolution and Process,1
16,Journal of The Electrochemical Society,1
16,Journal of the American Medical Directors Association,1
16,Journal of the Turkish-German Gynecological Association,1
16,Latin American Journal of Solids and Structures,1
16,Latitude,1
16,Lecture notes in computer science,1
16,Mediações Revista de Ciências Sociais,1
16,Medicina (Ribeirão Preto),1
16,Motriz Revista de Educação Física,1
16,Nature Physics,1
16,O Mundo da Saúde,1
16,PLoS ONE,1
16,Pediatric Blood & Cancer,1
16,Pensando - Revista de Filosofia,1
16,Pesquisa Operacional,1
16,Physis Revista de Saúde Coletiva,1
16,Poiésis - Revista do Programa de Pós-Graduação em Educação,1
16,Preprints.org,1
16,Procedia - Social and Behavioral Sciences,1
16,Production,1
16,Práxis Educacional,1
16,Psicologia Ciência e Profissão,1
16,Psicologia em Estudo,1
16,RECIMA21 - Revista Científica Multidisciplinar - ISSN 2675-6218,1
16,REUNIR Revista de Administração Contabilidade e Sustentabilidade,1
16,Rehabilitation Psychology,1
16,Research Square,1
16,Revista Brasileira Multidisciplinar,1
16,Revista Brasileira de Direitos Fundamentais & Justiça,1
16,Revista Brasileira de Educação do Campo,1
16,Revista Brasileira de História,1
16,Revista Brasileira de Odontologia Legal,1
16,Revista Desenvolvimento Social,1
16,Revista Eletrônica de Enfermagem,1
16,Revista Inter-Ação,1
16,Revista Intertexto,1
16,Revista Latinoamericana de Ciencias Sociales Niñez y Juventud,1
16,Revista Maracanan,1
16,Revista NUPEM,1
16,Revista Opinião Filosófica,1
16,Revista Psicologia Política,1
16,Revista Sociais e Humanas,1
16,Revista Subjetividades,1
16,Revista Temas Sociais,1
16,Revista de Direito Administrativo,1
16,Revista de Estudos AntiUtilitaristas e PosColoniais,1
16,"Revista de Humanidades, Tecnologia e Cultura",1
16,Revista de Políticas Públicas,1
16,Revista de Salud Pública,1
16,Revista do Serviço Público,1
16,Revista gaúcha de enfermagem,1
16,SSRN Electronic Journal,1
16,Sao Paulo Medical Journal,1
16,Saúde e Desenvolvimento Humano,1
16,Serviço Social em Revista,1
16,"South American Journal of Basic Education, Technical and Technological",1
16,Sustainable agriculture reviews,1
16,Tempo Psicanalítico,1
16,Tissue Antigens,1
16,Topics in Stroke Rehabilitation,1
16,Tr&iacute ade comunica&ccedil &atilde o cultura e m&iacute dia,1
16,Tradterm,1
16,VínculorevistadoNesme,1
16,World Journal of Hepatology,1
17,Dialogia,3
17,Histopathology,3
17,Revista da Sociedade Brasileira de Medicina Tropical,3
17,Anais da Academia Brasileira de Ciências,2
17,Archives of Pediatric Neurosurgery,2
17,Research Society and Development,2
17,Academia Drug Development and Pharmacotherapy,1
17,Acta Fisiátrica,1
17,Americanae (AECID Library),1
17,Anais ... Encontro Nacional de Engenharia de Produção/Anais do Encontro Nacional de Engenharia de Produção,1
17,Annals of Medicine,1
17,Arquivos Brasileiros de Oftalmologia,1
17,Biomédica,1
17,Bioscience Journal,1
17,Brazilian Business Review,1
17,Brazilian Journal of Medical and Biological Research,1
17,Bulletin of the World Health Organization,1
17,Cadernos de Linguística e Teoria da Literatura (Universidade Federal de Minas Gerais),1
17,Cerebellum & Ataxias,1
17,Ciência & Saúde Coletiva,1
17,Computers in Biology and Medicine,1
17,Contribuciones a las Ciencias Sociales,1
17,Cureus,1
17,Disability and Rehabilitation Assistive Technology,1
17,Ensino Saude e Ambiente,1
17,Escola Anna Nery,1
17,Estudos Interdisciplinares sobre o Envelhecimento,1
17,Estudos de Psicologia (Natal),1
17,European Journal of Public Health,1
17,European Journal of Therapeutics,1
17,Expert Systems with Applications,1
17,"Gondola/Góndola, enseñanza y aprendizaje de las ciencias",1
17,Infection Genetics and Evolution,1
17,International Journal of Environmental Research and Public Health,1
17,International Security,1
17,Journal Plus Education,1
17,Journal of Human Immunity,1
17,Journal of Microbiological Methods,1
17,Journal of Molecular Diagnostics,1
17,Journal of Neurology & Stroke,1
17,Journal of the European Academy of Dermatology and Venereology,1
17,LA Referencia (Red Federada de Repositorios Institucionales de Publicaciones Científicas),1
17,Microbial Pathogenesis,1
17,Motriz Revista de Educação Física,1
17,Parasitology,1
17,Production Planning & Control,1
17,Psicologia Reflexão e Crítica,1
17,PubMed,1
17,RECIMA21 - Revista Científica Multidisciplinar - ISSN 2675-6218,1
17,Revista Brasileira de Atividade Física & Saúde,1
17,Revista Brasileira de Ciências do Envelhecimento Humano,1
17,Revista Brasileira de Enfermagem,1
17,Revista Brasileira de Inovação Tecnológica em Saúde ISSN 2236-1103,1
17,Revista Cesumar – Ciências Humanas e Sociais Aplicadas,1
17,Revista Eletrônica de Enfermagem,1
17,Revista EntreLinguas,1
17,Revista Família Ciclos de Vida e Saúde no Contexto Social,1
17,Revista Inovação Projetos e Tecnologias,1
17,Revista Latino-Americana de Enfermagem,1
17,Revista da SPAGESP,1
17,Revista de Enfermagem UFPE on line,1
17,Revista de Gestão e Secretariado (Management and Administrative Professional Review),1
17,Revista gaúcha de enfermagem,1
17,Scientific Reports,1
17,SensePublishers eBooks,1
17,Sustainability,1
17,The Open Nursing Journal,1
17,The TQM Journal,1
17,Transforming Government People Process and Policy,1
17,Transfusion,1
17,Transfusion and Apheresis Science,1
17,ULTRASONOGRAPHY,1
17,Virus Research,1
17,bioRxiv (Cold Spring Harbor Laboratory),1
2,Revista da Sociedade Brasileira de Medicina Tropical,13
2,Genetics and Molecular Research,9
2,Hematology Transfusion and Cell Therapy,9
2,Journal of Coloproctology,9
2,PubMed,9
2,Parasitology Research,8
2,Blucher Chemical Engineering Proceedings,7
2,Brazilian Journal of Development,6
2,LA Referencia (Red Federada de Repositorios Institucionales de Publicaciones Científicas),6
2,Nutrition,6
2,Radiologia Brasileira,6
2,DOAJ (DOAJ: Directory of Open Access Journals),5
2,International Journal of Health Science,5
2,Research Society and Development,5
2,Jornal de Pediatria,4
2,Nutrients,4
2,PLoS ONE,4
2,Revista da Associação Médica Brasileira,4
2,ACS Omega,3
2,Archives of Gynecology and Obstetrics,3
2,Arquivos Brasileiros de Cardiologia,3
2,Australian Journal of Crop Science,3
2,Bioscience Journal,3
2,Clinical Nutrition,3
2,Clinical Nutrition ESPEN,3
2,Conjecturas,3
2,Elsevier eBooks,3
2,International Journal of Advanced Engineering Research and Science,3
2,International Journal of Biological Macromolecules,3
2,Life Sciences,3
2,Placenta,3
2,REVISTA DE AGRICULTURA NEOTROPICAL,3
2,Revista Brasileira de Ciência Tecnologia e Inovação,3
2,Revista Brasileira de Epidemiologia,3
2,Revista Virtual de Química,3
2,Revista chilena de nutrición,3
2,Revista de Medicina,3
2,SSRN Electronic Journal,3
2,Tropical Animal Health and Production,3
2,Acta Cirúrgica Brasileira,2
2,Acta Paulista de Enfermagem,2
2,Acta Scientiarum Agronomy,2
2,Americanae (AECID Library),2
2,Annals of Diagnostic Pathology,2
2,Applied Biochemistry and Biotechnology,2
2,Archiv für Pathologische Anatomie und Physiologie und für Klinische Medicin,2
2,Arquivos Brasileiros de Endocrinologia & Metabologia,2
2,Biomass Conversion and Biorefinery,2
2,Ciência & Saúde Coletiva,2
2,Ciência Cuidado e Saúde,2
2,Clinics,2
2,Communications in Soil Science and Plant Analysis,2
2,Editora Creative eBooks,2
2,Endocrine Pathology,2
2,Ensino Saude e Ambiente,2
2,Euphytica,2
2,Food Bioscience,2
2,HAL (Le Centre pour la Communication Scientifique Directe),2
2,International Journal of Nutrology,2
2,International Journal of Sports Medicine,2
2,Investigative Ophthalmology & Visual Science,2
2,Journal of Agricultural Science,2
2,Journal of Agricultural and Food Chemistry,2
2,Journal of Human Nutrition and Dietetics,2
2,Medical Mycology,2
2,Microbial Pathogenesis,2
2,Molecular Diversity,2
2,O Mundo da Saúde,2
2,Obstetrics & Gynecology Open Access,2
2,Pathology - Research and Practice,2
2,Pesquisa Agropecuária Brasileira,2
2,Probiotics and Antimicrobial Proteins,2
2,Química Nova,2
2,REVISTA DO INSTITUTO ADOLFO LUTZ,2
2,Reproductive Sciences,2
2,Revista Brasileira de Medicina do Esporte,2
2,Revista Brasileira em Promoção da saúde,2
2,Revista Colombiana de Ciencias Hortícolas,2
2,Revista de Saúde Pública,2
2,Scientific Reports,2
2,Semina Ciências Agrárias,2
2,Theriogenology Wild,2
2,Tissue and Cell,2
2,AMB Express,1
2,Acta Agronómica,1
2,Acta Alimentaria,1
2,Acta Parasitologica,1
2,Agriculture,1
2,Agronomía Colombiana,1
2,Agropecuária Técnica,1
2,Alzheimer s & Dementia,1
2,American Journal of Human Biology,1
2,American Journal of Medical Genetics,1
2,American Journal of Obstetrics and Gynecology,1
2,American Journal of Tropical Medicine and Hygiene,1
2,Anais ... Encontro Nacional de Engenharia de Produção/Anais do Encontro Nacional de Engenharia de Produção,1
2,Anais da Academia Brasileira de Ciências,1
2,Anais do Congresso Brasileiro de Reumatologia 2020,1
2,Annales Pharmaceutiques Françaises,1
2,Annals of Tropical Medicine and Parasitology,1
2,Appetite,1
2,Applied Surface Science,1
2,Arquivo Brasileiro de Medicina Veterinária e Zootecnia,1
2,Arquivos de Neuro-Psiquiatria,1
2,BMC Microbiology,1
2,BMJ Public Health,1
2,BRAD Cases.,1
2,Behavioural Brain Research,1
2,Beilstein Journal of Nanotechnology,1
2,Biological Trace Element Research,1
2,Biomaterials Advances,1
2,Biomedicine & Pharmacotherapy,1
2,Blood Cells Molecules and Diseases,1
2,Botany Letters,1
2,Brazilian Applied Science Review,1
2,Brazilian Archives of Biology and Technology,1
2,Brazilian Geographical Journal,1
2,Brazilian Journal Of Pain,1
2,Brazilian Journal of Anesthesiology,1
2,Brazilian Journal of Anesthesiology (English Edition),1
2,Brazilian Journal of Health Review,1
2,Brazilian Journal of Kinanthropometry and Human Performance,1
2,Brazilian Journal of Microbiology,1
2,Brazilian Journal of Otorhinolaryngology,1
2,Brazilian Journal of Science,1
2,British Journal Of Nutrition,1
2,Bulletin of Materials Science,1
2,Cadernos de Agroecologia,1
2,Cambridge University Press eBooks,1
2,Chemistry and Physics of Lipids,1
2,Child s Nervous System,1
2,Científica,1
2,Ciência Agronômica/Revista ciência agronômica,1
2,Ciência Rural,1
2,Clinical & Biomedical Research,1
2,Clinical & Translational Oncology,1
2,Clinical Endocrinology,1
2,Colombia medica,1
2,Computers in Biology and Medicine,1
2,Crop Science,1
2,Current Nutrition Reports,1
2,Current Research in Food Science,1
2,Cytokine X,1
2,Dental Materials,1
2,Dialnet (Universidad de la Rioja),1
2,Drug Metabolism and Personalized Therapy,1
2,Editora Científica Digital eBooks,1
2,Enciclopédia Biosfera,1
2,Engenharia Agrícola,1
2,European Biophysics Journal,1
2,European Journal of Medicinal Plants,1
2,European Journal of Nutrition,1
2,Experimental Parasitology,1
2,F&S Science,1
2,Food Biophysics,1
2,Food and Humanity,1
2,Foods,1
2,Frontiers in Cellular and Infection Microbiology,1
2,Frontiers in Microbiology,1
2,Frontiers in Public Health,1
2,Future Microbiology,1
2,Genome Announcements,1
2,Geoconexões online,1
2,Geriatrics and gerontology international/Geriatrics & gerontology international,1
2,Greater South Information System,1
2,Gut Microbes,1
2,Gut Pathogens,1
2,Helminthologia,1
2,IBRO Neuroscience Reports,1
2,IEEE Latin America Transactions,1
2,Immunotherapy,1
2,IntechOpen eBooks,1
2,Interciencia,1
2,Interdisciplinary cancer research,1
2,International Journal for Vitamin and Nutrition Research,1
2,International Journal of Cardiology,1
2,International Journal of Environmental Research and Public Health,1
2,International Journal of Food Sciences and Nutrition,1
2,International Journal of Morphology,1
2,International Journal of Research -GRANTHAALAYAH,1
2,International Journal of Sports and Exercise Medicine,1
2,International journal of cardiac imaging,1
2,JAIDS Journal of Acquired Immune Deficiency Syndromes,1
2,Jornal Brasileiro de Psiquiatria,1
2,Jornal de Pediatria (Versão em Português),1
2,Journal of Agricultural Sciences Research (2764-0973),1
2,Journal of Agronomy and Crop Science,1
2,Journal of Animal Science,1
2,Journal of Biomolecular Structure and Dynamics,1
2,Journal of Clinical Ultrasound,1
2,Journal of Dairy Research,1
2,Journal of Diabetes and its Complications,1
2,Journal of Dietary Supplements,1
2,Journal of Economics and Sustainable Development,1
2,Journal of Engineering Research,1
2,Journal of Environmental Science and Health Part B,1
2,Journal of Food Process Engineering,1
2,Journal of Gastrointestinal Cancer,1
2,Journal of Health Sciences,1
2,Journal of Human Growth and Development,1
2,Journal of Human Nutrition and Food Science,1
2,Journal of Human Sport and Exercise,1
2,Journal of Materials Science,1
2,Journal of Medical Systems,1
2,Journal of Molecular Modeling,1
2,Journal of Motor Behavior,1
2,Journal of Nursing and Health,1
2,Journal of Nutrition,1
2,Journal of Obstetrics and Gynaecology,1
2,Journal of Parasitic Diseases,1
2,Journal of Parenteral and Enteral Nutrition,1
2,Journal of Physical Education and Human Movement,1
2,Journal of Sol-Gel Science and Technology,1
2,Journal of Veterinary Diagnostic Investigation,1
2,Journal of Vibration Engineering & Technologies,1
2,Journal of Visualized Experiments,1
2,Journal of the American Academy of Dermatology,1
2,Journal of the Endocrine Society,1
2,Kidney International,1
2,Lasers in Medical Science,1
2,Livestock Science,1
2,Livro de Resumos do X Congresso Brasileiro sobre Crustáceos,1
2,Materials Research,1
2,Materials Research Express,1
2,Materials science forum,1
2,Maternal and Child Health Journal,1
2,Medicina (Ribeirão Preto),1
2,Memórias do Instituto Oswaldo Cruz,1
2,Metabolism,1
2,Mini-invasive Surgery,1
2,Modern Pathology,1
2,Molecular Genetics and Metabolism,1
2,Molecules,1
2,Mycopathologia,1
2,Nano Trends,1
2,Nativa,1
2,NeuroToxicology,1
2,Neuroradiology,1
2,Neuroscience,1
2,Neurosurgical Review,1
2,Next Materials,1
2,Nutrire,1
2,Nutrition Metabolism and Cardiovascular Diseases,1
2,Nutrivisa Revista de Nutrição e Vigilância em Saúde,1
2,Nutrição Brasil,1
2,O biologico,1
2,Pediatric Nephrology,1
2,Pest Management Science,1
2,Pharmaceutical Research,1
2,Pharmacological Research - Natural Products,1
2,Physiology & Behavior,1
2,"Pioneers in arts, humanities, science, engineering, practice",1
2,Plant Foods for Human Nutrition,1
2,Plant Physiology and Biochemistry,1
2,Plants,1
2,"Portuguese National Funding Agency for Science, Research and Technology (RCAAP Project by FCT)",1
2,Potato Research,1
2,Progress in Neuro-Psychopharmacology and Biological Psychiatry,1
2,Psychiatry Research,1
2,PubVet,1
2,Public Health Nutrition,1
2,RBPFEX - Revista Brasileira de Prescrição e Fisiologia do Exercício,1
2,REVISTA BRASILEIRA DE AGROECOLOGIA,1
2,REVISTA NERA,1
2,Reproductive Biology,1
2,Research in Sports Medicine,1
2,Revista Agro mbiente On-line,1
2,Revista Brasileira Ginecologia e Obstetrícia,1
2,Revista Brasileira de Agricultura Irrigada,1
2,Revista Brasileira de Botânica,1
2,Revista Brasileira de Ciência do Solo,1
2,Revista Brasileira de Ciência e Movimento,1
2,Revista Brasileira de Medicina do Trabalho,1
2,Revista Brasileira de Odontologia,1
2,Revista Brasileira de Qualidade de Vida,1
2,Revista Brasileira de Reumatologia,1
2,Revista Caatinga,1
2,Revista Campo-Território,1
2,Revista Científica da Escola Estadual de Saúde Pública de Goiás *Cândido Santiago*,1
2,Revista Cultura Agronômica,1
2,Revista Eletrônica de Enfermagem,1
2,Revista Em Extensão,1
2,Revista Enfermagem Atual In Derme,1
2,Revista Enfermagem UERJ,1
2,Revista Engenharia na Agricultura - REVENG,1
2,Revista Facultad Nacional de Agronomía Medellín,1
2,Revista Iberoamericana de Micología,1
2,Revista Inova Ciência & Tecnologia / Innovative Science & Technology Journal,1
2,Revista Interinstitucional Brasileira de Terapia Ocupacional - REVISBRATO,1
2,Revista Paulista de Pediatria,1
2,Revista Portuguesa de Pneumologia,1
2,Revista Rede de Cuidados em Saúde,1
2,Revista de Atenção à Saúde,1
2,Revista de Ciências Agrarias - Amazon Journal of Agricultural and Environmental Sciences,1
2,Revista de Gastroenterología de México (English Edition),1
2,Revista de Nutrição,1
2,Revista de Pesquisa Cuidado é Fundamental Online,1
2,Revista de Salud Pública,1
2,Revista do Hospital das Clínicas,1
2,Revista gaúcha de enfermagem,1
2,Sapienza International Journal of Interdisciplinary Studies,1
2,Saúde (Santa Maria),1
2,Saúde e Desenvolvimento Humano,1
2,Saúde e Sociedade,1
2,Scientia Agropecuaria,1
2,Scientific Electronic Archives,1
2,Segurança Alimentar e Nutricional,1
2,Seven Editora eBooks,1
2,Sleep And Breathing,1
2,Small Ruminant Research,1
2,Soil and Tillage Research,1
2,Sport Sciences for Health,1
2,Sports Medicine,1
2,Studies in natural products chemistry,1
2,Sugar Tech,1
2,Surgery for Obesity and Related Diseases,1
2,Surgical & Cosmetic Dermatology,1
2,Sustainability Science and Technology,1
2,The Journal of the Food and Culture of the Americas,1
2,The Lancet,1
2,The journal of nutrition health & aging,1
2,Translational Pediatrics,1
2,Trials,1
2,WFNOS 2022 Abstract Book,1
2,World Journal of Gastroenterology,1
2,journal of physical education,1
2,médecine/sciences,1
3,Revista da Sociedade Brasileira de Medicina Tropical,135
3,Research Society and Development,71
3,PubMed,69
3,Revista Família Ciclos de Vida e Saúde no Contexto Social,61
3,Brazilian Journal of Health Review,51
3,Hematology Transfusion and Cell Therapy,43
3,LA Referencia (Red Federada de Repositorios Institucionales de Publicaciones Científicas),37
3,Brazilian Journal of Implantology and Health Sciences,34
3,Revista Brasileira Ginecologia e Obstetrícia,34
3,Revista Brasileira de Hematologia e Hemoterapia,30
3,Revista da Associação Médica Brasileira,30
3,Revista de Enfermagem e Atenção à Saúde,29
3,PLoS ONE,27
3,Journal of Coloproctology,26
3,Research Square,26
3,Revista Brasileira de Enfermagem,24
3,Revista do Instituto de Medicina Tropical de São Paulo,24
3,Revista Eletrônica de Enfermagem,22
3,The Brazilian Journal of Infectious Diseases,22
3,DOAJ (DOAJ: Directory of Open Access Journals),21
3,Revista Latino-Americana de Enfermagem,21
3,Texto & Contexto - Enfermagem,18
3,Annals of Diagnostic Pathology,17
3,Arquivos de Neuro-Psiquiatria,17
3,Mediators of Inflammation,17
3,Memórias do Instituto Oswaldo Cruz,17
3,Journal of Bodywork and Movement Therapies,16
3,Revista da Escola de Enfermagem da USP,16
3,Sao Paulo Medical Journal,16
3,Acta Paulista de Enfermagem,15
3,Arquivos Brasileiros de Endocrinologia & Metabologia,15
3,Revista Brasileira de Reumatologia,15
3,Revista Enfermagem UERJ,15
3,Ciência & Saúde Coletiva,14
3,Fisioterapia em Movimento,14
3,Motriz Revista de Educação Física,14
3,"Revista Ibero-Americana de Humanidades, Ciências e Educação",14
3,Ciência Cuidado e Saúde,13
3,Escola Anna Nery,13
3,Pathology - Research and Practice,13
3,Radiologia Brasileira,13
3,Redalyc (Universidad Autónoma del Estado de México),13
3,Revista Brasileira de Atividade Física & Saúde,13
3,Revista gaúcha de enfermagem,13
3,The Journal of Immunology,13
3,Anais do Congresso Brasileiro da Associação Brasileira de Fisioterapia Traumato-Ortopédica - ABRAFITO,12
3,Bioscience Journal,12
3,Brazilian Journal of Nephrology,12
3,Clinics,12
3,ConScientiae Saúde,12
3,Revista de Patologia Tropical / Journal of Tropical Pathology,12
3,The Journal of Maternal-Fetal & Neonatal Medicine,12
3,Acta Ortopédica Brasileira,11
3,Archives of Gynecology and Obstetrics,11
3,Autonomic Neuroscience,11
3,Brazilian Journal of Anesthesiology,11
3,Journal of Hypertension,11
3,Medicina (Ribeirão Preto),11
3,Revista Brasileira de Ortopedia,11
3,Revista Eletrônica Acervo Saúde,11
3,The FASEB Journal,11
3,Immunobiology,10
3,Revista de Pesquisa Cuidado é Fundamental Online,10
3,The Journal of Strength and Conditioning Research,10
3,ABCD Arquivos Brasileiros de Cirurgia Digestiva (São Paulo),9
3,Arquivos Brasileiros de Cardiologia,9
3,Arquivos de Ciências do Esporte,9
3,BioMed Research International,9
3,Brazilian Journal of Development,9
3,Cadernos de Saúde Pública,9
3,Cogitare Enfermagem,9
3,Fisioterapia e Pesquisa,9
3,Revista de Enfermagem UFPE on line,9
3,ABCS Health Sciences,8
3,Acta Biologica Brasiliensia.,8
3,Acta Cirúrgica Brasileira,8
3,Editora Científica Digital eBooks,8
3,Enfermería Global,8
3,Frontiers in Immunology,8
3,Medical Mycology,8
3,Menopause The Journal of The North American Menopause Society,8
3,Revista Brasileira de Geriatria e Gerontologia,8
3,Revista Neurociências,8
3,Revista de Atenção à Saúde,8
3,Revista de Terapia Ocupacional da Universidade de São Paulo,8
3,Revista do Colégio Brasileiro de Cirurgiões,8
3,Tumori Journal,8
3,Acta Fisiátrica,7
3,American Journal of Tropical Medicine and Hygiene,7
3,Brazilian Journal of Medical and Biological Research,7
3,International Journal of Environmental Research and Public Health,7
3,International Journal of Molecular Sciences,7
3,Life Sciences,7
3,PLoS neglected tropical diseases,7
3,Revista de Epidemiologia e Controle de Infecção,7
3,Americanae (AECID Library),6
3,Archives of Endocrinology and Metabolism,6
3,Brazilian Journal of Anesthesiology (English Edition),6
3,Brazilian Journal of Case Reports,6
3,Brazilian Journal of Otorhinolaryngology,6
3,Disease Markers,6
3,Fetal and Pediatric Pathology,6
3,Immunology Letters,6
3,Jornal Brasileiro de Patologia e Medicina Laboratorial,6
3,Rev Rene,6
3,Revista Brasileira de Cancerologia,6
3,Revista de Saúde Pública,6
3,Scientific Reports,6
3,Arquivos de Ciências da Saúde da UNIPAR,5
3,Brazilian Journal of Kinanthropometry and Human Performance,5
3,Brazilian Journal of Physical Therapy,5
3,CADERNOS DE EDUCAÇÃO SAÚDE E FISIOTERAPIA,5
3,Clinical Medicine Insights Oncology,5
3,Experimental Gerontology,5
3,Experimental Parasitology,5
3,Human Immunology,5
3,Immunological Investigations,5
3,International Immunopharmacology,5
3,International Journal of Cardiology,5
3,International journal of exercise science,5
3,Jornal Brasileiro de Pneumologia,5
3,Journal of Biomolecular Structure and Dynamics,5
3,Journal of Immunology Research,5
3,Journal of Obstetrics and Gynaecology,5
3,Journal of the American College of Cardiology,5
3,Mutation Research/Genetic Toxicology and Environmental Mutagenesis,5
3,Oncology Letters,5
3,Pacing and Clinical Electrophysiology,5
3,Parasitology Research,5
3,Revista Brasileira de Epidemiologia,5
3,Revista Brasileira de Saúde Materno Infantil,5
3,Revista Portuguesa de Pneumologia,5
3,Revista de Enfermagem da UFSM,5
3,Revista do Hospital das Clínicas,5
3,Saúde e Desenvolvimento Humano,5
3,Seven Editora eBooks,5
3,Acta Tropica,4
3,Anais da Academia Brasileira de Ciências,4
3,Applied Physiology Nutrition and Metabolism,4
3,Arquivos de Gastroenterologia,4
3,BMC Infectious Diseases,4
3,BMC Nephrology,4
3,Biomedicines,4
3,Clinical Immunology,4
3,Cuadernos de Educación y Desarrollo,4
3,Einstein (São Paulo),4
3,Elsevier eBooks,4
3,Epidemiologia e Serviços de Saúde,4
3,European Journal of Obstetrics & Gynecology and Reproductive Biology,4
3,Experimental Physiology,4
3,Frontiers in Physiology,4
3,Human Pathology,4
3,Hygeia - Revista Brasileira de Geografia Médica e da Saúde,4
3,International Journal of Sports Medicine,4
3,Journal of Clinical Ultrasound,4
3,Journal of Stroke and Cerebrovascular Diseases,4
3,Microscopy Research and Technique,4
3,Mycopathologia,4
3,Parasitology,4
3,PeerJ,4
3,Preprints.org,4
3,RECIMA21 - Revista Científica Multidisciplinar - ISSN 2675-6218,4
3,Revista Brasileira de Medicina do Esporte,4
3,Revista Brasileira de Ortopedia (English Edition),4
3,Revista Brasileira de Saúde Ocupacional,4
3,Revista Foco,4
3,Revista Interinstitucional Brasileira de Terapia Ocupacional - REVISBRATO,4
3,Revista Paulista de Pediatria,4
3,Revista Sociedade Científica,4
3,SSRN Electronic Journal,4
3,Scandinavian Journal of Immunology,4
3,Surgical and Experimental Pathology,4
3,Transplantation Proceedings,4
3,bioRxiv (Cold Spring Harbor Laboratory),4
3,medRxiv,4
3,Acta Scientiarum Health Sciences,3
3,Archiv für Pathologische Anatomie und Physiologie und für Klinische Medicin,3
3,Archives of Oral Biology,3
3,Archives of Pediatric Neurosurgery,3
3,Autopsy and Case Reports,3
3,Behavioural Brain Research,3
3,Biomarkers,3
3,Bioorganic & Medicinal Chemistry Letters,3
3,Brazilian Journal of Cardiovascular Surgery,3
3,Cadernos Saúde Coletiva,3
3,Clinical Infectious Diseases,3
3,Clinical Nutrition ESPEN,3
3,Clinical and Developmental Immunology,3
3,Concilium,3
3,Dialnet (Universidad de la Rioja),3
3,Figshare,3
3,Fisioterapia Brasil,3
3,Frontiers in Cellular and Infection Microbiology,3
3,Gene,3
3,Gynecologic and Obstetric Investigation,3
3,HU Revista,3
3,Hypertension,3
3,Interação em Psicologia,3
3,Jornal Brasileiro de Psiquiatria,3
3,Jornal Vascular Brasileiro,3
3,Jornal de Pediatria,3
3,Journal of Clinical Nursing,3
3,Journal of Electromyography and Kinesiology,3
3,Journal of Fungi,3
3,Journal of Gastrointestinal Cancer,3
3,Journal of Inorganic Biochemistry,3
3,Journal of Pediatric Surgery,3
3,Journal of Tropical Medicine,3
3,Journal of the Brazilian Chemical Society,3
3,Lupus,3
3,Mastology,3
3,Medicine & Science in Sports & Exercise,3
3,Mycoses,3
3,Peer Review,3
3,Pharmaceutics,3
3,Pregnancy Hypertension,3
3,Revista Brasileira de Oftalmologia,3
3,Revista Brasileira de Otorrinolaringologia,3
3,Revista Brasileira de Reumatologia (English Edition),3
3,Revista Brasileira de Terapia Intensiva,3
3,Revista Brasileira em Promoção da saúde,3
3,Revista Contexto & Saúde,3
3,Revista Cubana de Enfermería,3
3,Revista Eletrônica Acervo Científico,3
3,Revista Panamericana de Salud Pública,3
3,Revista de Enfermagem do Centro-Oeste Mineiro,3
3,Saúde Coletiva (Barueri),3
3,Sport Sciences for Health,3
3,The Journal of Infection in Developing Countries,3
3,The Journal of Sports Medicine and Physical Fitness,3
3,Toxicon,3
3,Transactions of the Royal Society of Tropical Medicine and Hygiene,3
3,Venereology,3
3,Zenodo (CERN European Organization for Nuclear Research),3
3,AIDS Research and Human Retroviruses,2
3,ANAIS DO CBMFC,2
3,Allergy Asthma and Clinical Immunology,2
3,American Journal of Physiology-Heart and Circulatory Physiology,2
3,Anais Brasileiros de Dermatologia,2
3,Anais do Congresso Brasileiro de Reumatologia 2020,2
3,Archives of Pathology & Laboratory Medicine,2
3,Arquivos Brasileiros de Neurocirurgia Brazilian Neurosurgery,2
3,Arquivos Brasileiros de Oftalmologia,2
3,BMC Cancer,2
3,BMC Public Health,2
3,Brazilian Dental Journal,2
3,Brazilian Journal of Biology,2
3,Brazilian Journal of Pharmaceutical Sciences,2
3,Brazilian Journal of Veterinary Research and Animal Science,2
3,Caderno Espaço Feminino,2
3,Cardiology in the Young,2
3,Case Reports in Neurology,2
3,Case Reports in Obstetrics and Gynecology,2
3,Chemico-Biological Interactions,2
3,Circulation,2
3,Clinical & Experimental Immunology,2
3,Clinical Kidney Journal,2
3,Clinical Neurology and Neurosurgery,2
3,Clinical Rheumatology,2
3,Clinical Science,2
3,Clinical Transplantation,2
3,Clinical and Experimental Obstetrics & Gynecology,2
3,Clinical and Vaccine Immunology,2
3,Conexão Ciência (Online),2
3,Conjecturas,2
3,Contextos Clínicos,2
3,Contribuciones a las Ciencias Sociales,2
3,Critical Care,2
3,Critical Care Medicine,2
3,Cultura de los Cuidados,2
3,Current HIV Research,2
3,Current Medicinal Chemistry,2
3,DELOS Desarrollo Local Sostenible,2
3,Diagnostic Cytopathology,2
3,Diseases of the Esophagus,2
3,Drug Metabolism and Personalized Therapy,2
3,Early Human Development,2
3,Educação em Revista,2
3,Enfermagem em Foco,2
3,Estudos de Psicologia (Campinas),2
3,European Heart Journal,2
3,European Journal of Applied Physiology,2
3,European Journal of Pharmacology,2
3,European Journal of Sport Science,2
3,Exploration of Immunology,2
3,Food and Chemical Toxicology,2
3,Frontiers in Aging Neuroscience,2
3,Frontiers in Cardiovascular Medicine,2
3,Frontiers in Microbiology,2
3,Genetics and Molecular Biology,2
3,Global Journal of Health Science,2
3,Hansenologia Internationallis hanseníase e outras doenças infecciosas,2
3,Health and Quality of Life Outcomes,2
3,Hypertension Research,2
3,INVESTIGAÇÃO,2
3,Immunology,2
3,Infection and Immunity,2
3,International Journal for Parasitology,2
3,International Journal of Biological Macromolecules,2
3,International Journal of Gynecological Cancer,2
3,International Journal of Morphology,2
3,International Journal of Nursing Practice,2
3,International Journal of Pediatric Otorhinolaryngology,2
3,JMPHC | Journal of Management & Primary Health Care | ISSN 2179-6750,2
3,JORNAL DE CIÊNCIAS BIOMÉDICAS E SAÚDE,2
3,Journal of Bacteriology & Parasitology,2
3,Journal of Cardiac Arrhythmias,2
3,Journal of Clinical Microbiology,2
3,Journal of Clinical Oncology,2
3,Journal of Clinical Virology,2
3,Journal of Complementary and Integrative Medicine,2
3,Journal of Endodontics,2
3,Journal of Exercise Science & Fitness,2
3,Journal of Indian Society of Periodontology,2
3,Journal of Medical Case Reports,2
3,Journal of Medical and Biosciences Research.,2
3,Journal of Nephrology,2
3,Journal of Neuroscience Methods,2
3,Journal of Nuclear Cardiology,2
3,Journal of Nursing and Health,2
3,Journal of Obstetrics and Gynaecology Canada,2
3,Journal of Oral Pathology and Medicine,2
3,Journal of Oral and Maxillofacial Surgery,2
3,Journal of Pediatric Endocrinology and Metabolism,2
3,Journal of PeriAnesthesia Nursing,2
3,Journal of Perinatal Medicine,2
3,Journal of Personalized Medicine,2
3,Journal of Physical Activity and Health,2
3,Kidney & Blood Pressure Research,2
3,Kidney International,2
3,Molecular Genetics and Metabolism,2
3,Multi-Science Journal,2
3,Nephron Experimental Nephrology,2
3,O Mundo da Saúde,2
3,OMICS A Journal of Integrative Biology,2
3,Online Brazilian Journal of Nursing,2
3,Open Access Journal of Sports Medicine,2
3,Pain Management,2
3,Parasite Immunology,2
3,Pathogens,2
3,Pediatric Research,2
3,Perceptual and Motor Skills,2
3,Perioperative Care and Operating Room Management,2
3,Periódicos Brasil Pesquisa Científica,2
3,Pharmacogenomics,2
3,Pharmacological Reports,2
3,Photodiagnosis and Photodynamic Therapy,2
3,Physiotherapy,2
3,Prostaglandins & Other Lipid Mediators,2
3,Psicologia Saúde & Doenças,2
3,Recent Patents on Anti-Cancer Drug Discovery,2
3,Recent Patents on Endocrine Metabolic & Immune Drug Discovery,2
3,Reme Revista Mineira de Enfermagem,2
3,Research Square (Research Square),2
3,Research in Sports Medicine,2
3,Revista Andaluza de Medicina del Deporte,2
3,Revista Baiana de Enfermagem‏,2
3,Revista Brasileira de Cirurgia Plástica,2
3,Revista Brasileira de Ciência e Movimento,2
3,Revista Brasileira de Ciências da Saúde,2
3,Revista Brasileira de Fisiologia do Exercício,2
3,Revista Brasileira de Medicina de Família e Comunidade,2
3,Revista Brasileira de Pesquisa em Saúde/Brazilian Journal of Health Research,2
3,Revista Chilena de Neurocirugía,2
3,Revista Contemporânea,2
3,Revista Dor,2
3,Revista Psicologia em Pesquisa,2
3,Revista Renome,2
3,Revista Subjetividades,2
3,Revista Sustinere,2
3,Revista Triângulo,2
3,Revista da Associação Médica Brasileira (English Edition),2
3,Revista da SPAGESP,2
3,Revista de Ciências Médicas e Biológicas,2
3,Revista de Medicina,2
3,Revista de Salud Pública,2
3,SMAD Revista Eletrônica Saúde Mental Álcool e Drogas (Edição em Português),2
3,STUDIES IN HEALTH SCIENCES,2
3,Saúde (Santa Maria),2
3,Saúde com,2
3,Saúde e Pesquisa,2
3,Sports Medicine International Open,2
3,Stem Cells International,2
3,Supportive Care in Cancer,2
3,Tissue and Cell,2
3,Topics in Stroke Rehabilitation,2
3,Transfusion,2
3,Transfusion Medicine,2
3,Vaccines,2
3,Vector-Borne and Zoonotic Diseases,2
3,Viral Immunology,2
3,Viruses,2
3,journal of physical education,2
3,ACS Infectious Diseases,1
3,AGE,1
3,AIDS Care,1
3,AIDS Research and Treatment,1
3,AMB Express,1
3,ANAIS DO CONGRESSO SUL-BRASILEIRO DE MEDICINA DE FAMÍLIA E COMUNIDADE,1
3,ANAIS do XLIX Congresso Brasileiro de Educação em Engenharia,1
3,ARCHIVES OF HEALTH INVESTIGATION,1
3,ARQUIVOS BRASILEIROS DE CARDIOLOGIA - IMAGEM CARDIOVASCULAR,1
3,Acta Cytologica,1
3,Acta Parasitologica,1
3,Actas Españolas de Psiquiatría,1
3,Adapted Physical Activity Quarterly,1
3,Advances in Microbiology,1
3,Advances in Pharmacology & Clinical Trials,1
3,Advances in Skin & Wound Care,1
3,Advances in Wound Care,1
3,African Journal of Paediatric Surgery,1
3,Ageing Research Reviews,1
3,Aging & Mental Health,1
3,Aging Clinical and Experimental Research,1
3,Aging Medicine,1
3,Alcohol and Alcoholism,1
3,Alzheimer s & Dementia,1
3,Amazônia Science & Health,1
3,American Journal of Cardiovascular Drugs,1
3,American Journal of Infection Control,1
3,American Journal of Medical Genetics,1
3,American Journal of Medical Genetics Part A,1
3,American Journal of Physical Medicine & Rehabilitation,1
3,"American Journal of Physiology-Regulatory, Integrative and Comparative Physiology",1
3,American Journal of Public Health,1
3,American Journal of Reproductive Immunology,1
3,Amyloid,1
3,Anais ... Encontro Nacional de Engenharia de Produção/Anais do Encontro Nacional de Engenharia de Produção,1
3,Anais do Congresso Neurocor,1
3,Analytical Letters,1
3,Anatomy & Cell Biology,1
3,Angiology,1
3,Annals of Biomedical Engineering,1
3,Annals of Hepatology,1
3,Annals of Human Biology,1
3,Annals of Medicine and Surgery,1
3,Annals of Nutrition and Metabolism,1
3,Annals of Oncology,1
3,Annals of Physical and Rehabilitation Medicine,1
3,Annals of Translational Medicine,1
3,Annals of the Child Neurology Society,1
3,Annals of the New York Academy of Sciences,1
3,Anti-Cancer Agents in Medicinal Chemistry,1
3,Anti-Inflammatory & Anti-Allergy Agents in Medicinal Chemistry,1
3,Anticancer Research,1
3,Applied Biochemistry and Biotechnology,1
3,Applied Nursing Research,1
3,Apunts Sports Medicine,1
3,Archive of Urological Research,1
3,Archives of Public Health,1
3,Archivos de medicina del deporte: revista de la Federación Española de Medicina del Deporte y de la Confederación Iberoamericana de Medicina del Deporte,1
3,Arquivo Brasileiro de Medicina Veterinária e Zootecnia,1
3,Arquivos Catarinenses de Medicina,1
3,Arquivos de Ciências da Saúde,1
3,Arquivos em Odontologia,1
3,Artery Research,1
3,Asian Journal of Sports Medicine,1
3,Autoimmunity,1
3,Avances en Psicología Latinoamericana,1
3,BMC Immunology,1
3,BMC Musculoskeletal Disorders,1
3,BMC Nutrition,1
3,BMC Oral Health,1
3,BMC Pediatrics,1
3,BMC Sports Science Medicine and Rehabilitation,1
3,BRAD Cases.,1
3,Behavioral Neuroscience,1
3,Beilstein Journal of Nanotechnology,1
3,Biocell,1
3,Biochimica et Biophysica Acta (BBA) - Reviews on Cancer,1
3,Biochimie,1
3,Biologicals,1
3,Biology,1
3,Biology of Sport,1
3,Biomaterials Advances,1
3,Biomedical engineering,1
3,Biomedicine & Pharmacotherapy,1
3,Biomédica,1
3,Biosensors,1
3,Blood,1
3,Blood Cells Molecules and Diseases,1
3,Bone Marrow Transplantation,1
3,Brain Research,1
3,Brazilian Archives of Biology and Technology,1
3,Brazilian Journal of Anesthesiology (Edicion en Espanol),1
3,Brazilian Journal of Microbiology,1
3,Brazilian Journal of Oncology,1
3,Brazilian Journal of Science,1
3,Brazilian Journal of Transplantation,1
3,Brazilian Journal of Veterinary Pathology,1
3,British Journal of Cancer,1
3,British Journal of Clinical Pharmacology,1
3,British Journal of Oral and Maxillofacial Surgery,1
3,British Journal of Pharmacology,1
3,Bulletin of the Chemical Society of Japan,1
3,CABI Publishing eBooks,1
3,CNS Drugs,1
3,Caderno de Educação Física e Esporte,1
3,Cadernos Brasileiros de Terapia Ocupacional ,1
3,Cadernos de Psicologia Social do Trabalho,1
3,Canadian Journal of Gastroenterology and Hepatology,1
3,Canadian Journal of Physiology and Pharmacology,1
3,Cancer Chemotherapy and Pharmacology,1
3,Cancer Immunology Immunotherapy,1
3,Cancers,1
3,Cardiology,1
3,Cardiology and Angiology An International Journal,1
3,Cardiovascular Research,1
3,Case Reports in Clinical Medicine,1
3,Case Reports in Infectious Diseases,1
3,Case Reports in Medicine,1
3,Cellular Immunology,1
3,Chemical Engineering Communications,1
3,Child s Nervous System,1
3,Children,1
3,Chronic Illness,1
3,Ciencia y enfermería/Ciencia y enfermería,1
3,Circulation Research,1
3,Ciência em Movimento,1
3,Clinical & Translational Oncology,1
3,Clinical Autonomic Research,1
3,Clinical Biochemistry,1
3,Clinical Breast Cancer,1
3,Clinical EEG and Neuroscience,1
3,Clinical Endocrinology,1
3,Clinical Epigenetics,1
3,Clinical Genetics,1
3,Clinical Genitourinary Cancer,1
3,Clinical Hypertension,1
3,Clinical Immunology and Immunopathology,1
3,Clinical Interventions in Aging,1
3,Clinical Nursing Research,1
3,Clinical Nutrition,1
3,Clinical Oncology and Research,1
3,Clinical and Diagnostic Laboratory Immunology,1
3,Clinical and Experimental Hypertension,1
3,Clinical and Experimental Medicine,1
3,Clinical and Experimental Pharmacology and Physiology,1
3,Clinical medicine Oncology,1
3,Clocks & Sleep,1
3,Cochrane Database of Systematic Reviews,1
3,Colloquium Vitae,1
3,Coluna/Columna,1
3,Complementary Therapies in Medicine,1
3,Computational and Mathematical Methods in Medicine,1
3,Computers in Biology and Medicine,1
3,Conexões,1
3,Conhecimento & Diversidade,1
3,Contemporary Clinical Trials,1
3,Coronary Artery Disease,1
3,Corpoconsciência,1
3,Creative Education,1
3,Critical Reviews in Microbiology,1
3,Current Atherosclerosis Reports,1
3,Current Issues in Sport Science (CISS),1
3,Current Opinion in Obstetrics & Gynecology,1
3,Current Pharmaceutical Design,1
3,Current Research in Microbial Sciences,1
3,Current Tropical Medicine Reports,1
3,Cytokine,1
3,Dalton Transactions,1
3,Data in Brief,1
3,Debates em Psiquiatria,1
3,Dementia & Neuropsychologia,1
3,Dermatitis,1
3,Development,1
3,Diagnostics,1
3,Digestive Diseases and Sciences,1
3,Disability and Rehabilitation,1
3,Discover Public Health,1
3,Diseases,1
3,Diversidade e Educação,1
3,Drug Metabolism Reviews,1
3,Editora Acadêmica Periodicojs eBooks,1
3,Electrochimica Acta,1
3,Electronic Journal of General Medicine,1
3,Endocrine Pathology,1
3,Engevista,1
3,Environmental Toxicology and Pharmacology,1
3,Epilepsia,1
3,Estilos da Clinica,1
3,European Journal Of Haematology,1
3,European Journal Of Oral Sciences,1
3,European Journal of Cancer,1
3,European Journal of Cancer Care,1
3,European Journal of Cancer Prevention,1
3,European Journal of Gynaecological Oncology,1
3,European Journal of Immunology,1
3,European Journal of Neuroscience,1
3,European Journal of Pediatrics,1
3,European Journal of Pharmaceutical Sciences,1
3,European Journal of Public Health,1
3,Evidence-based Complementary and Alternative Medicine,1
3,Experimental Aging Research,1
3,Experimental Hematology,1
3,Expert Review of Anticancer Therapy,1
3,Food and Nutrition Sciences,1
3,Frontiers in Behavioral Neuroscience,1
3,Frontiers in Medical Technology,1
3,Frontiers in Molecular Biosciences,1
3,Frontiers in Neurology,1
3,Frontiers in Pharmacology,1
3,Frontiers in Sports and Active Living,1
3,Frontiers in Tropical Diseases,1
3,Future Medicinal Chemistry,1
3,Gaceta Sanitaria,1
3,Games for Health Journal,1
3,Geburtshilfe und Frauenheilkunde,1
3,Gender Medicine,1
3,Genes,1
3,Genomics,1
3,Geriatric Nursing,1
3,GeroScience,1
3,Global Spine Journal,1
3,Gynecological Endocrinology,1
3,HIV Research & Clinical Practice,1
3,Haematologica,1
3,Hand,1
3,Headache Medicine/Revista Headache Medicine,1
3,Health Care For Women International,1
3,Healthcare,1
3,Hearing Balance and Communication,1
3,Heart Rhythm,1
3,Hearts,1
3,Heliyon,1
3,HemaSphere,1
3,Hemoglobin,1
3,Holos,1
3,Hormone Research in Paediatrics,1
3,Human Cell,1
3,Hypertension in Pregnancy,1
3,ID on line REVISTA DE PSICOLOGIA,1
3,IEEE Latin America Transactions,1
3,II INTERNATIONAL SEVEN MULTIDISCIPLINARY CONGRESS,1
3,ISRN Obstetrics and Gynecology,1
3,ISRN Oncology,1
3,Immuno,1
3,Immunological Reviews,1
3,Immunotherapy,1
3,Infection Genetics and Evolution,1
3,Infectious Agents and Cancer,1
3,Infectious Diseases in Obstetrics and Gynecology,1
3,Inflammation Research,1
3,Inflammopharmacology,1
3,Injury,1
3,Interface - Comunicação Saúde Educação,1
3,International Archives of Medical Microbiology,1
3,International Archives of Medicine,1
3,International Archives of Otorhinolaryngology,1
3,International Journal for Innovation Education and Research,1
3,International Journal of Advanced Engineering Research and Science,1
3,International Journal of Andrology,1
3,International Journal of COPD,1
3,International Journal of Clinical & Medical Allergy,1
3,International Journal of Clinical Practice,1
3,International Journal of Emergency Medicine,1
3,International Journal of Epidemiology,1
3,International Journal of Experimental Pathology,1
3,International Journal of Gynecology & Obstetrics,1
3,International Journal of Infectious Diseases,1
3,International Journal of Medical Sciences,1
3,International Journal of Nephrology,1
3,International Journal of Nutrology,1
3,International Journal of Public Health,1
3,International Journal of Retina and Vitreous,1
3,International Journal of Therapy and Rehabilitation,1
3,International Journal of Women s Health,1
3,International Surgery,1
3,International Wound Journal,1
3,International braz j urol,1
3,International journal of cardiac imaging,1
3,Investigação Filosófica,1
3,JACC Asia,1
3,JACC: Cardiovascular Interventions,1
3,JAMA,1
3,JBNC - JORNAL BRASILEIRO DE NEUROCIRURGIA,1
3,JCR Journal of Clinical Rheumatology,1
3,JMIR Public Health and Surveillance,1
3,Jornal de Pediatria (Versão em Português),1
3,Jornal de Pneumologia,1
3,Journal Archives of Health,1
3,Journal Of Clinical Periodontology,1
3,Journal of Alzheimer s Disease,1
3,Journal of Applied Pharmaceutical Science,1
3,Journal of Assisted Reproduction and Genetics,1
3,Journal of Biologically Active Products from Nature,1
3,Journal of Biomedical Research & Environmental Sciences,1
3,Journal of Biomedical Science,1
3,Journal of Cancer Research and Therapeutics,1
3,Journal of Cardiovascular Imaging,1
3,Journal of Central Nervous System Disease,1
3,Journal of Chemical Information and Modeling,1
3,Journal of Chemistry,1
3,Journal of Clinical Medicine,1
3,Journal of Controlled Release,1
3,Journal of Cytology & Histology,1
3,Journal of Data Science,1
3,Journal of Diabetes Mellitus,1
3,Journal of Drug Issues,1
3,Journal of Endometriosis and Pelvic Pain Disorders,1
3,Journal of Epidemiology & Community Health,1
3,Journal of Epilepsy and Clinical Neurophysiology,1
3,Journal of Exercise Rehabilitation,1
3,Journal of Functional Morphology and Kinesiology,1
3,Journal of Geographical Systems,1
3,Journal of Glaucoma,1
3,Journal of Hand Therapy,1
3,Journal of Health Sciences,1
3,Journal of Hepatology,1
3,Journal of Hospital Infection,1
3,Journal of Human Growth and Development,1
3,Journal of Human Sport and Exercise,1
3,Journal of Integrative Cardiology,1
3,Journal of Intensive Care Medicine,1
3,Journal of Interferon & Cytokine Research,1
3,Journal of Medical Microbiology,1
3,Journal of Medical Ultrasound,1
3,Journal of Medical and Health Studies,1
3,Journal of Molecular Structure,1
3,Journal of Motor Behavior,1
3,Journal of Movement & Health,1
3,Journal of Neuro-Oncology,1
3,Journal of Neurology,1
3,Journal of Neurosurgical Sciences,1
3,Journal of Nursing Education and Practice,1
3,Journal of Nursing Measurement,1
3,Journal of Pharmacological Sciences,1
3,Journal of Population Ageing,1
3,Journal of Sport and Health Research,1
3,Journal of Surgical Case Reports,1
3,Journal of Survey Statistics and Methodology,1
3,Journal of The Royal Society Interface,1
3,Journal of Trace Elements in Medicine and Biology,1
3,Journal of Transplantation,1
3,Journal of Turkish Society of Obstetric and Gynecology,1
3,Journal of Ultrasonography,1
3,Journal of Ultrasound in Medicine,1
3,Journal of Vascular Nursing,1
3,Journal of Veterinary Emergency and Critical Care,1
3,Journal of diagnostic medical sonography,1
3,Journal of obstetrics and gynaecology research,1
3,Journal of the American Geriatrics Society,1
3,Journal of the American Society of Nephrology,1
3,Journal of the International Association of Providers of AIDS Care (JIAPAC),1
3,Journal of the Peripheral Nervous System,1
3,LUMEN ET VIRTUS,1
3,Lara D. Veeken,1
3,Lecturas: Educación física y deportes,1
3,Linhas Crí­ticas,1
3,MOJ Ecology & Environmental Sciences,1
3,MOJ Orthopedics & Rheumatology,1
3,Mandrágora,1
3,Medical Microbiology and Immunology,1
3,Medical Ultrasonography,1
3,Medicine,1
3,Melanoma Research,1
3,Mental Illness,1
3,Metabolites,1
3,Metodologias e Aprendizado,1
3,Microbes and Infection,1
3,Microbial Genomics,1
3,Microbial Pathogenesis,1
3,Microorganisms,1
3,Minerva Cardiology and Angiology,1
3,Minerva Dental and Oral Science,1
3,Minerva Obstetrics and Gynecology,1
3,Molecular Genetics and Metabolism Reports,1
3,Molecular Medicine,1
3,Molecular Metabolism,1
3,Molecular and Cellular Biochemistry,1
3,Molecular and Cellular Endocrinology,1
3,Motricidade,1
3,Movimenta (ISSN 1984-4298),1
3,Muscles,1
3,Nature Communications,1
3,Nephrology,1
3,Neurology,1
3,Neurology India,1
3,Neuropsychobiology,1
3,Neurosurgery,1
3,Neurosurgical Review,1
3,New Journal of Chemistry,1
3,Nuclear Receptor Research,1
3,Nucleus Animalium,1
3,Nurse Educator,1
3,Nursing Edição Brasileira,1
3,Nutrients,1
3,Nutrire,1
3,Nutrition,1
3,Nutrition & Food Science,1
3,OBSERVATÓRIO DE LA ECONOMÍA LATINOAMERICANA,1
3,OTJR Occupational Therapy Journal of Research,1
3,Obesity Research & Clinical Practice,1
3,Obesity Surgery,1
3,Obstetrics & Gynecology Science,1
3,Obstetrics and Gynecology International,1
3,Oral Surgery Oral Medicine Oral Pathology and Oral Radiology,1
3,Oxidative Medicine and Cellular Longevity,1
3,PM&R,1
3,Paidéia (Ribeirão Preto),1
3,Pain Management Nursing,1
3,Parasites & Vectors,1
3,Parasitologia,1
3,Pathobiology,1
3,Pathogens and Global Health,1
3,Pathologica,1
3,Pathology & Oncology Research,1
3,Pathophysiology,1
3,Pediatric Cardiology,1
3,Pediatric and Developmental Pathology,1
3,Pensar a Prática,1
3,Personalized Medicine,1
3,Perspectivas em Psicologia,1
3,Pflügers Archiv - European Journal of Physiology,1
3,Pharmaceutical science.,1
3,Pharmaceuticals,1
3,Pharmacological Research,1
3,Pharmacology Biochemistry and Behavior,1
3,Philosophical Transactions of the Royal Society B Biological Sciences,1
3,Photobiomodulation Photomedicine and Laser Surgery,1
3,Photomedicine and Laser Surgery,1
3,Physical Therapy,1
3,Physiological Measurement,1
3,Physiotherapy Theory and Practice,1
3,Placenta,1
3,Planta Medica,1
3,Polyhedron,1
3,Portuguese Journal of Public Health,1
3,Preventive Medicine Reports,1
3,Proceedings of the National Academy of Sciences,1
3,Psico-USF,1
3,Psicologia & Sociedade,1
3,Psicologia - Teoria e Prática,1
3,Psicologia e Saúde em Debate,1
3,Psychiatry Research,1
3,Public Health Nutrition,1
3,RBPFEX - Revista Brasileira de Prescrição e Fisiologia do Exercício,1
3,RECISATEC - REVISTA CIENTÍFICA SAÚDE E TECNOLOGIA - ISSN 2763-8405,1
3,Radiation Protection Dosimetry,1
3,Radiographics,1
3,Recital - Revista de Educação Ciência e Tecnologia de Almenara/MG,1
3,Rehabilitation Research and Practice,1
3,Relatos de Casos Cirúrgicos do Colégio Brasileiro de Cirurgiões,1
3,Renal Failure,1
3,Reproductive Toxicology,1
3,Residência Pediátrica,1
3,Respiratory Medicine,1
3,Retos,1
3,Revista Baiana Saúde Pública,1
3,Revista Brasileira de Cannabis,1
3,Revista Brasileira de Ciência Tecnologia e Inovação,1
3,Revista Brasileira de Ciências Ambientais,1
3,Revista Brasileira de Ciências do Esporte,1
3,Revista Brasileira de Educação Física e Esporte,1
3,Revista Brasileira de Educação Médica,1
3,Revista Brasileira de Estudos de População,1
3,Revista Brasileira de Extensão Universitária,1
3,Revista Brasileira de Medicina do Trabalho,1
3,Revista Brasileira de Patologia do Trato Genital Inferior,1
3,Revista Brasileira de Qualidade de Vida,1
3,Revista CEFAC,1
3,Revista CPAQV - Centro de Pesquisas Avançadas em Qualidade de Vida,1
3,Revista CUIDARTE,1
3,Revista Cereus,1
3,Revista Ciência em Extensão,1
3,Revista Eletrônica Acervo Enfermagem,1
3,Revista Enfil,1
3,Revista Ibero-Americana de Estudos em Educação,1
3,Revista Iberoamericana de Diagnóstico y Evaluación - e Avaliação Psicológica,1
3,Revista Iberoamericana de Micología,1
3,Revista Interação Interdisciplinar.,1
3,Revista JRG de Estudos Acadêmicos,1
3,Revista Multidisciplinar do Nordeste Mineiro,1
3,Revista Nova Paideia - Revista Interdisciplinar em Educação e Pesquisa,1
3,Revista Paulista de Pediatria (English Edition),1
3,Revista Paulista de Reumatologia,1
3,Revista Pesquisa em Fisioterapia,1
3,Revista Portuguesa de Cardiologia,1
3,Revista Portuguesa de Cardiologia (English Edition),1
3,Revista Portuguesa de Enfermagem de Saúde Mental,1
3,Revista Prevenção de Infecção e Saúde,1
3,Revista Recien,1
3,Revista Sobecc,1
3,Revista Uningá,1
3,Revista Valore,1
3,Revista chilena de nutrición,1
3,Revista da SBPH,1
3,Revista de Casos e Consultoria,1
3,Revista de Ciência Veterinária e Saúde Pública,1
3,Revista de Ciências Médicas,1
3,Revista de Ciências da Saúde Nova Esperança,1
3,Revista de Educação Popular,1
3,Revista de Enfermagem Referência,1
3,Revista de Enfermagem da UFPI,1
3,Revista de Ensino de Biologia da SBEnBio,1
3,Revista de Estudos Interdisciplinares,1
3,Revista de Extensão,1
3,Revista de Iniciação Científica,1
3,Revista de Nutrição,1
3,Revista de Patologia do Tocantins,1
3,Revista interdisciplinar em saúde,1
3,Robotics,1
3,Royal Society Open Science,1
3,Saber Científico (1982-792X),1
3,Salud Mental,1
3,Saudi Journal of Kidney Diseases and Transplantation,1
3,Saúde e Sociedade,1
3,Saúde em Debate,1
3,Science & Sports,1
3,Scire Salutis,1
3,Sclerosis,1
3,Sechenov Medical Journal,1
3,Semina Ciências Agrárias,1
3,Semina Ciências Biológicas e da Saúde,1
3,Seminars in Cell and Developmental Biology,1
3,Seminars in Ultrasound CT and MRI,1
3,Serviço Social em Revista,1
3,Sports,1
3,Sports Medicine and Health Science,1
3,Stem Cell Reviews and Reports,1
3,Steroids,1
3,Stress and Health,1
3,Stroke,1
3,Surgical Endoscopy,1
3,Surgical Neurology International,1
3,Talanta,1
3,Temas em Educação e Saúde,1
3,The Cleft Palate-Craniofacial Journal,1
3,The International Journal of Cardiovascular Imaging,1
3,The International Journal of Tuberculosis and Lung Disease,1
3,The Journal of Clinical Endocrinology & Metabolism,1
3,The Journal of Comparative Neurology,1
3,The Journal of Experimental Medicine,1
3,The Journal of Obstetrics and Gynecology of India,1
3,The Journal of Physical Chemistry B,1
3,The Journal of Rheumatology,1
3,The Journal of Vascular Access,1
3,The Lancet Infectious Diseases,1
3,The Neurologist,1
3,The Open Allergy Journal,1
3,The Open Virology Journal,1
3,The Scientific World JOURNAL,1
3,The Ultrasound Journal,1
3,Therapeutic Hypothermia and Temperature Management,1
3,Theriogenology,1
3,Thrombosis and Haemostasis,1
3,Thyroid,1
3,Ticks and Tick-borne Diseases,1
3,Toxicology and Applied Pharmacology,1
3,Toxins,1
3,Transfusion Medicine Reviews,1
3,Transplant Infectious Disease,1
3,Trends in Parasitology,1
3,Trials,1
3,Tropical Medicine and Infectious Disease,1
3,Tuberculosis,1
3,Tumori,1
3,Turkiye Klinikleri Journal of Dental Sciences,1
3,ULTRASONOGRAPHY,1
3,Ultrastructural Pathology,1
3,Veterinary Parasitology,1
3,Veterinária e Zootecnia,1
3,Vigilância Sanitária em Debate,1
3,Virology,1
3,World Allergy Organization Journal,1
3,World Journal for Pediatric and Congenital Heart Surgery,1
3,World Journal of Clinical Oncology,1
3,World Neurosurgery,1
3,e-SPEN Journal,1
3,genesis,1
3,journal of Anesthesiology and Clinical Science,1
3,The Journal of venomous animals and toxins including tropical diseases,1
4,Revista Triângulo,76
4,LA Referencia (Red Federada de Repositorios Institucionales de Publicaciones Científicas),29
4,Iniciação & Formação Docente,28
4,Revista Família Ciclos de Vida e Saúde no Contexto Social,25
4,Research Society and Development,20
4,Revista Profissão Docente,20
4,Revista do Sell,19
4,Pensar a Prática,13
4,Revista Intertexto,13
4,Cadernos CIMEAC,11
4,DOAJ (DOAJ: Directory of Open Access Journals),11
4,Revista Latino-Americana de Enfermagem,11
4,Revista gaúcha de enfermagem,11
4,Revista Brasileira de Enfermagem,10
4,Revista Educação e Políticas em Debate,9
4,Brazilian Journal of Development,8
4,Educação em Revista,8
4,Revista Enfermagem UERJ,8
4,Texto & Contexto - Enfermagem,8
4,Dialogia,7
4,EDUCA - Revista Multidisciplinar em Educação,7
4,Ensino em Re-Vista,7
4,Psicologia Escolar e Educacional,7
4,Revista Iberoamericana de Educación,7
4,Revista de Enfermagem e Atenção à Saúde,7
4,Zenodo (CERN European Organization for Nuclear Research),7
4,Acta Paulista de Enfermagem,6
4,Educação (UFSM),6
4,Em Aberto,6
4,Journal of Human Growth and Development,6
4,Olhar de Professor,6
4,Psico-USF,6
4,Redalyc (Universidad Autónoma del Estado de México),6
4,Revista Brasileira de Atividade Física & Saúde,6
4,Texto Livre Linguagem e Tecnologia,6
4,Brazilian Journal of Kinanthropometry and Human Performance,5
4,Cuadernos de Educación y Desarrollo,5
4,Domínios de Lingu gem,5
4,Educação Ciência e Cultura,5
4,Educação Matemática Pesquisa Revista do Programa de Estudos Pós-Graduados em Educação Matemática,5
4,Educação e Pesquisa,5
4,PARADIGMA,5
4,"Revista Ibero-Americana de Humanidades, Ciências e Educação",5
4,Revista de Ensino de Ciências e Matemática,5
4,ACTIO Docência em Ciências,4
4,Americanae (AECID Library),4
4,CADERNOS DE EDUCAÇÃO SAÚDE E FISIOTERAPIA,4
4,Cadernos Brasileiros de Terapia Ocupacional ,4
4,Cadernos Cajuína,4
4,Ciência & Educação (Bauru),4
4,Concilium,4
4,Contribuciones a las Ciencias Sociales,4
4,Dialnet (Universidad de la Rioja),4
4,Editora Científica Digital eBooks,4
4,Educação em Foco,4
4,Enfermagem em Foco,4
4,Estudos Linguísticos (São Paulo 1978),4
4,MOTRICIDADES Revista da Sociedade de Pesquisa Qualitativa em Motricidade Humana,4
4,Motriz Revista de Educação Física,4
4,Movimento (Porto Alegre),4
4,Obutchénie Revista de Didática e Psicologia Pedagógica,4
4,Olhares & Trilhas,4
4,Pro-Posições,4
4,Quaestio revista de estudos em educação,4
4,Revista Brasileira de Educação Física e Esporte,4
4,Revista Brasileira de Estudos Pedagógicos,4
4,Revista Brasileira de Pesquisa em Educação em Ciências,4
4,Revista Cocar,4
4,Revista Diálogo Educacional,4
4,Revista Eletrônica de Educação,4
4,Revista História Hoje,4
4,Revista Pesquisa Qualitativa,4
4,Revista da SPAGESP,4
4,Revista de Educação Popular,4
4,Saúde e Desenvolvimento Humano,4
4,Signum Estudos da Linguagem,4
4,ANAIS DO CBMFC,3
4,Anais do Encontro Virtual de Documentação em Software Livre e Congresso Internacional de Linguagem e Tecnologia Online,3
4,Arquivos de Ciências do Esporte,3
4,Brazilian Journal of Implantology and Health Sciences,3
4,Cadernos de História da Educação,3
4,Cadernos de Linguística,3
4,Ciências em Foco,3
4,Comunicações,3
4,Conexões,3
4,ETD - Educação Temática Digital,3
4,EccoS – Revista Científica,3
4,Editora Blucher eBooks,3
4,Educere et Educare,3
4,Enfermería Global,3
4,Escola Anna Nery,3
4,Interface - Comunicação Saúde Educação,3
4,Investigación y Educación en Enfermería,3
4,New Trends in Qualitative Research,3
4,OBSERVATÓRIO DE LA ECONOMÍA LATINOAMERICANA,3
4,Perspectiva,3
4,Perspectivas da Educação Matemática,3
4,Psicologia Ciência e Profissão,3
4,PubMed,3
4,REMEA - Revista Eletrônica do Mestrado em Educação Ambiental,3
4,Reciis,3
4,Reflexão e Ação,3
4,Revista Brasileira de Ciência e Movimento,3
4,Revista Brasileira de Educação Especial,3
4,Revista Brasileira de Educação do Campo,3
4,Revista Eletrônica Acervo Enfermagem,3
4,Revista Eletrônica Acervo Saúde,3
4,Revista Em Extensão,3
4,Revista Ensino & Pesquisa,3
4,Revista Foco,3
4,Revista HISTEDBR On-line,3
4,Revista Inter-Ação,3
4,Revista de Gestão e Avaliação Educacional,3
4,Série-Estudos - Periódico do Programa de Pós-Graduação em Educação da UCDB,3
4,Acta Biologica Brasiliensia.,2
4,Acta Scientiae,2
4,Alea Estudos Neolatinos,2
4,Alexandria Revista de Educação em Ciência e Tecnologia,2
4,Amazônia Revista de Educação em Ciências e Matemáticas,2
4,"Anais do Congresso Nacional Universidade, EAD e Software Livre",2
4,Arquivos de Neuro-Psiquiatria,2
4,BMC Public Health,2
4,Bioscience Journal,2
4,Bolema Boletim de Educação Matemática,2
4,Brazilian Journal of Physical Therapy,2
4,Caderno Espaço Feminino,2
4,Caderno Pedagógico,2
4,Cadernos de Linguagem e Sociedade,2
4,Caminho Aberto revista de extensão do IFSC,2
4,Caminhos de Geografia,2
4,Cogitare Enfermagem,2
4,Conjecturas,2
4,Cultura de los Cuidados,2
4,Debates em educação,2
4,Dementia & Neuropsychologia,2
4,Diálogos Pertinentes,2
4,Educar em Revista,2
4,Educação Matemática Pesquisa. Revista do Programa de Estudos Pós-Graduados em Educação Matemática. ISSN 1983-3156,2
4,Educação Química en Punto de Vista,2
4,Ensaio,2
4,Ensino Saude e Ambiente,2
4,Entretextos,2
4,Fênix Revista de História e Estudos Culturais,2
4,História da Educação,2
4,INTERFACES DA EDUCAÇÃO,2
4,International Journal of Advanced Engineering Research and Science,2
4,Investigações em Ensino de Ciências,2
4,JORNAL DE CIÊNCIAS BIOMÉDICAS E SAÚDE,2
4,Journal of Bodywork and Movement Therapies,2
4,Kinesis,2
4,Latin American Theatre Review (The University of Kansas),2
4,Linguagem em (Dis)curso,2
4,Linha Mestra,2
4,Linhas Crí­ticas,2
4,Línguas e Instrumentos Linguísticos,2
4,Metodologias e Aprendizado,2
4,Neurorehabilitation and neural repair,2
4,Nucleus,2
4,O Mundo da Saúde,2
4,"Portuguese National Funding Agency for Science, Research and Technology (RCAAP Project by FCT)",2
4,Prometeica - Revista de Filosofía y Ciencias,2
4,Psicologia Argumento,2
4,Psicologia Teoria e Pesquisa,2
4,Química Nova,2
4,RENEF,2
4,REVISTA INTERSABERES,2
4,Research in Developmental Disabilities,2
4,Rev Rene,2
4,Revista Brasileira de Ortopedia,2
4,Revista CEFAC,2
4,Revista Contemporânea de Educação,2
4,Revista Contexto & Educação,2
4,Revista Educação e Linguagens,2
4,Revista Eletrônica de Enfermagem,2
4,Revista Exitus,2
4,Revista FSA,2
4,Revista Horizontes de Linguistica Aplicada,2
4,Revista Inova Ciência & Tecnologia / Innovative Science & Technology Journal,2
4,Revista Insignare Scientia - RIS,2
4,Revista Interinstitucional Brasileira de Terapia Ocupacional - REVISBRATO,2
4,Revista Internacional de Educação Superior,2
4,Revista Linguagem & Ensino,2
4,Revista PET Brasil.,2
4,Revista Paulista de Pediatria,2
4,Revista Recien,2
4,Revista Tempos e Espaços em Educação,2
4,Revista Thema,2
4,Revista Tópicos.,2
4,Revista da Escola de Enfermagem da USP,2
4,Revista de Educação Matemática,2
4,Revista de Enfermagem do Centro-Oeste Mineiro,2
4,Revista de Ensino de Biologia da SBEnBio,2
4,Revista de Pesquisa Cuidado é Fundamental Online,2
4,Revista de Terapia Ocupacional da Universidade de São Paulo,2
4,Revista do Gelne,2
4,Revista e-Curriculum,2
4,SSRN Electronic Journal,2
4,Saúde (Santa Maria),2
4,Science education international,2
4,TANGRAM - Revista de Educação Matemática,2
4,Tabuleiro de Letras,2
4,Temas em Educação e Saúde,2
4,Teoria e Prática da Educação,2
4,Trabalhos em Linguística Aplicada,2
4,journal of physical education,2
4,#Tear Revista de Educação Ciência e Tecnologia,1
4,12º Congresso Internacional da Rede Unida,1
4,A Cor das Letras,1
4,ANAIS DO CONGRESSO SUL-BRASILEIRO DE MEDICINA DE FAMÍLIA E COMUNIDADE,1
4,Abakós,1
4,Acta Scientiarum Education,1
4,Acta Scientiarum Health Sciences,1
4,Acta Scientiarum Language and Culture,1
4,Acta comportamentalia.,1
4,Advances in higher education and professional development book series,1
4,Ambiente & Educação,1
4,Anais ... Encontro Nacional de Engenharia de Produção/Anais do Encontro Nacional de Engenharia de Produção,1
4,Anais do Congresso Brasileiro da Associação Brasileira de Fisioterapia Traumato-Ortopédica - ABRAFITO,1
4,Anais do Encontro de Pesquisa em Educação e Congresso Internacional de Trabalho Docente e Processos Educativos,1
4,Anais do Seminário Científico do UNIFACIG,1
4,Anais do Simpósio Brasileiro de Pesquisa Operacional,1
4,Anatomical Sciences Education,1
4,Applied Physiology Nutrition and Metabolism,1
4,Aquichan,1
4,Arquivos de Ciências da Saúde da UNIPAR,1
4,Avaliação Revista da Avaliação da Educação Superior (Campinas),1
4,Avances en Enfermería,1
4,Bakhtiniana Revista de Estudos do Discurso,1
4,Barbaroi,1
4,Barbarói,1
4,Behavioral Sciences,1
4,Blood Pressure Monitoring,1
4,Brazilian Journal of Health Review,1
4,British Journal of Sports Medicine,1
4,CADERNOS DE PESQUISA PENSAMENTO EDUCACIONAL,1
4,CIET:EnPED,1
4,Caderno Brasileiro de Ensino de Física,1
4,Caderno de Educação Física e Esporte,1
4,Cadernos CESPUC de Pesquisa. Série Ensaios,1
4,Cadernos Discursivos,1
4,Cadernos Saúde Coletiva,1
4,Cadernos de Educação Tecnologia e Sociedade,1
4,Cadernos de Estudos Lingüísticos,1
4,Cadernos de Pesquisa,1
4,Cadernos de Saúde Pública,1
4,Cadernos de Tradução,1
4,Cadernos do IL,1
4,Calidoscópio,1
4,Cidadania em Ação Revista de Extensão e Cultura,1
4,Ciencias Psicológicas,1
4,Cinergis,1
4,Ciência & Saúde Coletiva,1
4,Ciência & Trópico,1
4,Ciência Cuidado e Saúde,1
4,Ciência e Natura,1
4,Clinics,1
4,Cognitive and Behavioral Neurology,1
4,Comunicar,1
4,Comunicação & Educação,1
4,Comunicação & Sociedade,1
4,ConCienciaSocial,1
4,Conference Proceedings UTMACH,1
4,Conhecimento & Diversidade,1
4,Contextos Clínicos,1
4,Creative Education,1
4,Cuerpo Cultura y Movimiento,1
4,Cultural Studies of Science Education,1
4,DELTA Documentação de Estudos em Lingüística Teórica e Aplicada,1
4,DLCV - Língua Linguística & Literatura,1
4,Developmental Medicine & Child Neurology,1
4,DiversaPrática,1
4,Diversitas Journal,1
4,Diálogo,1
4,EaD & Tecnologias Digitais na Educação,1
4,Educación Física y Ciencia,1
4,Educación Física y Deporte,1
4,Educación Química,1
4,Education for Chemical Engineers,1
4,Educação,1
4,Educação & Sociedade,1
4,Educação Matemática Debate,1
4,Educação Matemática em Revista,1
4,Educação Matemática em Revista - RS,1
4,Educação Por Escrito,1
4,Educação Unisinos,1
4,Educação em Perspectiva,1
4,Ensino da Matemática em Debate,1
4,Ensino de Ciências e Tecnologia em Revista – ENCITEC,1
4,Entrelinhas,1
4,Epilepsy & Behavior,1
4,Estrabão,1
4,Estudos Geográficos Revista Eletrônica de Geografia,1
4,Estudos Interdisciplinares em Psicologia,1
4,Estudos Semióticos,1
4,Estudos da língua(gem),1
4,European Journal of Breast Health,1
4,European Journal of Public Health,1
4,European Symposium on Algorithms,1
4,Evidência olhares e pesquisa em saberes educacionais,1
4,Extensio Revista Eletrônica de Extensão,1
4,Faces de Clio,1
4,Faculdade de Filosofia e Ciências eBooks,1
4,Fermentario,1
4,Fisioterapia e Pesquisa,1
4,Fisioterapia em Movimento,1
4,Fragmentum,1
4,Frontiers in Oncology,1
4,Geografia Ensino & Pesquisa,1
4,"Gondola/Góndola, enseñanza y aprendizaje de las ciencias",1
4,Health and Quality of Life Outcomes,1
4,História Revista,1
4,História da Ciência e Ensino construindo interfaces,1
4,Horizontes,1
4,Human Movement,1
4,IEEE Latin America Transactions,1
4,INTERDISCIPLINAR - Revista de Estudos em Língua e Literatura,1
4,Informática na educação teoria & prática,1
4,Interação - Revista de Ensino Pesquisa e Extensão,1
4,Interfaces Científicas - Educação,1
4,International Education Studies,1
4,International Journal for Innovation Education and Research,1
4,International Journal of Artificial Intelligence in Education,1
4,International Journal of Changes in Education,1
4,International Journal of Health Science,1
4,International Journal of Nursing Practice,1
4,International Journal of Nursing Studies Advances,1
4,International Journal of Rehabilitation Research,1
4,Itinerarius Reflectionis,1
4,JMIR Research Protocols,1
4,JOURNAL OF CURRENT GLAUCOMA PRACTICE,1
4,Jornal de Pediatria,1
4,Journal Archives of Health,1
4,Journal of Anesthesia & Critical Care Open Access,1
4,Journal of Behavioral and Cognitive Therapy,1
4,Journal of Burn Care & Research,1
4,Journal of Central Nervous System Disease,1
4,Journal of Chemical Education,1
4,Journal of Community Health,1
4,Journal of Electromyography and Kinesiology,1
4,Journal of Medical and Biological Engineering,1
4,Journal of Motor Behavior,1
4,Journal of Movement & Health,1
4,Journal of Sports Sciences,1
4,Journal of Visual Impairment & Blindness,1
4,LAPLAGE EM REVISTA,1
4,La Colmena,1
4,LaborHistórico,1
4,Latitude,1
4,Lecturas: Educación física y deportes,1
4,Letras & letras,1
4,Letras de Hoje,1
4,Letrônica,1
4,Libertas,1
4,Linguagem Estudos e Pesquisas,1
4,Linha D Água,1
4,Linhas,1
4,Lumina,1
4,Medicina (Ribeirão Preto),1
4,Metáfora Revista de literatura y análisis,1
4,Momento,1
4,Motor Control,1
4,Motrivivência,1
4,Muitas Vozes,1
4,Multi-Science Journal,1
4,Multiple Sclerosis and Related Disorders,1
4,Neuroradiology,1
4,Nuances estudos sobre Educação,1
4,Nursing Reports,1
4,Occupational Therapy International,1
4,PLURAL - Revista de Psicologia UNESP Bauru,1
4,PLoS ONE,1
4,Paidéia (Ribeirão Preto),1
4,Pain Management Nursing,1
4,Paradigma Revista de investigación educativa,1
4,Perceptual and Motor Skills,1
4,Perspectivas em Ciência da Informação,1
4,Pesquisa Brasileira em Ciência da Informação e Biblioteconomia,1
4,Pesquisa em Educação Ambiental,1
4,Physics Education,1
4,Poiésis - Revista do Programa de Pós-Graduação em Educação,1
4,Portal de Periódicos Unisul (University of Southern Santa Catarina),1
4,Portuguese Language Journal,1
4,Praxis & Saber,1
4,Praxis Educativa,1
4,Preprints.org,1
4,Proceeding Series of the Brazilian Society of Computational and Applied Mathematics,1
4,Profanações,1
4,Práticas Educativas Memórias e Oralidades - Rev Pemo,1
4,Psico,1
4,Psicologia Clínica,1
4,Psicologia Reflexão e Crítica,1
4,Psicologia USP,1
4,Psicologia e Saúde em Debate,1
4,Psicologia em Estudo,1
4,Psicologia em Revista,1
4,Psychologica,1
4,RDBCI Revista Digital de Biblioteconomia e Ciência da Informação,1
4,REAMEC - Rede Amazônica de Educação em Ciências e Matemática,1
4,RECIMA21 - Revista Científica Multidisciplinar - ISSN 2675-6218,1
4,RELACult - Revista Latino-Americana de Estudos em Cultura e Sociedade,1
4,REVISTA CIÊNCIAS EM SAÚDE,1
4,REVISTA DIÁLOGOS E PERSPECTIVAS EM EDUCAÇÃO ESPECIAL,1
4,"REVISTA LIVRE DE CINEMA, uma leitura digital sem medida (super 8, 16, 35, 70 mm, ...)",1
4,REVISTA NERA,1
4,REVISTA PONTO DE VISTA,1
4,RVE - Revista Ver a Educação,1
4,Radiologia Brasileira,1
4,Raega - O Espaço Geográfico em Análise,1
4,Remate de Males,1
4,Rematec,1
4,Reme Revista Mineira de Enfermagem,1
4,Research Square,1
4,Retratos da Escola,1
4,Revista (Entre Parênteses),1
4,Revista Acadêmica Online,1
4,Revista Amazônida Revista do Programa de Pós-Graduação em Educação da Universidade Federal do Amazonas,1
4,Revista Avaliação Psicológica,1
4,Revista BOEM,1
4,Revista Brasileira Multidisciplinar,1
4,Revista Brasileira de Aprendizagem Aberta e a Distância,1
4,Revista Brasileira de Ciências do Esporte,1
4,Revista Brasileira de Computação Aplicada,1
4,Revista Brasileira de Educação,1
4,Revista Brasileira de Educação Ambiental (RevBEA),1
4,Revista Brasileira de Ensino de Ciência e Tecnologia,1
4,Revista Brasileira de Ensino de Física,1
4,Revista Brasileira de Extensão Universitária,1
4,Revista Brasileira de Geriatria e Gerontologia,1
4,Revista Brasileira de História da Ciência,1
4,Revista Brasileira de História da Matemática,1
4,Revista Brasileira de Medicina de Família e Comunidade,1
4,Revista Brasileira de Oftalmologia,1
4,Revista Brasileira de Orientação Profissional,1
4,Revista Brasileira de Pesquisa (Auto)Biográfica,1
4,Revista Brasileira de Política e Administração da Educação - Periódico científico editado pela ANPAE,1
4,Revista Brasileira de Psicologia do Esporte,1
4,Revista Brasileira de Pós-Graduação,1
4,Revista Brasileira de Terapia Comportamental e Cognitiva,1
4,Revista Brasileira em Promoção da saúde,1
4,Revista Caribeña de Ciencias Sociales,1
4,Revista Científica Multidisciplinar Núcleo do Conhecimento,1
4,Revista Ciência em Extensão,1
4,Revista Ciências & Ideias ISSN 2176-1477,1
4,Revista Conexao UEPG,1
4,Revista Debates Insubmissos - ISSN 2595-2803,1
4,Revista Debates em Ensino de Química,1
4,Revista Diadorim,1
4,Revista Discente Ofícios de Clio,1
4,Revista Docência do Ensino Superior,1
4,Revista Dor,1
4,Revista Dynamis,1
4,Revista EDaPECI,1
4,Revista Educação Artes e Inclusão,1
4,Revista Educação Especial,1
4,Revista Educação em Questão,1
4,Revista Electrónica Educare,1
4,Revista Eletrônica Científica Ensino Interdisciplinar,1
4,Revista Eletrônica História em Reflexão,1
4,Revista Eletrônica de Educação Matemática,1
4,Revista Ensayos Pedagógicos,1
4,Revista Ensin UFMS,1
4,Revista EntreLinguas,1
4,Revista Espacialidades,1
4,Revista Espaço do Currículo,1
4,Revista Extensão & Cidadania/Revista Extensão e Cidadania,1
4,Revista Fórum Identidades,1
4,Revista Geoaraguaia,1
4,Revista História & Perspectivas,1
4,Revista Iberoamericana de Tecnología en Educación y Educación en Tecnología,1
4,Revista Ifes Ciência,1
4,Revista Interface (Porto Nacional),1
4,Revista Interinstitucional Artes de Educar,1
4,Revista Internacional de Pesquisa em Educação Matemática,1
4,Revista Latinoamericana de Investigación en Matemática Educativa,1
4,Revista Multidisciplinar do Nordeste Mineiro,1
4,Revista Opinião Filosófica,1
4,Revista Paulista de Pediatria (English Edition),1
4,Revista Pertinencia Académica. ISSN 2588-1019,1
4,Revista Pesquisa e Debate em Educação,1
4,Revista Portuguesa de Educação,1
4,Revista Práxis Pedagógica.,1
4,Revista SOLETRAS,1
4,Revista Saúde - UNG-Ser,1
4,Revista Sociedade Científica,1
4,Revista Subjetividades,1
4,Revista TEIAS,1
4,Revista Tamoios,1
4,Revista Temas em Educação,1
4,Revista Tocantinense de Geografia,1
4,Revista Visão Gestão Organizacional,1
4,Revista da Anpoll,1
4,Revista da Associação Médica Brasileira,1
4,Revista de Enfermagem UFPE on line,1
4,Revista de Ensino de Geografia,1
4,Revista de Estudios y Experiencias en Educación,1
4,Revista de Estudos Interdisciplinares,1
4,"Revista de Estudos de Literatura, Cultura e Alteridade - Igarapé",1
4,Revista de Extensão Tecnológica,1
4,Revista de Graduação USP,1
4,Revista de Letras Norte mentos,1
4,Revista de Saúde Digital e Tecnologias Educacionais,1
4,Revista de ciências humanas,1
4,Revista de la Facultad de Medicina,1
4,Revista do GEL,1
4,Revista do NUFEN/Revista do NUFEN. Série diálogos e diversidade,1
4,Revista do TCU,1
4,Revista dos Trabalhos de Iniciação Científica da UNICAMP,1
4,Revista entreideias educação cultura e sociedade,1
4,Revista mbienteeducação,1
4,Revistas SARC,1
4,SAPIENS - Revista de divulgação Científica,1
4,SIED:EnPED - Simpósio Internacional de Educação a Distância e Encontro de Pesquisadores em Educação a Distância 2012,1
4,STUDIES IN HEALTH SCIENCES,1
4,Saberes Plurais Educação na Saúde,1
4,Sapere Aude,1
4,Saúde Coletiva (Barueri),1
4,Saúde em Debate,1
4,Saúde em Redes,1
4,Schème - Revista Eletrônica de Psicologia e Epistemologia Genéticas,1
4,Scientific Repository of Open Access of Portugal (RCAAP),1
4,Sensors,1
4,Seven Editora eBooks,1
4,Signo,1
4,Signos,1
4,Sleep And Breathing,1
4,Somatosensory & Motor Research,1
4,Strength and conditioning journal,1
4,Síntese Revista de Filosofia,1
4,Technology and Disability,1
4,Temas em Psicologia,1
4,Terrae Didatica,1
4,Thaumazein - Revista Online de Filosofia,1
4,The ESPecialist,1
4,Todas as letras/Revista Todas as Letras,1
4,Tr&iacute ade comunica&ccedil &atilde o cultura e m&iacute dia,1
4,Translational Research in Anatomy,1
4,Translational Sports Medicine,1
4,Trials,1
4,Tópicos Educacionais,1
4,Tópicos Revista de Filosofía de Santa Fe,1
4,US-China Education Review A,1
4,Utopía y praxis latinoamericana: revista internacional de filosofía iberoamericana y teoría social,1
4,VI Congresso Internacional de Ensino de Matemática - 2013,1
4,VIREF revista de educación física,1
4,Veredas do Direito Direito Ambiental e Desenvolvimento Sustentável,1
4,Veritas (Porto Alegre),1
4,Vivências,1
4,Vértices,1
4,VínculorevistadoNesme,1
4,Winnicott e-prints,1
4,World Patent Information,1
5,Revista Família Ciclos de Vida e Saúde no Contexto Social,9
5,Revista Intertexto,6
5,Temas em Psicologia,6
5,Bioscience Journal,5
5,LA Referencia (Red Federada de Repositorios Institucionales de Publicaciones Científicas),5
5,Reme Revista Mineira de Enfermagem,5
5,Revista Brasileira de Enfermagem,5
5,DOAJ (DOAJ: Directory of Open Access Journals),4
5,Interface - Comunicação Saúde Educação,4
5,Psicologia Saúde & Doenças,4
5,Revista Latino-Americana de Enfermagem,4
5,Revista de Enfermagem UFPE on line,4
5,Texto & Contexto - Enfermagem,4
5,Brazilian Journal of Development,3
5,Brazilian Journal of Physical Therapy,3
5,Escola Anna Nery,3
5,PHENOMENOLOGICAL STUDIES - Revista da Abordagem Gestáltica,3
5,Psicología Conocimiento y Sociedad,3
5,Redalyc (Universidad Autónoma del Estado de México),3
5,Revista Avaliação Psicológica,3
5,Revista Brasileira de Medicina do Trabalho,3
5,Revista Eletrônica de Enfermagem,3
5,Revista de Pesquisa Cuidado é Fundamental Online,3
5,Revista de Terapia Ocupacional da Universidade de São Paulo,3
5,Revista Ártemis,3
5,Sport Sciences for Health,3
5,Archives of Gynecology and Obstetrics,2
5,CADERNOS DE EDUCAÇÃO SAÚDE E FISIOTERAPIA,2
5,Cadernos Brasileiros de Terapia Ocupacional ,2
5,Cidadania em Ação Revista de Extensão e Cultura,2
5,Contextos Clínicos,2
5,Estudos Interdisciplinares em Psicologia,2
5,Estudos de Psicologia (Campinas),2
5,European Journal of Applied Physiology,2
5,Figshare,2
5,Fisioterapia em Movimento,2
5,International Journal of Environmental Research and Public Health,2
5,Journal of Coloproctology,2
5,Medicina (Ribeirão Preto),2
5,Medicine & Science in Sports & Exercise,2
5,Menopause The Journal of The North American Menopause Society,2
5,Nutrire,2
5,Paidéia (Ribeirão Preto),2
5,Psicologia & Sociedade,2
5,Psicologia Ciência e Profissão,2
5,Psicologia Revista,2
5,Psicologia em Estudo,2
5,PubMed,2
5,Rev Rene,2
5,Revista Brasileira de Atividade Física & Saúde,2
5,Revista Brasileira de Sexualidade Humana,2
5,Revista Brasileira em Promoção da saúde,2
5,Revista Subjetividades,2
5,Revista da Associação Brasileira de Pesquisador s Negr s - ABPN,2
5,Revista da Associação Médica Brasileira,2
5,Revista da Escola de Enfermagem da USP,2
5,Revista da SPAGESP,2
5,Revista de Enfermagem e Atenção à Saúde,2
5,Revista do Sell,2
5,Revista gaúcha de enfermagem,2
5,SSRN Electronic Journal,2
5,Saúde e Pesquisa,2
5,The Journal of Creative Behavior,2
5,ACTIO Docência em Ciências,1
5,Academus Revista Científica da Saúde,1
5,Aceno - Revista de Antropologia do Centro-Oeste,1
5,Acta Colombiana de Psicología,1
5,Acta Paulista de Enfermagem,1
5,Aletria Revista de Estudos de Literatura,1
5,Almanaque Multidisciplinar de Pesquisa,1
5,Anais do Congresso Brasileiro da Associação Brasileira de Fisioterapia Traumato-Ortopédica - ABRAFITO,1
5,Anais do Simpósio em Engenharia Biomédica,1
5,Annals of Nutritional Disorders & Therapy,1
5,Aracê.,1
5,Archives of Endocrinology and Metabolism,1
5,Archives of Rheumatology & Arthritis Research,1
5,Arquivos Brasileiros de Oftalmologia,1
5,Autonomic Neuroscience,1
5,Avante.,1
5,BARBAQUÁ,1
5,BMC Pregnancy and Childbirth,1
5,Barbaroi,1
5,Biology of Sport,1
5,Brazilian Journal Of Pain,1
5,Caderno Espaço Feminino,1
5,Cadernos Cajuína,1
5,Cadernos de Estudos Lingüísticos,1
5,Cadernos de Psicologia Social do Trabalho,1
5,Cadernos de Saúde Pública,1
5,Child Abuse & Neglect,1
5,Ciencia & trabajo,1
5,Ciencias Psicológicas,1
5,Ciência Cuidado e Saúde,1
5,Clinical & Translational Oncology,1
5,Clinical Dysmorphology,1
5,Cogitare Enfermagem,1
5,DEMETRA Alimentação Nutrição & Saúde,1
5,Developmental Neurorehabilitation,1
5,Dialnet (Universidad de la Rioja),1
5,Editora Acadêmica Periodicojs eBooks,1
5,Editora Científica Digital eBooks,1
5,Educação Matemática em Revista,1
5,Einstein (São Paulo),1
5,Emancipacao,1
5,Enciclopédia Biosfera,1
5,Enfermagem Brasil,1
5,Estudos e Pesquisas em Psicologia,1
5,European Journal of Radiology Extra,1
5,Fitoterapia,1
5,Fractal Revista de Psicologia,1
5,Frontiers in Public Health,1
5,Global Journal of Health Science,1
5,Gynecological Endocrinology,1
5,Human Arenas,1
5,INTERDISCIPLINAR - Revista de Estudos em Língua e Literatura,1
5,ITINERÁRIOS – Revista de Literatura,1
5,Innovation in Aging,1
5,Institutional Repository João Pinheiro Foundation (João Pinheiro Foundation),1
5,Instituto Multiprofissional de Ensino eBooks,1
5,Instituto Produzir eBooks,1
5,International Archives of Occupational and Environmental Health,1
5,International Breastfeeding Journal,1
5,International Journal for Educational and Vocational Guidance,1
5,International Journal of Health Science,1
5,International Journal of Nursing Practice,1
5,International Journal of Performance Analysis in Sport,1
5,Itinerarius Reflectionis,1
5,Jornal Brasileiro de Doenças Sexualmente Transmissíveis,1
5,Jornal Brasileiro de Patologia e Medicina Laboratorial,1
5,Journal of Affective Disorders,1
5,Journal of Bodywork and Movement Therapies,1
5,Journal of Clinical Nursing,1
5,Journal of Hand Therapy,1
5,Journal of Health & Biological Sciences,1
5,Journal of Human Growth and Development,1
5,Journal of Human Sport and Exercise,1
5,Journal of Motor Behavior,1
5,Journal of the Operational Research Society,1
5,Journal of the Turkish-German Gynecological Association,1
5,Letras de Hoje,1
5,Maturitas,1
5,Medical Problems of Performing Artists,1
5,Medical Research Archives,1
5,Momento,1
5,Mosaico,1
5,Multiple Sclerosis and Related Disorders,1
5,Muscles,1
5,Nova Perspectiva Sistêmica,1
5,Obstetrics and Gynecology International,1
5,Pensando - Revista de Filosofia,1
5,Pensando familias,1
5,Physical Therapy in Sport,1
5,Physiology & Behavior,1
5,Physiotherapy,1
5,Práticas Educativas Memórias e Oralidades - Rev Pemo,1
5,Psico-USF,1
5,Psicologia Teoria e Pesquisa,1
5,Psicologia e Saúde em Debate,1
5,RELIES Revista del Laboratorio Iberoamericano para el Estudio Sociohistórico de las Sexualidades,1
5,"REVISTA LIVRE DE CINEMA, uma leitura digital sem medida (super 8, 16, 35, 70 mm, ...)",1
5,Radiologia Brasileira,1
5,Research Society and Development,1
5,Research in Sports Medicine,1
5,Revista Baiana Saúde Pública,1
5,Revista Baiana de Enfermagem‏,1
5,Revista Brasileira Ginecologia e Obstetrícia,1
5,Revista Brasileira de Educação e Saúde,1
5,Revista Brasileira de Geriatria e Gerontologia,1
5,Revista Brasileira de Hematologia e Hemoterapia,1
5,Revista Brasileira de Saúde Materno Infantil,1
5,Revista Brasileira de Segurança Pública,1
5,Revista Campo da História,1
5,Revista Campo-Território,1
5,Revista Ciência & Polícia,1
5,Revista Debates em Ensino de Química,1
5,Revista Desassossego,1
5,Revista Eletrônica Acervo Saúde,1
5,Revista Enfermagem UERJ,1
5,Revista Estudos Feministas,1
5,Revista FSA,1
5,Revista GEMInIS,1
5,Revista Gestão & Políticas Públicas,1
5,Revista Insignare Scientia - RIS,1
5,Revista Interamericana de Psicología/Interamerican Journal of Psychology,1
5,Revista Interinstitucional Brasileira de Terapia Ocupacional - REVISBRATO,1
5,Revista Latinoamericana de Psicopatologia Fundamental,1
5,Revista Opinião Filosófica,1
5,Revista Periódicus,1
5,Revista Pesquisa Qualitativa,1
5,Revista Pesquisa em Fisioterapia,1
5,Revista Psicologia e Saúde,1
5,Revista Psicologia em Pesquisa,1
5,Revista Relegens Thréskeia,1
5,Revista SOLETRAS,1
5,Revista Triângulo,1
5,Revista da Faculdade de Direito da Universidade Federal de Uberlândia,1
5,Revista da Sociedade Brasileira de Medicina Tropical,1
5,Revista de Educação Pública,1
5,Revista de Epidemiologia e Controle de Infecção,1
5,Revista de Estudios de Género La Ventana,1
5,Revista de Estudos da Linguagem,1
5,"Revista de História Bilros. História(s), Sociedade(s) e Cultura(s).",1
5,Revista de Investigación en Psicología,1
5,Revista de Psicologia,1
5,Revista de Psicologia da IMED,1
5,Revista de Saúde Pública,1
5,Science & Education,1
5,Science & Sports,1
5,Semina Ciências Sociais e Humanas,1
5,Sexualidad Salud y Sociedad (Rio de Janeiro),1
5,Sports Coaching Review,1
5,Temas em Educação e Saúde,1
5,Temperature,1
5,Terra Livre,1
5,The Foot,1
5,The Journal of Strength and Conditioning Research,1
5,The Journal of the Food and Culture of the Americas,1
5,The Korean journal of pain,1
5,The Spanish Journal of Psychology,1
5,Trabalho (En)Cena,1
5,Trauma Violence & Abuse,1
5,Vínculo - Revista do NESME,1
5,Winnicott e-prints,1
5,albuquerque revista de história,1
5,Ágora Estudos em Teoria Psicanalítica,1
6,Revista Brasileira de Ciência Tecnologia e Inovação,6
6,Ciência e Natura,5
6,Journal of environmental chemical engineering,5
6,Research Society and Development,5
6,Revista da Sociedade Brasileira de Medicina Tropical,5
6,Ambiente e Agua - An Interdisciplinary Journal of Applied Science,4
6,Applied Biochemistry and Biotechnology,3
6,Engenharia Agrícola,3
6,Industrial & Engineering Chemistry Research,3
6,Journal of Water Process Engineering,3
6,Orbital - The Electronic Journal of Chemistry,3
6,Revista Brasileira de Recursos Hídricos,3
6,The Science of The Total Environment,3
6,Water Air & Soil Pollution,3
6,Acta Scientiarum. Technology/Acta scientiarum. Technology,2
6,Brazilian Journal of Chemical Engineering,2
6,Brazilian Journal of Development,2
6,Brazilian Oral Research,2
6,ChemistrySelect,2
6,Ciência & Tecnologia Fatec-JB,2
6,Enciclopédia Biosfera,2
6,Engenharia Sanitaria e Ambiental,2
6,Environmental Science and Pollution Research,2
6,European Journal of Chemistry,2
6,European Journal of Medicinal Chemistry,2
6,European Journal of Pharmaceutical Sciences,2
6,International Journal of Quantum Chemistry,2
6,Journal of Animal Science,2
6,Journal of Environmental Engineering,2
6,Journal of Ethnopharmacology,2
6,Journal of Materials Science,2
6,Langmuir,2
6,Meat Science,2
6,Polímeros,2
6,PubMed,2
6,Revista Brasileira de Ciências Ambientais,2
6,Revista Brasileira de Climatologia,2
6,Revista Eletrônica em Gestão Educação e Tecnologia Ambiental,2
6,Revista Virtual de Química,2
6,Water Science & Technology,2
6,ABCD Arquivos Brasileiros de Cirurgia Digestiva (São Paulo),1
6,ACS Applied Materials & Interfaces,1
6,ACS Materials Au,1
6,ACS Omega,1
6,ACS Sustainable Chemistry & Engineering,1
6,AIChE Journal,1
6,Acta Agronómica,1
6,Acta Alimentaria,1
6,Acta Crystallographica Section E Structure Reports Online,1
6,Acta Parasitologica,1
6,Acta Scientiarum Agronomy,1
6,Acta Scientiarum Animal Sciences,1
6,Acta Scientiarum Biological Sciences,1
6,Acta Scientiarum Health Sciences,1
6,Agronomía Colombiana,1
6,American Journal of Physiology-Heart and Circulatory Physiology,1
6,Anais Brasileiros de Dermatologia,1
6,Analytical Biochemistry,1
6,Annals of Applied Biology,1
6,Applied Catalysis A General,1
6,Applied Organometallic Chemistry,1
6,Aquaculture International,1
6,Arquivos de Ciências do Esporte,1
6,BMC Research Notes,1
6,Behaviour,1
6,Biochemical Engineering Journal,1
6,Biochimica et Biophysica Acta (BBA) - Biomembranes,1
6,Biofouling,1
6,Biofuels,1
6,Biomedical Materials,1
6,Bioprocess and Biosystems Engineering,1
6,Blucher Chemical Engineering Proceedings,1
6,Brazilian Applied Science Review,1
6,Brazilian Archives of Biology and Technology,1
6,Brazilian Journal of Biology,1
6,Brazilian Journal of Medical and Biological Research,1
6,Brazilian Journal of Microbiology,1
6,Cadernos Técnicos Engenharia Sanitária e Ambiental,1
6,Carbon,1
6,Catalysis Today,1
6,Chemical Product and Process Modeling,1
6,Ciência Agronômica/Revista ciência agronômica,1
6,Ciência Rural,1
6,Ciência e Agrotecnologia,1
6,Clean Technologies,1
6,Clinical and Experimental Pharmacology and Physiology,1
6,Colloids and Surfaces B Biointerfaces,1
6,Concilium,1
6,Contribuciones a las Ciencias Sociales,1
6,Current Opinion in Electrochemistry,1
6,DOAJ (DOAJ: Directory of Open Access Journals),1
6,Dalton Transactions,1
6,Desalination and Water Treatment,1
6,Die Naturwissenschaften,1
6,Eclética Química,1
6,Electroanalysis,1
6,Electrochimica Acta,1
6,Electronic Journal of Biotechnology,1
6,Elsevier eBooks,1
6,Environmental Chemistry Letters,1
6,Environmental Earth Sciences,1
6,Environmental Engineering Science,1
6,Environmental Microbiology Reports,1
6,Environmental Monitoring and Assessment,1
6,Environmental Quality Management,1
6,Environmental Research,1
6,Environmental Technology,1
6,Experimental and Molecular Pathology,1
6,Holos,1
6,Horticultura Brasileira,1
6,Horticulturae,1
6,IOSR Journal of Pharmacy and Biological Sciences,1
6,Inorganica Chimica Acta,1
6,IntechOpen eBooks,1
6,Interação,1
6,International Journal of Electrochemical Science,1
6,International Journal of Nursing Practice,1
6,International Journal of Pharmaceutics,1
6,International Journal of River Basin Management,1
6,International Journal of Sports Medicine,1
6,Journal of Alloys and Compounds,1
6,Journal of Applied Electrochemistry,1
6,Journal of Applied Oral Science,1
6,Journal of Applied Physics,1
6,Journal of Chemical Environmental and Biological Engineering,1
6,Journal of Chemical Technology & Biotechnology,1
6,Journal of Fluorine Chemistry,1
6,Journal of Food Science and Engineering,1
6,Journal of Inorganic Biochemistry,1
6,Journal of Molecular Graphics and Modelling,1
6,Journal of Molecular Liquids,1
6,Journal of Molecular Modeling,1
6,Journal of Molecular Structure,1
6,Journal of Molecular Structure THEOCHEM,1
6,Journal of Physics Condensed Matter,1
6,Journal of Thermal Analysis and Calorimetry,1
6,Journal of Urban and Environmental Engineering,1
6,Journal of Water Resources Planning and Management,1
6,Journal of the Brazilian Chemical Society,1
6,Kidney & Blood Pressure Research,1
6,LA Referencia (Red Federada de Repositorios Institucionales de Publicaciones Científicas),1
6,LWT,1
6,Livro de Resumos do X Congresso Brasileiro sobre Crustáceos,1
6,Management of Environmental Quality An International Journal,1
6,Materials,1
6,Materials Today Communications,1
6,Materials science forum,1
6,Mediators of Inflammation,1
6,Microchimica Acta,1
6,Micromachines,1
6,Nano-Structures & Nano-Objects,1
6,Nanomaterials,1
6,New Journal of Chemistry,1
6,Nutrition,1
6,Operative Dentistry,1
6,Optical Materials,1
6,PLoS ONE,1
6,Physica B Condensed Matter,1
6,Physical Chemistry Chemical Physics,1
6,Polyhedron,1
6,"Portuguese National Funding Agency for Science, Research and Technology (RCAAP Project by FCT)",1
6,Proceedings of the ... International Congress of Mechanical Engineering,1
6,Process Biochemistry,1
6,Química Nova,1
6,Rapid Communications in Mass Spectrometry,1
6,Results in Chemistry,1
6,Retina,1
6,Revista Andaluza de Medicina del Deporte,1
6,Revista Brasileira de Ciências Agrárias - Brazilian Journal of Agricultural Sciences,1
6,Revista Brasileira de Engenharia de Biossistemas,1
6,Revista Brasileira de Geografia Física,1
6,Revista Brasileira de Geomorfologia,1
6,Revista Brasileira de Medicina do Esporte,1
6,Revista Mineira de Recursos Hídricos,1
6,Revista Nacional de Gerenciamento de Cidades,1
6,Revista Triângulo,1
6,Revista em Agronegócio e Meio Ambiente,1
6,Semina Ciências Agrárias,1
6,Sensors and Actuators B Chemical,1
6,Talanta,1
6,The Journal of Physical Chemistry B,1
6,Thin Solid Films,1
6,Toxicology and Applied Pharmacology,1
6,Tropical Animal Health and Production,1
6,Tropical Plant Biology,1
6,Water Research,1
6,Water and Environment Journal,1
6,The Journal of venomous animals and toxins including tropical diseases,1
7,Renewable Energy and Power Quality Journal,11
7,The Journal of Chemical Physics,7
7,Chemical Physics Letters,6
7,Journal of High Energy Physics,6
7,Anais da XIV Conferência Brasileira sobre Qualidade da Energia Elétrica,5
7,Journal of Luminescence,5
7,Revista Brasileira de Ciência Tecnologia e Inovação,5
7,Journal of Alloys and Compounds,4
7,Materials Research,4
7,2018 Simposio Brasileiro de Sistemas Eletricos (SBSE),3
7,Anais do Congresso Brasileiro de Automática 2020,3
7,Blucher Chemical Engineering Proceedings,3
7,Electric Power Systems Research,3
7,Eletrônica de Potência,3
7,IEEE Access,3
7,Journal of Control Automation and Electrical Systems,3
7,Journal of Materials Science,3
7,Physical Chemistry Chemical Physics,3
7,Physics Letters A,3
7,Research Society and Development,3
7,Revista Cereus,3
7,Anais Congresso Brasileiro de Energia Solar,2
7,Anais da Academia Brasileira de Ciências,2
7,Anais do ... Simpósio Brasileiro de Sistemas Elétricos,2
7,Dialnet (Universidad de la Rioja),2
7,Environmental Progress & Sustainable Energy,2
7,Environmental Technology,2
7,IEEE Latin America Transactions,2
7,IEEE Transactions on Power Electronics,2
7,Industrial Crops and Products,2
7,Ingeniería Energética,2
7,Institution of Engineering and Technology eBooks,2
7,International Journal of Energy Technology and Policy,2
7,Journal of Inorganic Biochemistry,2
7,Journal of Water Process Engineering,2
7,Materials Chemistry and Physics,2
7,Optical Materials,2
7,The Journal of Physical Chemistry B,2
7,Zenodo (CERN European Organization for Nuclear Research),2
7,arXiv (Cornell University),2
7,bioRxiv (Cold Spring Harbor Laboratory),2
7,physica status solidi (a),2
7,ACS Applied Materials & Interfaces,1
7,ACS Chemical Biology,1
7,ACS Omega,1
7,AIP conference proceedings,1
7,Acta Cirúrgica Brasileira,1
7,Acta Neurologica Scandinavica,1
7,Acta Scientiarum. Technology/Acta scientiarum. Technology,1
7,Acústica e Vibrações,1
7,Algal Research,1
7,American Journal of Physics,1
7,Anais do ... Congresso Nacional de Engenharia Mecânica,1
7,Anais do 14º Simpósio Brasileiro de Automação Inteligente,1
7,Anais do Simpósio Brasileiro de Sistemas Elétricos 2020,1
7,Applied Acoustics,1
7,Applied Surface Science,1
7,BioEnergy Research,1
7,Biological Chemistry,1
7,Biomass Conversion and Biorefinery,1
7,Biophysica,1
7,Biophysical Journal,1
7,Brazilian Journal of Development,1
7,Caderno Pedagógico,1
7,Ceramics International,1
7,Chemical Engineering Communications,1
7,Chemical Physics,1
7,ChemistrySelect,1
7,Chinese Physics C,1
7,Ciência & Tecnologia Fatec-JB,1
7,Ciência e Natura,1
7,Colloids and Surfaces A Physicochemical and Engineering Aspects,1
7,Computational Condensed Matter,1
7,Computers & Electrical Engineering,1
7,Comunicata Scientiae,1
7,Congresso Brasileiro de Fluidodinâmica Computacional,1
7,Conjecturas,1
7,Desalination and Water Treatment,1
7,Electrochimica Acta,1
7,Elsevier eBooks,1
7,Enciclopédia Biosfera,1
7,Energy Conversion and Management,1
7,Energy Sources Part A Recovery Utilization and Environmental Effects,1
7,Engevista,1
7,European Journal of Mechanics - B/Fluids,1
7,Europhysics Letters (EPL),1
7,Fluids,1
7,"GEPROS. Gestão da Produção, Operações e Sistemas",1
7,Gait & Posture,1
7,Holos,1
7,IEEE Journal of Emerging and Selected Topics in Power Electronics,1
7,IEEE Open Journal of Power Electronics,1
7,IET Power Electronics,1
7,International Journal of Circuit Theory and Applications,1
7,International Journal of Modern Physics A,1
7,International Journal of Modern Physics B,1
7,Journal of Applied Fluid Mechanics,1
7,Journal of Applied Polymer Science,1
7,Journal of Biomolecular Structure and Dynamics,1
7,Journal of Chemical Technology & Biotechnology,1
7,Journal of Chemistry,1
7,Journal of Cleaner Production,1
7,Journal of Cluster Science,1
7,Journal of Colloid and Interface Science,1
7,Journal of Computational Chemistry,1
7,Journal of Energy Storage,1
7,Journal of Equine Veterinary Science,1
7,Journal of Food Process Engineering,1
7,Journal of Low Temperature Physics,1
7,Journal of Magnetism and Magnetic Materials,1
7,Journal of Material Science and Technology Research,1
7,Journal of Mathematical Analysis and Applications,1
7,Journal of Molecular Structure,1
7,Journal of Non-Crystalline Solids,1
7,Journal of Obesity,1
7,Journal of Physical Activity and Health,1
7,Journal of Physics Conference Series,1
7,Journal of Physics and Chemistry of Solids,1
7,Journal of Polymers and the Environment,1
7,Journal of Statistical Physics,1
7,Journal of Thermal Analysis and Calorimetry,1
7,Journal of the Brazilian Society of Mechanical Sciences and Engineering,1
7,Lasers in Medical Science,1
7,Luminescence,1
7,MATEC Web of Conferences,1
7,Materials Letters,1
7,Materials Research Innovations,1
7,Materials Science and Engineering B,1
7,Materials science forum,1
7,Matéria (Rio de Janeiro),1
7,Mechanical Engineering,1
7,Mechanisms and machine science,1
7,Molecules,1
7,Nature,1
7,Next Materials,1
7,Optics Letters,1
7,Orbital - The Electronic Journal of Chemistry,1
7,PLoS ONE,1
7,Physica A Statistical Mechanics and its Applications,1
7,Physical Review A,1
7,Physical review. B./Physical review. B,1
7,Physical review. E,1
7,Physics Letters B,1
7,Polyhedron,1
7,Proceedings of the ... International Congress of Mechanical Engineering,1
7,Proceedings of the National Academy of Sciences,1
7,Process Safety and Environmental Protection,1
7,Proteins Structure Function and Bioinformatics,1
7,Química Nova,1
7,RADIO COMMUNICATION TECHNOLOGY,1
7,RSC Advances,1
7,Relevant lines of scientific research: theory and practice,1
7,Renewable Energy,1
7,Revista Brasileira Multidisciplinar,1
7,Revista Brasileira de Aplicações de Vácuo,1
7,Revista Brasileira de Engenharia Agrícola e Ambiental,1
7,Revista Brasileira de Ensino de Física,1
7,Revista Brasileira de Ortopedia (English Edition),1
7,Revista Ciência da Madeira - RCM,1
7,Revista Mexicana de Física,1
7,Revista Produção Online,1
7,Science,1
7,Science & Sports,1
7,Separation and Purification Technology,1
7,Superconductor Science and Technology,1
7,Surface and Coatings Technology,1
7,São Paulo Polo de Arte Contemporânea,1
7,The Canadian Journal of Chemical Engineering,1
7,The Journal of Physical Chemistry C,1
7,The Journal of Physical Chemistry Letters,1
7,Thin Solid Films,1
7,Zurich Open Repository and Archive (University of Zurich),1
7,physica status solidi (b),1
8,Fisioterapia em Movimento,4
8,Revista de Terapia Ocupacional da Universidade de São Paulo,4
8,LA Referencia (Red Federada de Repositorios Institucionales de Publicaciones Científicas),2
8,Redalyc (Universidad Autónoma del Estado de México),2
8,Revista Brasileira de Medicina do Trabalho,2
8,Revista Em Extensão,2
8,Revista Família Ciclos de Vida e Saúde no Contexto Social,2
8,Revista Latino-Americana de Enfermagem,2
8,Revista Psicologia Organizações e Trabalho,2
8,Work,2
8,ANAIS DO CONGRESSO SUL-BRASILEIRO DE MEDICINA DE FAMÍLIA E COMUNIDADE,1
8,Acta Ortopédica Brasileira,1
8,Acta Paulista de Enfermagem,1
8,Acta Scientiarum Health Sciences,1
8,Anais do ... Congresso Nacional de Engenharia Mecânica,1
8,Annals of Operations Research,1
8,Applied Soft Computing,1
8,Brazilian Journal of Development,1
8,Brazilian Journal of Operations & Production Management,1
8,Brazilian Journal of Physical Therapy,1
8,Cadernos Brasileiros de Terapia Ocupacional ,1
8,Cadernos Saúde Coletiva,1
8,Caminhos de Geografia,1
8,Cultura de los Cuidados,1
8,DOAJ (DOAJ: Directory of Open Access Journals),1
8,Dialnet (Universidad de la Rioja),1
8,Economia e Sociedade,1
8,Editora Pascal LTDA eBooks,1
8,Escritas/Revista Escritas,1
8,"GEPROS. Gestão da Produção, Operações e Sistemas",1
8,IEEE Open Journal of Industry Applications,1
8,International Archives of Medicine,1
8,International Journal of Business and Social Research,1
8,International Journal of Environmental Research and Public Health,1
8,Investigación y Educación en Enfermería,1
8,Journal of Cleaner Production,1
8,Journal of High Energy Physics,1
8,Lecture notes in computer science,1
8,Lecture notes in networks and systems,1
8,Libertas,1
8,Livestock Science,1
8,Maternal and Child Health Journal,1
8,Multi-Science Journal,1
8,Paidéia (Ribeirão Preto),1
8,Pensar a Prática,1
8,Pesquisa em Educação Ambiental,1
8,PubMed,1
8,REDD – Revista Espaço de Diálogo e Desconexão,1
8,REVISTA CIÊNCIAS EM SAÚDE,1
8,Raega - O Espaço Geográfico em Análise,1
8,Revista Ação Ergonômica,1
8,Revista Brasileira Ginecologia e Obstetrícia,1
8,Revista Brasileira de Enfermagem,1
8,Revista Cesumar – Ciências Humanas e Sociais Aplicadas,1
8,Revista Colombiana de Ciencia Animal - RECIA,1
8,Revista Eletrônica da Associação dos Geógrafos Brasileiros Seção Três Lagoas - (ISSN 1808-2653),1
8,Revista Eletrônica de Enfermagem,1
8,Revista Enfermagem UERJ,1
8,Revista Estudios Psicológicos,1
8,Revista Foco,1
8,Revista Produção Online,1
8,Revista Subjetividades,1
8,Revista Triângulo,1
8,Revista da Associação Médica Brasileira,1
8,Revista de Economia Contemporânea,1
8,Revista de Enfermagem UFPE on line,1
8,Revista de Enfermagem e Atenção à Saúde,1
8,Salud & Sociedad,1
8,Soldagem & Inspeção,1
8,Spinal Cord,1
8,Thaumazein - Revista Online de Filosofia,1
9,Elsevier eBooks,3
9,Seven Editora eBooks,3
9,Anais ... Encontro Nacional de Engenharia de Produção/Anais do Encontro Nacional de Engenharia de Produção,2
9,Biophysical Journal,2
9,Gestão & Produção,2
9,Research Square,2
9,Revista Brasileira de Enfermagem,2
9,ABM Proceedings,1
9,ACS Applied Materials & Interfaces,1
9,Acta Cirúrgica Brasileira,1
9,Acta Scientiarum Education,1
9,BioEnergy Research,1
9,Brazilian Journal of Cardiovascular Surgery,1
9,Brazilian Journal of Development,1
9,Brazilian Journal of Medical and Biological Research,1
9,Cadernos de Linguística,1
9,Chemical Engineering & Technology,1
9,Computer Applications in Engineering Education,1
9,Computers & Chemical Engineering,1
9,Cretaceous Research,1
9,Emergent Materials,1
9,Engenharia Agrícola,1
9,Enterprise Information Systems,1
9,Food Control,1
9,"GEPROS. Gestão da Produção, Operações e Sistemas",1
9,IEEE Latin America Transactions,1
9,IEEE Transactions on Engineering Management,1
9,International Journal of Advanced Engineering Research and Science,1
9,International Journal of Biological Macromolecules,1
9,International Journal of Innovation and Sustainable Development,1
9,International Journal of Logistics Research and Applications,1
9,International Journal of Logistics Systems and Management,1
9,International Journal of Production Economics,1
9,Journal of Manufacturing Technology Management,1
9,Journal of Mining and Metallurgy A Mining,1
9,Latin American Journal of Solids and Structures,1
9,Materials Research,1
9,Neurosurgical Review,1
9,Orbital - The Electronic Journal of Chemistry,1
9,Polymer International,1
9,Procedia CIRP,1
9,Química Nova,1
9,REVISTA AMBIENTE CONTÁBIL - Universidade Federal do Rio Grande do Norte - ISSN 2176-9036,1
9,Research Society and Development,1
9,Revista Brasileira de Ciência Tecnologia e Inovação,1
9,Revista Colombiana de Ciencias Hortícolas,1
9,Revista Gênero e Interdisciplinaridade,1
9,Revista de Administração Contabilidade e Economia da Fundace,1
9,Revista de Administração Sociedade e Inovação,1
9,Revista de Saúde Pública,1
9,Scientific Reports,1
9,Semina Ciências Sociais e Humanas,1
9,Tecnologia em Metalurgia Materiais e Mineração,1
9,The International Journal of Advanced Manufacturing Technology,1
9,Transportation Research Record Journal of the Transportation Research Board,1
