source,issn,n,classe,sinais_curadoria,doaj,scimago,qualis_estilo,apc,retratacoes,citacao_media
Rev Rene,15173852,22,Atenção,0,False,False,False,True,0,6.4
Parasitology Research,00443255,18,Atenção,0,False,False,False,True,0,13.6
Medical Mycology,02681218,12,Atenção,0,False,False,False,True,0,37.1
BioMed Research International,11107243,11,Atenção,0,False,False,False,True,0,42.9
European Journal of Applied Physiology,00209376,10,Atenção,0,False,False,False,True,0,21.5
Psicologia Saúde & Doenças,16450086,9,Atenção,0,False,False,False,True,0,1.0
European Journal of Obstetrics & Gynecology and Reproductive Biology,00282243,5,Atenção,0,False,False,False,True,0,21.0
Journal of Oral Pathology and Medicine,03009777,5,Atenção,0,False,False,False,True,0,21.4
Psicologia e Saúde em Debate,2446922X,5,Atenção,0,False,False,False,True,0,0.0
Mycoses,00275557,4,Atenção,0,False,False,False,True,0,36.8
Revista Enfermagem Atual In Derme,24472034,4,Atenção,0,False,False,False,True,0,1.8
Journal of Chemical Technology & Biotechnology,01420356,3,Atenção,0,False,False,False,True,0,8.3
physica status solidi (a),00318965,3,Atenção,0,False,False,False,True,0,10.0
Anatomia Histologia Embryologia,03008649,2,Atenção,0,False,False,False,True,0,4.0
Biochimie,00379042,2,Atenção,0,False,False,False,True,0,8.5
Computational and Applied Mathematics,01018205,2,Atenção,0,False,False,False,True,0,2.0
Journal of Vibration Engineering & Technologies,23213558,2,Atenção,0,False,False,False,True,0,10.5
Journal of materials research/Pratt's guide to venture capital sources,08841616,2,Atenção,0,False,False,False,True,0,5.5
Neurorehabilitation and neural repair,08884390,2,Atenção,0,False,False,False,True,0,14.0
Plant Foods for Human Nutrition,00335134,2,Atenção,0,False,False,False,True,0,25.0
Research on Biomedical Engineering,15173151,2,Atenção,0,False,False,False,True,0,3.5
The Lancet,00995355,2,Atenção,0,False,False,False,True,0,74.5
American Journal of Reproductive Immunology,02717352,1,Atenção,0,False,False,False,True,0,15.0
Arabian Journal for Science and Engineering,13198025,1,Atenção,0,False,False,False,True,0,1.0
Archives of Virology,00039012,1,Atenção,0,False,False,False,True,0,0.0
Behavior and Social Issues,10649506,1,Atenção,0,False,False,False,True,0,2.0
Biota Amazônia,21795746,1,Atenção,0,False,False,False,True,0,3.0
Cochrane Database of Systematic Reviews,13616137,1,Atenção,0,False,False,False,True,0,1.0
European Journal Of Oral Sciences,0029845X,1,Atenção,0,False,False,False,True,0,68.0
Geographical Research,00049190,1,Atenção,0,False,False,False,True,0,8.0
Human Arenas,25225790,1,Atenção,0,False,False,False,True,0,1.0
International Journal for Educational and Vocational Guidance,02512513,1,Atenção,0,False,False,False,True,0,8.0
International Journal of Gynecology & Obstetrics,00206695,1,Atenção,0,False,False,False,True,0,35.0
Journal of Animal Breeding and Genetics,00443581,1,Atenção,0,False,False,False,True,0,0.0
Journal of Assisted Reproduction and Genetics,07407769,1,Atenção,0,False,False,False,True,0,47.0
Journal of Chinese Integrative Medicine,16721977,1,Atenção,0,False,False,False,True,0,8.0
Journal of Endometriosis and Pelvic Pain Disorders,20359969,1,Atenção,0,False,False,False,True,0,0.0
Journal of Neurology,00121037,1,Atenção,0,False,False,False,True,0,81.0
Journal of Polymers and the Environment,10647546,1,Atenção,0,False,False,False,True,0,8.0
Journal of Software Evolution and Process,20477473,1,Atenção,0,False,False,False,True,0,2.0
Medical Microbiology and Immunology,00443077,1,Atenção,0,False,False,False,True,0,9.0
Morphologie,03766160,1,Atenção,0,False,False,False,True,0,5.0
Oral and Maxillofacial Surgery,14329417,1,Atenção,0,False,False,False,True,0,13.0
Physical Review A,05562791,1,Atenção,0,False,False,False,True,0,33.0
Proceedings of the Institution of Mechanical Engineers Part C Journal of Mechanical Engineering Science,02637154,1,Atenção,0,False,False,False,True,0,7.0
Process Biochemistry,00329592,1,Atenção,0,False,False,False,True,0,59.0
Revista Brasileira de Milho e Sorgo,1676689X,1,Atenção,0,False,False,False,True,0,1.0
Revista Portuguesa de Cardiologia (English Edition),21742049,1,Atenção,0,False,False,False,True,0,1.0
Water and Environment Journal,09517359,1,Atenção,0,False,False,False,True,0,13.0
Zoomorphology,03406725,1,Atenção,0,False,False,False,True,0,0.0
Revista da Sociedade Brasileira de Medicina Tropical,00378682,222,Indexada,3,True,True,True,False,0,16.5
Revista Família Ciclos de Vida e Saúde no Contexto Social,23188413,209,Indexada,1,True,False,False,False,0,1.7
Hematology Transfusion and Cell Therapy,25311379,108,Indexada,3,True,True,True,False,0,0.6
Revista Brasileira de Enfermagem,00347167,98,Indexada,3,True,True,True,True,0,12.1
Revista Latino-Americana de Enfermagem,01041169,81,Indexada,3,True,True,True,False,0,22.1
PLoS ONE,19326203,56,Indexada,3,True,True,True,True,0,27.9
Texto & Contexto - Enfermagem,01040707,54,Indexada,3,True,True,True,True,0,13.4
Acta Paulista de Enfermagem,01032100,51,Indexada,3,True,True,True,True,0,11.1
Ciência & Saúde Coletiva,14138123,51,Indexada,2,False,True,True,False,0,21.8
Revista Eletrônica de Enfermagem,15181944,51,Indexada,1,True,False,False,True,0,7.5
Revista Enfermagem UERJ,01043552,49,Indexada,3,True,True,True,True,0,4.9
Revista Brasileira de Atividade Física & Saúde,14133482,48,Indexada,1,True,False,False,False,0,4.6
Revista da Escola de Enfermagem da USP,00806234,47,Indexada,3,True,True,True,False,0,15.5
Revista gaúcha de enfermagem,01026933,47,Indexada,3,True,True,True,True,0,6.2
Revista Brasileira Ginecologia e Obstetrícia,01007203,43,Indexada,3,True,True,True,False,0,6.4
Revista Brasileira de Hematologia e Hemoterapia,15168484,41,Indexada,2,True,False,True,False,0,14.7
Bioscience Journal,15163725,40,Indexada,3,True,True,True,True,0,2.5
Journal of Coloproctology,22379363,39,Indexada,3,True,True,True,False,0,0.3
Journal of High Energy Physics,10298479,39,Indexada,3,True,True,True,True,0,24.6
Cadernos Brasileiros de Terapia Ocupacional ,01044931,38,Indexada,1,True,False,False,True,0,5.9
Radiologia Brasileira,01003984,38,Indexada,2,False,True,True,False,0,6.7
Arquivos de Neuro-Psiquiatria,0004282X,35,Indexada,3,True,True,True,True,0,13.7
Escola Anna Nery,14148145,33,Indexada,2,True,False,True,True,0,15.3
Fisioterapia em Movimento,01035150,32,Indexada,1,True,False,False,True,0,9.3
Motriz Revista de Educação Física,14159805,30,Indexada,3,True,True,True,True,0,7.2
Revista do Instituto de Medicina Tropical de São Paulo,00364665,30,Indexada,3,True,True,True,False,0,21.3
Journal of Bodywork and Movement Therapies,13608592,29,Indexada,2,False,True,True,True,0,7.4
Medicina (Ribeirão Preto),00766046,29,Indexada,3,True,True,True,False,0,4.5
Revista de Terapia Ocupacional da Universidade de São Paulo,14159104,29,Indexada,1,True,False,False,False,0,4.6
Memórias do Instituto Oswaldo Cruz,00740276,28,Indexada,3,True,True,True,False,0,65.8
Sao Paulo Medical Journal,00350362,28,Indexada,1,True,False,False,False,0,18.3
Brazilian Journal of Physical Therapy,14133555,27,Indexada,2,False,True,True,True,0,6.9
Fisioterapia e Pesquisa,18092950,27,Indexada,1,True,False,False,False,0,7.4
Cogitare Enfermagem,14148536,26,Indexada,3,True,True,True,True,0,4.7
Revista de Pesquisa Cuidado é Fundamental Online,18096107,26,Indexada,1,True,False,False,False,0,2.6
The Brazilian Journal of Infectious Diseases,14138670,26,Indexada,3,True,True,True,True,0,1.7
International Journal of Environmental Research and Public Health,16604601,24,Indexada,2,False,True,True,True,0,14.0
Brazilian Journal of Kinanthropometry and Human Performance,14158426,22,Indexada,3,True,True,True,False,0,5.5
Revista Brasileira de Reumatologia,04825004,22,Indexada,2,True,False,True,True,0,7.3
Acta Cirúrgica Brasileira,01028650,21,Indexada,3,True,True,True,True,0,13.9
Cadernos de Saúde Pública,0102311X,21,Indexada,3,True,True,True,False,0,12.4
Revista Brasileira de Geriatria e Gerontologia,18099823,21,Indexada,1,True,False,False,True,0,7.3
The Journal of Strength and Conditioning Research,10648011,21,Indexada,2,False,True,True,False,0,32.5
Archives of Gynecology and Obstetrics,00039128,20,Indexada,1,True,False,False,True,0,23.5
Mediators of Inflammation,09629351,20,Indexada,3,True,True,True,True,0,33.0
Annals of Diagnostic Pathology,10929134,19,Indexada,2,False,True,True,True,0,9.4
Arquivos Brasileiros de Endocrinologia & Metabologia,00042730,19,Indexada,1,False,False,True,False,0,5.2
Cadernos CIMEAC,21789770,19,Indexada,1,True,False,False,False,0,1.2
Clinics,18075932,19,Indexada,3,True,True,True,True,0,18.7
Revista Brasileira de Ortopedia,01023616,19,Indexada,3,True,True,True,False,0,3.5
ACS Omega,24701343,18,Indexada,3,True,True,True,True,0,1.4
Acta Ortopédica Brasileira,14137852,18,Indexada,3,True,True,True,True,0,5.9
Psicologia Ciência e Profissão,14149893,18,Indexada,1,True,False,False,False,0,5.2
Revista Brasileira de Medicina do Esporte,15178692,18,Indexada,1,False,False,True,False,0,4.2
Scientific Reports,20452322,18,Indexada,3,True,True,True,True,0,11.7
Brazilian Journal of Medical and Biological Research,0100879X,17,Indexada,3,True,True,True,True,0,17.5
Cretaceous Research,01956671,17,Indexada,2,False,True,True,True,0,18.1
Enfermería Global,16956141,17,Indexada,3,True,True,True,False,0,5.0
Pathology - Research and Practice,03440338,17,Indexada,2,False,True,True,True,0,13.1
Pensar a Prática,14154676,17,Indexada,1,True,False,False,False,0,2.3
Renewable Energy and Power Quality Journal,2172038X,17,Indexada,1,False,False,True,False,0,0.8
Revista Brasileira de Saúde Materno Infantil,15193829,17,Indexada,3,True,True,True,False,0,4.4
Anais da Academia Brasileira de Ciências,00013765,16,Indexada,3,True,True,True,False,0,4.4
Psico-USF,14138271,16,Indexada,1,True,False,False,False,0,12.4
Revista Virtual de Química,19846835,16,Indexada,2,False,True,True,False,0,3.8
Revista de Patologia Tropical / Journal of Tropical Pathology,03010406,16,Indexada,2,False,True,True,False,0,2.9
Zootaxa,11755326,16,Indexada,2,False,True,True,False,0,8.6
American Journal of Tropical Medicine and Hygiene,00029637,15,Indexada,2,False,True,True,False,0,34.3
Arquivos Brasileiros de Cardiologia,0066782X,15,Indexada,3,True,True,True,False,0,8.8
Autonomic Neuroscience,15660702,15,Indexada,2,False,True,True,True,0,11.9
O Mundo da Saúde,01047809,15,Indexada,3,True,True,True,False,0,2.6
Psicologia em Estudo,14137372,15,Indexada,3,True,True,True,False,0,4.8
Revista de Educação Popular,16785622,15,Indexada,1,True,False,False,False,0,0.7
Revista de Saúde Pública,00348910,15,Indexada,3,True,True,True,True,0,17.0
Brazilian Journal of Anesthesiology,00347094,14,Indexada,2,True,False,True,False,0,10.4
International Journal of Sports Medicine,01724622,14,Indexada,2,False,True,True,False,0,30.6
Journal of Human Growth and Development,01041282,14,Indexada,3,True,True,True,False,0,7.9
Materials Research,15161439,14,Indexada,3,True,True,True,False,0,18.1
Psicologia Teoria e Pesquisa,01023772,14,Indexada,3,True,True,True,False,0,10.2
Química Nova,01004042,14,Indexada,3,True,True,True,True,0,3.0
ABCD Arquivos Brasileiros de Cirurgia Digestiva (São Paulo),01026720,13,Indexada,2,False,True,True,False,0,7.8
Dialogia,16771303,13,Indexada,1,True,False,False,False,0,0.4
Educação em Revista,01024698,13,Indexada,1,True,False,False,False,0,3.7
Interface - Comunicação Saúde Educação,14143283,13,Indexada,3,True,True,True,True,0,7.4
Reme Revista Mineira de Enfermagem,14152762,13,Indexada,1,True,False,False,True,0,6.4
Revista Em Extensão,15186369,13,Indexada,1,True,False,False,False,0,0.6
Revista Subjetividades,23590769,13,Indexada,1,True,False,False,False,0,2.3
Sport Sciences for Health,18247490,13,Indexada,2,False,True,True,True,0,2.5
Acta Scientiarum Health Sciences,16799291,12,Indexada,3,True,True,True,False,0,3.4
Arquivos de Ciências da Saúde da UNIPAR,1415076X,12,Indexada,1,True,False,False,False,0,1.0
Brazilian Journal of Biology,15196984,12,Indexada,3,True,True,True,True,0,8.7
Brazilian Journal of Nephrology,01012800,12,Indexada,3,True,True,True,False,0,8.4
Caminhos de Geografia,16786343,12,Indexada,1,True,False,False,False,0,0.9
Ciência Rural,01038478,12,Indexada,3,True,True,True,True,0,12.6
Estudos de Psicologia (Campinas),0103166X,12,Indexada,3,True,True,True,False,0,10.3
Frontiers in Immunology,16643224,12,Indexada,3,True,True,True,True,0,16.5
Frontiers in Microbiology,1664302X,12,Indexada,3,True,True,True,True,0,23.0
The Journal of Maternal-Fetal & Neonatal Medicine,14764954,12,Indexada,3,True,True,True,False,0,18.9
journal of physical education,01033948,12,Indexada,2,True,False,True,False,0,5.2
Brazilian Journal of Microbiology,15178382,11,Indexada,2,False,True,True,True,0,9.2
Cadernos Cajuína,24480916,11,Indexada,1,True,False,False,False,0,0.0
Experimental Parasitology,00144894,11,Indexada,2,False,True,True,True,0,17.6
Genetics and Molecular Research,16765680,11,Indexada,2,False,True,True,False,0,2.5
Immunobiology,01712985,11,Indexada,3,True,True,True,True,0,27.1
Jornal Brasileiro de Psiquiatria,00472085,11,Indexada,3,True,True,True,False,0,20.5
Revista Brasileira de Epidemiologia,1415790X,11,Indexada,3,True,True,True,False,0,30.9
Revista Brasileira em Promoção da saúde,18061222,11,Indexada,2,True,False,True,False,0,2.6
Revista Educação e Políticas em Debate,22388346,11,Indexada,1,True,False,False,False,0,1.9
Revista Neurociências,01043579,11,Indexada,1,False,False,True,False,0,2.0
Revista Paulista de Pediatria,01030582,11,Indexada,3,True,True,True,False,0,21.8
Saúde e Sociedade,01041290,11,Indexada,3,True,True,True,False,0,10.3
Temas em Psicologia,1413389X,11,Indexada,1,False,False,True,False,0,8.5
The FASEB Journal,08926638,11,Indexada,2,False,True,True,True,0,3.9
ABCS Health Sciences,23184965,10,Indexada,1,True,False,False,False,0,2.4
Cadernos Saúde Coletiva,1414462X,10,Indexada,1,True,False,False,False,0,5.6
Disease Markers,02780240,10,Indexada,1,False,False,True,True,0,12.7
Einstein (São Paulo),16794508,10,Indexada,3,True,True,True,False,0,6.9
IEEE Latin America Transactions,15480992,10,Indexada,2,False,True,True,False,0,9.9
Interação em Psicologia,19818068,10,Indexada,3,True,True,True,False,0,1.2
Journal of Alloys and Compounds,09258388,10,Indexada,2,False,True,True,True,0,16.6
Journal of Hypertension,02636352,10,Indexada,2,False,True,True,False,0,5.4
Menopause The Journal of The North American Menopause Society,10723714,10,Indexada,2,False,True,True,False,0,9.9
Mycopathologia,0301486X,10,Indexada,2,False,True,True,True,0,18.7
PLoS neglected tropical diseases,19352727,10,Indexada,3,True,True,True,True,0,41.1
Revista Brasileira de Educação Física e Esporte,18075509,10,Indexada,1,True,False,False,True,0,1.5
Revista Brasileira de Medicina do Trabalho,16794435,10,Indexada,3,True,True,True,False,0,3.7
Revista Colombiana de Ciencias Hortícolas,20112173,10,Indexada,2,False,True,True,False,0,3.4
Revista de Enfermagem da UFSM,21797692,10,Indexada,1,True,False,False,True,0,3.3
Revista de Epidemiologia e Controle de Infecção,22383360,10,Indexada,1,True,False,False,False,0,1.0
Revista do Colégio Brasileiro de Cirurgiões,01006991,10,Indexada,3,True,True,True,True,0,5.5
Saúde (Santa Maria),01034499,10,Indexada,1,True,False,False,False,0,0.7
ACTIO Docência em Ciências,25258923,9,Indexada,1,True,False,False,False,0,1.3
Acta Tropica,0001706X,9,Indexada,2,False,True,True,True,0,24.8
Arquivos Brasileiros de Oftalmologia,00042749,9,Indexada,2,False,True,True,False,0,3.0
BMC Public Health,14712458,9,Indexada,3,True,True,True,True,0,38.3
Dalton Transactions,14779226,9,Indexada,2,False,True,True,False,0,17.6
Estudos e Pesquisas em Psicologia,16763041,9,Indexada,1,True,False,False,False,0,4.1
Gestão & Produção,0104530X,9,Indexada,3,True,True,True,True,0,8.2
International Journal of Biological Macromolecules,01418130,9,Indexada,2,False,True,True,True,0,35.1
Investigación y Educación en Enfermería,01205307,9,Indexada,3,True,True,True,False,0,12.2
Jornal Brasileiro de Patologia e Medicina Laboratorial,16762444,9,Indexada,2,False,True,True,False,0,5.8
Jornal de Pediatria,00217557,9,Indexada,3,True,True,True,True,0,17.3
Journal of Biomolecular Structure and Dynamics,07391102,9,Indexada,2,False,True,True,False,0,13.4
Journal of Materials Science,00222461,9,Indexada,2,False,True,True,True,0,17.9
Life Sciences,00243205,9,Indexada,2,False,True,True,True,0,16.1
Movimento (Porto Alegre),0104754X,9,Indexada,3,True,True,True,False,0,4.6
Orbital - The Electronic Journal of Chemistry,19846428,9,Indexada,3,True,True,True,False,0,1.9
REVISTA DE AGRICULTURA NEOTROPICAL,23586303,9,Indexada,3,True,True,True,False,0,4.8
Revista Brasileira de Educação Médica,01005502,9,Indexada,1,True,False,False,True,0,5.3
Revista Brasileira de Oftalmologia,00347280,9,Indexada,3,True,True,True,False,0,2.8
Revista Cubana de Enfermería,08640319,9,Indexada,1,False,True,False,False,0,1.2
The Journal of Chemical Physics,00219606,9,Indexada,2,False,True,True,True,0,9.3
Brazilian Journal of Anesthesiology (English Edition),01040014,8,Indexada,3,True,True,True,False,0,6.9
Chemical Physics Letters,00092614,8,Indexada,2,False,True,True,True,0,8.1
Educação Ciência e Cultura,14137321,8,Indexada,1,True,False,False,False,0,0.6
Educação e Pesquisa,15179702,8,Indexada,3,True,True,True,False,0,3.5
European Journal of Public Health,11011262,8,Indexada,3,True,True,True,True,0,0.2
Journal of Inorganic Biochemistry,01620134,8,Indexada,2,False,True,True,True,0,32.5
Journal of Obstetrics and Gynaecology,01443615,8,Indexada,3,True,True,True,True,0,6.2
Journal of South American Earth Sciences,08959811,8,Indexada,2,False,True,True,True,0,16.8
Materials Chemistry and Physics,02540584,8,Indexada,2,False,True,True,True,0,12.8
Nutrition,08999007,8,Indexada,2,False,True,True,True,0,14.2
Paidéia (Ribeirão Preto),0103863X,8,Indexada,3,True,True,True,False,0,6.4
Parasitology,00311820,8,Indexada,3,True,True,True,True,0,22.6
PeerJ,21678359,8,Indexada,3,True,True,True,True,0,19.9
Perceptual and Motor Skills,00315125,8,Indexada,2,False,True,True,True,0,4.8
Psicologia & Sociedade,01027182,8,Indexada,3,True,True,True,False,0,9.9
Revista Iberoamericana de Educación,10226508,8,Indexada,1,True,False,False,False,0,1.9
Revista do Hospital das Clínicas,00418781,8,Indexada,1,False,False,True,False,0,8.5
The Science of The Total Environment,00489697,8,Indexada,2,False,True,True,True,0,31.5
Tumori Journal,03008916,8,Indexada,2,False,True,True,True,0,15.8
Applied Physiology Nutrition and Metabolism,17155312,7,Indexada,2,False,True,True,False,0,13.0
Archives of Endocrinology and Metabolism,23593997,7,Indexada,3,True,True,True,False,0,9.7
Brazilian Journal of Chemical Engineering,01046632,7,Indexada,2,False,True,True,True,0,6.3
Brazilian Journal of Otorhinolaryngology,18088686,7,Indexada,3,True,True,True,True,0,10.6
Comparative Biochemistry and Physiology Part B Biochemistry and Molecular Biology,10964959,7,Indexada,2,False,True,True,True,0,8.6
Cultura de los Cuidados,11381728,7,Indexada,3,True,True,True,False,0,2.6
Educação (UFSM),01019031,7,Indexada,1,True,False,False,False,0,2.3
Educação em Foco,15193322,7,Indexada,1,True,False,False,False,0,0.6
Estudos Interdisciplinares em Psicologia,22366407,7,Indexada,1,True,False,False,False,0,1.7
IEEE Access,21693536,7,Indexada,3,True,True,True,True,0,11.9
International Immunopharmacology,15675769,7,Indexada,2,False,True,True,True,0,21.7
Jornal Brasileiro de Pneumologia,18063713,7,Indexada,3,True,True,True,False,0,10.1
Journal of Clinical Nursing,09621067,7,Indexada,2,False,True,True,True,0,15.4
Journal of Clinical Ultrasound,00912751,7,Indexada,2,False,True,True,True,0,8.1
Journal of Molecular Structure,00222860,7,Indexada,2,False,True,True,True,0,11.4
MOTRICIDADES Revista da Sociedade de Pesquisa Qualitativa em Motricidade Humana,25946463,7,Indexada,1,True,False,False,False,0,1.0
Medicine & Science in Sports & Exercise,01959131,7,Indexada,2,False,True,True,False,0,16.7
Microorganisms,20762607,7,Indexada,3,True,True,True,True,0,6.7
Multiple Sclerosis and Related Disorders,22110348,7,Indexada,2,False,True,True,True,0,18.1
Nutrire,15198928,7,Indexada,2,False,True,True,True,0,2.4
Pharmaceutics,19994923,7,Indexada,3,True,True,True,True,0,6.3
Physical Chemistry Chemical Physics,14639076,7,Indexada,2,False,True,True,False,0,12.9
Physics Letters A,03759601,7,Indexada,2,False,True,True,True,0,2.9
Psico,01035371,7,Indexada,1,True,False,False,False,0,4.7
Psicologia Escolar e Educacional,14138557,7,Indexada,3,True,True,True,False,0,5.4
Revista Brasileira de Cancerologia,00347116,7,Indexada,1,True,False,False,False,0,1.6
Revista Brasileira de Educação Especial,14136538,7,Indexada,3,True,True,True,False,0,13.6
Revista Brasileira de Engenharia Agrícola e Ambiental,14154366,7,Indexada,3,True,True,True,True,0,7.3
Revista Brasileira de Estudos Pedagógicos,00347183,7,Indexada,1,True,False,False,False,0,7.1
Revista Brasileira de Saúde Ocupacional,03037657,7,Indexada,3,True,True,True,False,0,11.0
Revista de Ensino de Biologia da SBEnBio,19821867,7,Indexada,1,True,False,False,False,0,9.4
Revista de Ensino de Ciências e Matemática,2179426X,7,Indexada,1,True,False,False,False,0,0.6
Saúde em Debate,01031104,7,Indexada,1,True,False,False,False,0,11.6
Scientia Plena,18082793,7,Indexada,1,True,False,False,True,0,0.7
Semina Ciências Agrárias,1676546X,7,Indexada,3,True,True,True,True,0,5.3
The Journal of Physical Chemistry B,15205207,7,Indexada,2,False,True,True,False,0,10.0
Tissue and Cell,00408166,7,Indexada,2,False,True,True,True,0,4.6
Topics in Stroke Rehabilitation,10749357,7,Indexada,2,False,True,True,False,0,12.1
Toxicon,00410101,7,Indexada,2,False,True,True,True,0,15.9
Applied Surface Science,01694332,6,Indexada,2,False,True,True,True,0,49.3
Archiv für Pathologische Anatomie und Physiologie und für Klinische Medicin,09456317,6,Indexada,2,False,True,True,True,0,22.7
Beilstein Journal of Nanotechnology,21904286,6,Indexada,3,True,True,True,False,0,4.0
Biomedicines,22279059,6,Indexada,3,True,True,True,True,0,4.0
Cadernos de História da Educação,18073859,6,Indexada,1,True,False,False,False,0,0.0
Ciência & Educação (Bauru),15167313,6,Indexada,1,True,False,False,False,0,4.5
Clinical Medicine Insights Oncology,11795549,6,Indexada,3,True,True,True,True,0,15.7
Clinical Nutrition ESPEN,24054577,6,Indexada,2,False,True,True,True,0,5.0
Current Medicinal Chemistry,09298673,6,Indexada,2,False,True,True,False,0,7.8
DEMETRA Alimentação Nutrição & Saúde,2238913X,6,Indexada,1,True,False,False,False,0,14.8
Educação,15179869,6,Indexada,1,True,False,False,False,0,1.0
Electrochimica Acta,00134686,6,Indexada,2,False,True,True,True,0,20.8
Emergent Materials,25225731,6,Indexada,2,False,True,True,True,0,3.5
Engenharia Agrícola,01006916,6,Indexada,3,True,True,True,True,0,11.2
Experimental Gerontology,05315565,6,Indexada,3,True,True,True,True,0,26.7
Frontiers in Physiology,1664042X,6,Indexada,3,True,True,True,True,0,24.7
Genome Announcements,21698287,6,Indexada,1,False,False,True,False,0,5.5
Global Journal of Health Science,19169736,6,Indexada,1,False,False,True,False,0,0.2
Holos,15181634,6,Indexada,1,True,False,False,False,0,0.5
Immunological Investigations,08820139,6,Indexada,2,False,True,True,False,0,51.3
Immunology Letters,01652478,6,Indexada,2,False,True,True,True,0,14.0
International Journal of Molecular Sciences,14220067,6,Indexada,2,False,True,True,True,0,12.8
International Journal of Nursing Practice,13227114,6,Indexada,2,False,True,True,True,0,12.5
International journal of exercise science,1939795X,6,Indexada,3,True,True,True,False,0,5.3
Journal of Fungi,2309608X,6,Indexada,3,True,True,True,True,0,18.5
Journal of Immunology Research,23147156,6,Indexada,3,True,True,True,True,0,19.7
Journal of Motor Behavior,00222895,6,Indexada,2,False,True,True,False,0,3.3
Microbial Pathogenesis,08824010,6,Indexada,2,False,True,True,True,0,10.2
Olhar de Professor,15185648,6,Indexada,1,True,False,False,False,0,0.0
PHENOMENOLOGICAL STUDIES - Revista da Abordagem Gestáltica,18096867,6,Indexada,2,False,True,True,False,0,1.2
Revista Brasileira de Cirurgia Plástica,19835175,6,Indexada,3,True,True,True,False,0,2.2
Revista Brasileira de Educação do Campo,25254863,6,Indexada,1,True,False,False,False,0,3.7
Revista Brasileira de Geografia Física,19842295,6,Indexada,2,False,True,True,True,0,1.5
Revista Brasileira de Pesquisa em Educação em Ciências,18065104,6,Indexada,1,True,False,False,False,0,3.7
Revista Diálogo Educacional,15183483,6,Indexada,1,True,False,False,False,0,10.2
Revista Políticas Públicas & Cidades,23591552,6,Indexada,1,True,False,False,True,0,0.7
Revista Portuguesa de Pneumologia,08732159,6,Indexada,2,True,False,True,False,0,7.8
Revista de Gestão e Avaliação Educacional,21762171,6,Indexada,1,True,False,False,False,0,0.5
Revista de Salud Pública,01240064,6,Indexada,2,False,True,True,False,0,11.8
SMAD Revista Eletrônica Saúde Mental Álcool e Drogas (Edição em Português),18066976,6,Indexada,1,True,False,False,True,0,5.0
Semina Ciências Sociais e Humanas,16765443,6,Indexada,1,True,False,False,False,0,3.0
Surgical and Experimental Pathology,25208454,6,Indexada,1,True,False,False,False,0,3.2
Transactions of the Royal Society of Tropical Medicine and Hygiene,00359203,6,Indexada,2,False,True,True,True,0,26.5
Acta Scientiarum. Technology/Acta scientiarum. Technology,18062563,5,Indexada,3,True,True,True,False,0,7.2
Alea Estudos Neolatinos,1517106X,5,Indexada,2,False,True,True,False,0,0.6
Ambiente e Agua - An Interdisciplinary Journal of Applied Science,1980993X,5,Indexada,3,True,True,True,True,0,7.4
Anais Brasileiros de Dermatologia,03650596,5,Indexada,3,True,True,True,True,0,21.6
Applied Biochemistry and Biotechnology,02732289,5,Indexada,2,False,True,True,True,0,29.8
Archives of Pediatric Neurosurgery,26753626,5,Indexada,3,True,True,True,False,0,0.6
Arquivos de Gastroenterologia,00042803,5,Indexada,3,True,True,True,False,1,3.6
Behavioural Brain Research,01664328,5,Indexada,2,False,True,True,True,0,12.6
Biomass Conversion and Biorefinery,21906815,5,Indexada,2,False,True,True,True,0,14.2
Brazilian Archives of Biology and Technology,15168913,5,Indexada,3,True,True,True,False,0,11.8
Caderno de Educação Física e Esporte,23185090,5,Indexada,1,True,False,False,False,0,0.4
Científica,01000039,5,Indexada,2,False,True,True,False,0,1.8
Conexões,15164381,5,Indexada,1,True,False,False,False,0,0.8
Debates em educação,21756600,5,Indexada,1,True,False,False,False,0,0.0
Dental Materials,01095641,5,Indexada,2,False,True,True,True,0,0.6
Domínios de Lingu gem,19805799,5,Indexada,1,True,False,False,False,0,0.4
Drug Metabolism and Personalized Therapy,23638907,5,Indexada,2,False,True,True,True,0,2.4
Estudos de Psicologia (Natal),1413294X,5,Indexada,2,False,True,True,False,0,11.6
Frontiers in Cellular and Infection Microbiology,22352988,5,Indexada,3,True,True,True,True,0,16.2
"GEPROS. Gestão da Produção, Operações e Sistemas",1809614X,5,Indexada,1,True,False,False,False,0,2.2
Genetics and Molecular Biology,14154757,5,Indexada,3,True,True,True,True,0,19.0
Human Immunology,01988859,5,Indexada,2,False,True,True,True,0,63.6
Human Pathology,00468177,5,Indexada,2,False,True,True,True,0,47.0
Industrial & Engineering Chemistry Research,08885885,5,Indexada,2,False,True,True,True,0,23.0
International Journal of Cardiology,01675273,5,Indexada,2,False,True,True,True,0,24.6
International Journal of Morphology,07179367,5,Indexada,2,False,True,True,False,0,13.0
Journal of Cleaner Production,09596526,5,Indexada,2,False,True,True,True,0,80.6
Journal of Electromyography and Kinesiology,10506411,5,Indexada,2,False,True,True,True,0,12.0
Journal of Luminescence,00222313,5,Indexada,2,False,True,True,True,0,9.2
Journal of Sports Sciences,02640414,5,Indexada,2,False,True,True,False,0,38.2
Journal of Thermal Biology,03064565,5,Indexada,2,False,True,True,True,0,12.8
Journal of Water Process Engineering,22147144,5,Indexada,2,False,True,True,True,0,12.4
Journal of environmental chemical engineering,22132929,5,Indexada,2,False,True,True,True,0,46.6
Materials science forum,02555476,5,Indexada,1,False,True,False,False,0,4.0
Metodologias e Aprendizado,26749009,5,Indexada,1,True,False,False,False,0,0.4
Mutation Research/Genetic Toxicology and Environmental Mutagenesis,13835718,5,Indexada,2,False,True,True,True,0,22.4
Nature Physics,17452473,5,Indexada,2,False,True,True,True,0,143.6
Nova Perspectiva Sistêmica,01047841,5,Indexada,1,True,False,False,False,0,1.4
Nutrients,20726643,5,Indexada,2,False,True,True,True,0,20.6
Oncology Letters,17921074,5,Indexada,2,False,True,True,False,0,23.0
Pacing and Clinical Electrophysiology,01478389,5,Indexada,2,False,True,True,True,0,19.4
Pathogens,20760817,5,Indexada,3,True,True,True,True,0,3.8
Perspectivas em Psicologia,22376917,5,Indexada,1,True,False,False,False,0,1.4
Pharmaceuticals,14248247,5,Indexada,3,True,True,True,True,0,9.4
Physiotherapy,00319406,5,Indexada,2,False,True,True,True,0,4.8
Phytotaxa,11793155,5,Indexada,2,False,True,True,False,0,2.4
Psicologia Reflexão e Crítica,01027972,5,Indexada,3,True,True,True,True,0,48.4
Psicologia USP,01036564,5,Indexada,3,True,True,True,False,0,2.2
Reciis,19816278,5,Indexada,1,True,False,False,False,0,0.0
Retos,15791726,5,Indexada,2,False,True,True,True,0,3.0
Revista Andaluza de Medicina del Deporte,18887546,5,Indexada,2,False,True,True,False,0,11.6
Revista Avaliação Psicológica,16770471,5,Indexada,3,True,True,True,True,0,3.4
Revista Ação Ergonômica,15197859,5,Indexada,1,True,False,False,False,0,0.0
Revista Baiana de Enfermagem‏,01025430,5,Indexada,3,True,True,True,True,0,3.6
Revista Brasileira Multidisciplinar,14153580,5,Indexada,1,True,False,False,False,0,0.0
Revista Brasileira de Ciências do Esporte,01013289,5,Indexada,3,True,True,True,True,0,5.0
Revista Brasileira de Recursos Hídricos,1414381X,5,Indexada,1,True,False,False,False,0,6.8
Revista Educação e Cultura Contemporânea/Educação e Cultura Contemporânea,18072194,5,Indexada,1,True,False,False,False,0,0.2
Revista HISTEDBR On-line,16762584,5,Indexada,1,True,False,False,False,0,7.0
Revista Insignare Scientia - RIS,25954520,5,Indexada,1,True,False,False,False,0,0.4
Revista Psicologia Organizações e Trabalho,19846657,5,Indexada,1,True,False,False,False,0,2.4
Revista de Enfermagem Referência,08740283,5,Indexada,3,True,True,True,False,0,33.0
Revista de Gestão Social e Ambiental,1981982X,5,Indexada,1,False,False,True,False,0,0.2
Rodriguésia,03706583,5,Indexada,3,True,True,True,False,0,2.2
Scandinavian Journal of Immunology,03009475,5,Indexada,2,False,True,True,True,0,44.4
Selecciones Matemáticas,24111783,5,Indexada,1,True,False,False,False,0,0.0
Sensors,14248220,5,Indexada,3,True,True,True,True,0,12.6
The European Physical Journal C,14346044,5,Indexada,3,True,True,True,False,0,7.6
The Journal of Immunology,00221767,5,Indexada,2,False,True,True,True,0,53.0
Transplantation Proceedings,00411345,5,Indexada,2,False,True,True,True,0,39.6
Tropical Animal Health and Production,00494747,5,Indexada,2,False,True,True,True,0,3.4
Vector-Borne and Zoonotic Diseases,15303667,5,Indexada,2,False,True,True,False,0,6.6
Water Air & Soil Pollution,00496979,5,Indexada,2,False,True,True,True,0,21.4
Wear,00431648,5,Indexada,2,False,True,True,True,0,44.4
Work,10519815,5,Indexada,2,False,True,True,True,0,6.0
ACS Applied Materials & Interfaces,19448244,4,Indexada,2,False,True,True,True,0,127.8
Acta Scientiarum Agronomy,16799275,4,Indexada,3,True,True,True,False,0,8.0
Agronomía Colombiana,01209965,4,Indexada,3,True,True,True,False,0,1.8
Antibiotics,20796382,4,Indexada,3,True,True,True,True,0,15.8
Arquivo Brasileiro de Medicina Veterinária e Zootecnia,01020935,4,Indexada,3,True,True,True,True,0,4.5
Arquivos Brasileiros de Neurocirurgia Brazilian Neurosurgery,01035355,4,Indexada,2,True,False,True,False,0,1.0
Australian Journal of Crop Science,18352693,4,Indexada,2,False,True,True,False,0,14.0
BMC Infectious Diseases,14712334,4,Indexada,3,True,True,True,True,0,49.5
BMC Nephrology,14712369,4,Indexada,3,True,True,True,True,0,38.8
Bakhtiniana Revista de Estudos do Discurso,21764573,4,Indexada,3,True,True,True,False,0,6.2
Bioorganic & Medicinal Chemistry Letters,0960894X,4,Indexada,2,False,True,True,True,0,22.2
Brazilian Journal Of Pain,25950118,4,Indexada,1,True,False,False,False,0,4.8
Brazilian Journal of Cardiovascular Surgery,01027638,4,Indexada,3,True,True,True,False,0,3.8
Cadernos de Linguística,26754916,4,Indexada,1,True,False,False,False,0,0.5
Cadernos de Pesquisa,01024175,4,Indexada,1,True,False,False,False,0,2.0
ChemistrySelect,23656549,4,Indexada,2,False,True,True,True,0,4.2
Chinese Physics C,16741137,4,Indexada,2,False,True,True,True,0,41.8
Clinical Immunology,15216616,4,Indexada,2,False,True,True,True,0,19.5
Clinical Nutrition,02615614,4,Indexada,2,False,True,True,True,0,8.5
Clinical and Vaccine Immunology,1556679X,4,Indexada,1,False,False,True,False,0,19.8
Computers in Biology and Medicine,00104825,4,Indexada,2,False,True,True,True,0,8.2
Diagnostic Cytopathology,10970339,4,Indexada,2,False,True,True,True,0,14.8
Die Naturwissenschaften,00281042,4,Indexada,2,False,True,True,True,0,3.8
E&S Engineering and Science,23585390,4,Indexada,1,True,False,False,False,0,0.8
ETD - Educação Temática Digital,16762592,4,Indexada,1,True,False,False,False,0,0.5
EccoS – Revista Científica,15171949,4,Indexada,1,True,False,False,False,0,0.0
Educação Química en Punto de Vista,25270915,4,Indexada,1,True,False,False,False,0,1.5
Eletrônica de Potência,14148862,4,Indexada,1,True,False,False,False,0,1.5
Engenharia Sanitaria e Ambiental,14134152,4,Indexada,2,False,True,True,False,0,9.5
Ensaio,14152150,4,Indexada,1,True,False,False,False,0,5.2
Environmental Science and Pollution Research,09441344,4,Indexada,2,False,True,True,True,0,14.8
Epidemiologia e Serviços de Saúde,16794974,4,Indexada,3,True,True,True,False,0,102.8
Experimental Physiology,09580670,4,Indexada,3,True,True,True,True,0,19.5
Extensio Revista Eletrônica de Extensão,18070221,4,Indexada,1,True,False,False,False,0,0.2
Fractal Revista de Psicologia,19840292,4,Indexada,1,True,False,False,False,0,7.0
Frontiers in Sports and Active Living,26249367,4,Indexada,3,True,True,True,True,0,10.0
Gene,03781119,4,Indexada,2,False,True,True,True,0,18.0
HU Revista,01033123,4,Indexada,1,True,False,False,False,0,0.8
Health and Quality of Life Outcomes,14777525,4,Indexada,3,True,True,True,True,0,44.0
Histopathology,03090167,4,Indexada,2,False,True,True,True,0,13.8
Human Movement,17323991,4,Indexada,3,True,True,True,False,0,3.8
International Archives of Medicine,17557682,4,Indexada,1,False,False,True,False,0,3.5
International Journal for Parasitology,00207519,4,Indexada,2,False,True,True,True,0,30.8
International Journal of Strength and Conditioning,26342235,4,Indexada,1,True,False,False,False,0,3.5
Jornal Vascular Brasileiro,16775449,4,Indexada,3,True,True,True,False,0,7.8
Journal Health NPEPS,25261010,4,Indexada,1,True,False,False,False,0,0.5
Journal of Aging and Physical Activity,10638652,4,Indexada,2,False,True,True,False,0,0.8
Journal of Applied Microbiology,13645072,4,Indexada,2,False,True,True,True,0,17.5
Journal of Applied Physics,00218979,4,Indexada,2,False,True,True,True,0,29.0
Journal of Clinical Microbiology,00951137,4,Indexada,3,True,True,True,False,0,98.0
Journal of Clinical Oncology,0732183X,4,Indexada,2,False,True,True,False,0,0.2
Journal of Control Automation and Electrical Systems,21953880,4,Indexada,2,False,True,True,True,0,5.8
Journal of Magnetism and Magnetic Materials,03048853,4,Indexada,2,False,True,True,True,0,9.0
Journal of Physical Activity and Health,15433080,4,Indexada,2,False,True,True,False,0,22.8
Journal of Religion and Health,00224197,4,Indexada,2,False,True,True,True,0,11.5
Journal of Stroke and Cerebrovascular Diseases,10523057,4,Indexada,3,True,True,True,True,0,12.2
Journal of Thermal Analysis and Calorimetry,13886150,4,Indexada,2,False,True,True,True,0,19.5
Journal of the Brazilian Chemical Society,01035053,4,Indexada,3,True,True,True,True,0,17.8
Livestock Science,18711413,4,Indexada,2,False,True,True,True,0,44.0
Lubricants,20754442,4,Indexada,3,True,True,True,True,0,17.0
Matéria (Rio de Janeiro),15177076,4,Indexada,3,True,True,True,False,0,7.0
Microscopy Research and Technique,1059910X,4,Indexada,2,False,True,True,True,0,15.0
Molecular Genetics and Metabolism,10967192,4,Indexada,2,False,True,True,True,0,16.0
Motrivivência,01034111,4,Indexada,1,True,False,False,False,0,1.0
Muscles,28130413,4,Indexada,3,True,True,True,True,0,3.5
Obutchénie Revista de Didática e Psicologia Pedagógica,25267647,4,Indexada,1,True,False,False,False,0,0.8
Optical Materials,09253467,4,Indexada,2,False,True,True,True,0,10.2
PSI UNISC,25271288,4,Indexada,1,True,False,False,False,0,0.0
Parasites & Vectors,17563305,4,Indexada,3,True,True,True,True,0,29.2
Perspectiva,01025473,4,Indexada,1,True,False,False,False,0,1.0
Physiotherapy Research International,13582267,4,Indexada,2,False,True,True,True,0,1.0
Placenta,01434004,4,Indexada,2,False,True,True,True,0,8.2
Polyhedron,02775387,4,Indexada,2,False,True,True,True,0,12.8
Praxis Educativa,18094031,4,Indexada,2,False,True,True,False,0,1.5
Pro-Posições,01037307,4,Indexada,1,True,False,False,False,0,1.5
Psicologia - Teoria e Prática,15163687,4,Indexada,1,True,False,False,False,0,5.8
REVISTA CIÊNCIAS EM SAÚDE,22363785,4,Indexada,1,True,False,False,False,0,0.5
REVISTA INTERSABERES,18097286,4,Indexada,1,True,False,False,False,0,0.2
REVISTA NERA,18066755,4,Indexada,1,True,False,False,False,0,2.2
Reflexão e Ação,01038842,4,Indexada,1,True,False,False,False,0,1.5
Research in Sports Medicine,15438627,4,Indexada,2,False,True,True,False,0,9.0
Revista Bioética,19838034,4,Indexada,3,True,True,True,False,0,11.8
Revista Brasileira de Ciências Agrárias - Brazilian Journal of Agricultural Sciences,19810997,4,Indexada,2,False,True,True,False,0,4.0
Revista Brasileira de Ensino de Física,18061117,4,Indexada,1,True,False,False,False,0,2.5
Revista Brasileira de Extensão Universitária,18062695,4,Indexada,1,True,False,False,False,0,0.2
Revista Brasileira de Medicina de Família e Comunidade,18095909,4,Indexada,1,True,False,False,False,0,2.8
Revista Brasileira de Meio Ambiente,25954431,4,Indexada,3,True,True,True,False,0,0.2
Revista Contexto & Saúde,1676188X,4,Indexada,1,True,False,False,True,0,0.5
Revista Panamericana de Salud Pública,10204989,4,Indexada,3,True,True,True,False,0,12.5
Revista Thema,15176312,4,Indexada,1,True,False,False,False,0,0.2
Revista chilena de nutrición,07161549,4,Indexada,2,False,True,True,False,0,6.8
Revista de Administração Pública,00347612,4,Indexada,3,True,True,True,False,0,0.8
Revista de Ciências Agroveterinárias,16769732,4,Indexada,3,True,True,True,False,0,5.2
Revista Ártemis,18078214,4,Indexada,1,True,False,False,False,0,0.8
Serviço Social em Revista,15163091,4,Indexada,1,True,False,False,False,0,5.2
Signum Estudos da Linguagem,15163083,4,Indexada,1,True,False,False,False,0,1.2
Sports Medicine International Open,23671890,4,Indexada,1,True,False,False,True,0,7.2
Surface and Coatings Technology,02578972,4,Indexada,2,False,True,True,True,0,23.5
Sustainability,20711050,4,Indexada,2,False,True,True,True,0,21.0
The Journal of Comparative Neurology,00219967,4,Indexada,2,False,True,True,True,0,75.5
The Journal of Physical Chemistry C,19327447,4,Indexada,2,False,True,True,True,0,19.0
The Journal of Sports Medicine and Physical Fitness,00224707,4,Indexada,2,False,True,True,False,0,17.5
Trials,17456215,4,Indexada,3,True,True,True,True,0,5.5
Varia Historia,01048775,4,Indexada,3,True,True,True,False,0,0.0
Venereology,26740710,4,Indexada,2,True,False,True,True,0,3.8
Veredas do Direito Direito Ambiental e Desenvolvimento Sustentável,18063845,4,Indexada,2,False,True,True,False,0,0.0
World Neurosurgery,18788750,4,Indexada,2,False,True,True,True,0,1.5
#Tear Revista de Educação Ciência e Tecnologia,22388079,3,Indexada,1,True,False,False,False,0,0.0
ACS Applied Nano Materials,25740970,3,Indexada,2,False,True,True,True,0,3.0
Acta Parasitologica,12302821,3,Indexada,2,False,True,True,True,0,12.7
Agriculture,20770472,3,Indexada,3,True,True,True,True,0,6.3
Alzheimer s & Dementia,15525260,3,Indexada,2,False,True,True,True,0,1.0
American Journal of Physiology-Heart and Circulatory Physiology,03636135,3,Indexada,2,False,True,True,False,0,53.3
Annals of Physical and Rehabilitation Medicine,18770657,3,Indexada,2,False,True,True,True,0,2.0
Anos 90,0104236X,3,Indexada,2,False,True,True,False,0,2.0
Aposta,16967348,3,Indexada,1,True,False,False,False,0,0.0
Applied Organometallic Chemistry,02682605,3,Indexada,2,False,True,True,True,0,8.3
Applied Soft Computing,15684946,3,Indexada,2,False,True,True,True,0,314.7
Archives of Oral Biology,00039969,3,Indexada,2,False,True,True,True,0,67.3
Archives of Public Health,07787367,3,Indexada,3,True,True,True,True,0,12.3
Autopsy and Case Reports,22361960,3,Indexada,3,True,True,True,False,0,5.7
Avaliação Revista da Avaliação da Educação Superior (Campinas),14144077,3,Indexada,1,True,False,False,False,0,2.3
Avances en Psicología Latinoamericana,17944724,3,Indexada,3,True,True,True,False,0,1.0
BMC Cancer,14712407,3,Indexada,3,True,True,True,True,0,18.7
Biological Journal of the Linnean Society,00244066,3,Indexada,2,False,True,True,True,0,2.7
Biomaterials Advances,27729508,3,Indexada,2,False,True,True,True,0,6.7
Biophysical Journal,00063495,3,Indexada,2,False,True,True,True,0,20.7
Brazilian Dental Journal,01036440,3,Indexada,3,True,True,True,True,0,20.0
Brazilian Journal of Operations & Production Management,16798171,3,Indexada,2,False,True,True,False,0,7.3
Brazilian Journal of Pharmaceutical Sciences,19848250,3,Indexada,3,True,True,True,False,0,24.3
Brazilian Journal of Physics,01039733,3,Indexada,2,False,True,True,True,0,6.7
Brazilian Journal of Psychiatry,15164446,3,Indexada,3,True,True,True,False,0,6.7
Brazilian journal of food technology/Brazilian Journal of Food Technology,15167275,3,Indexada,3,True,True,True,True,0,2.7
Caderno Brasileiro de Ensino de Física,16772334,3,Indexada,1,True,False,False,False,0,0.0
Cadernos de Tradução,1414526X,3,Indexada,2,False,True,True,False,0,0.0
Check List,1809127X,3,Indexada,3,True,True,True,True,0,3.0
Chemico-Biological Interactions,00092797,3,Indexada,2,False,True,True,True,0,18.3
Ciencia y enfermería/Ciencia y enfermería,07172079,3,Indexada,3,True,True,True,False,0,2.7
Ciencias Psicológicas,16884094,3,Indexada,3,True,True,True,False,0,3.0
Ciência Agronômica/Revista ciência agronômica,00456888,3,Indexada,3,True,True,True,True,0,0.7
Clinical & Experimental Immunology,00099104,3,Indexada,2,False,True,True,True,0,69.7
Clinical Endocrinology,03000664,3,Indexada,2,False,True,True,True,0,18.7
Clinical Infectious Diseases,10584838,3,Indexada,2,False,True,True,True,0,46.3
Clinical Neurology and Neurosurgery,03038467,3,Indexada,2,False,True,True,True,0,3.3
Clinical and Developmental Immunology,17402522,3,Indexada,2,True,False,True,True,0,41.3
Clinical and Experimental Medicine,15918890,3,Indexada,2,False,True,True,True,0,17.7
Colloquium Vitae,19846436,3,Indexada,1,True,False,False,False,0,1.7
Comparative Biochemistry and Physiology Part A Molecular & Integrative Physiology,10956433,3,Indexada,2,False,True,True,True,0,13.0
Current Microbiology,03438651,3,Indexada,2,False,True,True,True,0,5.3
DELTA Documentação de Estudos em Lingüística Teórica e Aplicada,01024450,3,Indexada,3,True,True,True,False,0,5.7
Desalination and Water Treatment,19443986,3,Indexada,3,True,True,True,True,0,10.3
Disability and Rehabilitation,09638288,3,Indexada,2,False,True,True,False,0,12.0
Diversidade e Educação,23588853,3,Indexada,1,True,False,False,False,0,0.3
Ecology and Evolution,20457758,3,Indexada,3,True,True,True,True,0,8.3
Educação Matemática Debate,25266136,3,Indexada,1,True,False,False,False,0,0.0
Electric Power Systems Research,03787796,3,Indexada,2,False,True,True,True,0,33.7
Emancipacao,15197611,3,Indexada,1,True,False,False,False,0,0.0
Endocrine Pathology,10463976,3,Indexada,2,False,True,True,True,0,7.0
Environmental Technology,09593330,3,Indexada,2,False,True,True,False,0,10.0
Estilos da Clinica,14157128,3,Indexada,1,True,False,False,False,0,1.3
European Journal of Medicinal Chemistry,02235234,3,Indexada,2,False,True,True,True,0,42.0
European Journal of Neuroscience,0953816X,3,Indexada,2,False,True,True,True,0,32.0
European Journal of Pharmaceutical Sciences,09280987,3,Indexada,3,True,True,True,True,0,35.0
European Journal of Sport Science,15367290,3,Indexada,3,True,True,True,True,0,22.3
Exacta,16785428,3,Indexada,1,True,False,False,False,0,0.3
Expert Systems with Applications,09574174,3,Indexada,2,False,True,True,True,0,41.3
Floresta e Ambiente,14150980,3,Indexada,3,True,True,True,False,0,3.7
Frontiers in Bioinformatics,26737647,3,Indexada,3,True,True,True,True,0,10.0
Frontiers in Public Health,22962565,3,Indexada,3,True,True,True,True,0,8.3
Geriatric Nursing,01974572,3,Indexada,2,False,True,True,True,0,7.3
"Gondola/Góndola, enseñanza y aprendizaje de las ciencias",21454981,3,Indexada,1,True,False,False,False,0,0.0
Gynecologic and Obstetric Investigation,03787346,3,Indexada,2,False,True,True,False,0,19.7
Gynecological Endocrinology,09513590,3,Indexada,3,True,True,True,False,0,5.0
Healthcare,22279032,3,Indexada,2,False,True,True,True,0,5.0
História Revista,14146312,3,Indexada,1,True,False,False,False,0,0.3
Hypertension,0194911X,3,Indexada,2,False,True,True,False,0,78.7
IEEE Transactions on Communications,00906778,3,Indexada,2,False,True,True,True,0,0.7
IEEE Transactions on Vehicular Technology,00189545,3,Indexada,2,False,True,True,True,0,6.7
INTERFACES DA EDUCAÇÃO,21777691,3,Indexada,1,True,False,False,False,0,0.3
Immunology,00192805,3,Indexada,2,False,True,True,True,0,27.3
Infection and Immunity,00199567,3,Indexada,3,True,True,True,False,0,48.0
Inflammation,03603997,3,Indexada,2,False,True,True,True,0,11.3
International Journal of Food Science & Technology,09505423,3,Indexada,3,True,True,True,True,0,10.3
International Journal of Logistics Systems and Management,17427967,3,Indexada,2,False,True,True,False,0,1.3
International Journal of Nutrology,19843011,3,Indexada,2,False,True,True,False,0,1.0
International Journal of Quantum Chemistry,00207608,3,Indexada,2,False,True,True,True,0,1.7
Investigações em Ensino de Ciências,15188795,3,Indexada,3,True,True,True,False,0,2.0
Irriga,14137895,3,Indexada,2,False,True,True,False,0,1.0
Journal of Anatomy,00218782,3,Indexada,2,False,True,True,True,0,57.0
Journal of Animal Science,00218812,3,Indexada,2,False,True,True,True,0,0.3
Journal of Applied Polymer Science,00218995,3,Indexada,2,False,True,True,True,0,33.3
Journal of Approximation Theory,00219045,3,Indexada,2,False,True,True,True,0,11.7
Journal of Clinical Medicine,20770383,3,Indexada,2,False,True,True,True,0,11.3
Journal of Complementary and Integrative Medicine,15533840,3,Indexada,2,False,True,True,True,0,10.3
Journal of Computational and Applied Mathematics,03770427,3,Indexada,2,False,True,True,True,0,5.7
Journal of Cosmetic Dermatology,14732130,3,Indexada,2,False,True,True,True,0,14.0
Journal of Endodontics,00992399,3,Indexada,2,False,True,True,True,0,50.3
Journal of Ethnopharmacology,03788741,3,Indexada,2,False,True,True,True,0,31.0
Journal of Hand Therapy,08941130,3,Indexada,2,False,True,True,True,0,3.3
Journal of Human Nutrition and Dietetics,09523871,3,Indexada,2,False,True,True,True,0,14.7
Journal of Human Sport and Exercise,19885202,3,Indexada,2,False,True,True,True,0,16.0
Journal of Molecular Modeling,09485023,3,Indexada,2,False,True,True,True,0,8.7
Journal of Neuroscience Methods,01650270,3,Indexada,2,False,True,True,True,0,29.0
Journal of Oral and Maxillofacial Surgery,02782391,3,Indexada,2,False,True,True,True,0,18.0
Journal of Pediatric Surgery,00223468,3,Indexada,2,False,True,True,True,0,14.0
Journal of Perinatal Medicine,03005577,3,Indexada,3,True,True,True,True,0,7.0
Journal of Tropical Medicine,16879686,3,Indexada,3,True,True,True,True,0,18.7
Journal of Ultrasound in Medicine,02784297,3,Indexada,2,False,True,True,True,0,6.3
Journal of the Brazilian Society of Mechanical Sciences and Engineering,16785878,3,Indexada,2,False,True,True,True,0,7.0
Kidney & Blood Pressure Research,14204096,3,Indexada,3,True,True,True,True,0,11.3
Kidney International,00852538,3,Indexada,2,False,True,True,True,0,27.7
Langmuir,07437463,3,Indexada,2,False,True,True,True,0,20.7
Linhas Crí­ticas,15164896,3,Indexada,1,True,False,False,False,0,4.7
Lupus,09612033,3,Indexada,2,False,True,True,True,0,15.7
Materials Letters,0167577X,3,Indexada,2,False,True,True,True,0,8.7
Measurement in Physical Education and Exercise Science,1091367X,3,Indexada,2,False,True,True,False,0,0.3
Meat Science,03091740,3,Indexada,2,False,True,True,True,0,115.3
Medicine,00257974,3,Indexada,3,True,True,True,True,0,12.3
Microbes and Infection,12864579,3,Indexada,2,False,True,True,True,0,31.3
Molecules,14203049,3,Indexada,3,True,True,True,True,0,38.7
Motricidade,1646107X,3,Indexada,3,True,True,True,True,0,27.0
Nanomaterials,20794991,3,Indexada,3,True,True,True,True,0,14.7
Nativa,23187670,3,Indexada,2,False,True,True,True,0,0.7
Next Materials,29498228,3,Indexada,3,True,True,True,True,0,5.3
Obesity Surgery,09608923,3,Indexada,2,False,True,True,True,0,8.0
Parasite Immunology,01419838,3,Indexada,2,False,True,True,True,0,39.7
Pediatric Research,00313998,3,Indexada,2,False,True,True,True,0,2.3
Pesquisa Agropecuária Brasileira,0100204X,3,Indexada,3,True,True,True,False,0,14.0
Pesquisa Brasileira em Odontopediatria e Clínica Integrada,15190501,3,Indexada,3,True,True,True,True,0,0.3
Pharmacogenomics,14622416,3,Indexada,2,False,True,True,False,0,3.7
Pharmacological Reports,17341140,3,Indexada,2,False,True,True,True,0,23.7
Photodiagnosis and Photodynamic Therapy,15721000,3,Indexada,3,True,True,True,True,0,30.3
Photomedicine and Laser Surgery,15495418,3,Indexada,1,False,False,True,False,0,35.7
Physica B Condensed Matter,09214526,3,Indexada,2,False,True,True,True,0,7.3
Plants,22237747,3,Indexada,3,True,True,True,True,0,2.7
Polímeros,01041428,3,Indexada,3,True,True,True,True,0,34.7
Pregnancy Hypertension,22107789,3,Indexada,2,False,True,True,True,0,1.0
Probiotics and Antimicrobial Proteins,18671306,3,Indexada,2,False,True,True,True,0,3.7
Proceedings of the National Academy of Sciences,00278424,3,Indexada,2,False,True,True,False,0,44.7
Prometeica - Revista de Filosofía y Ciencias,18529488,3,Indexada,3,True,True,True,False,0,0.3
Psicologia Revista,14134063,3,Indexada,1,True,False,False,False,0,3.0
Psicología Conocimiento y Sociedad,16887026,3,Indexada,1,True,False,False,False,0,2.0
Psychologica,08714657,3,Indexada,1,True,False,False,False,0,1.3
RBPFEX - Revista Brasileira de Prescrição e Fisiologia do Exercício,19819900,3,Indexada,1,True,False,False,False,0,0.0
Raega - O Espaço Geográfico em Análise,15164136,3,Indexada,2,False,True,True,False,0,5.3
Remate de Males,0103183X,3,Indexada,1,True,False,False,False,0,0.0
Research in Veterinary Science,00345288,3,Indexada,2,False,True,True,True,0,5.0
Revista Brasileira de Botânica,01008404,3,Indexada,2,False,True,True,True,0,20.0
Revista Brasileira de Ciências Ambientais,18084524,3,Indexada,3,True,True,True,False,0,4.0
Revista Brasileira de História,01020188,3,Indexada,3,True,True,True,False,0,1.0
Revista Brasileira de Orientação Profissional,16793390,3,Indexada,2,False,True,True,False,0,3.3
Revista Brasileira de Otorrinolaringologia,00347299,3,Indexada,1,False,False,True,False,0,2.3
Revista Brasileira de Sexualidade Humana,01036122,3,Indexada,1,True,False,False,False,0,0.3
Revista Brasileira de Terapia Intensiva,0103507X,3,Indexada,2,True,False,True,False,0,13.7
Revista CEFAC,15161846,3,Indexada,1,True,False,False,True,0,2.7
Revista Contexto & Educação,01028758,3,Indexada,1,True,False,False,True,0,1.3
Revista Cultura Agronômica,01041010,3,Indexada,1,True,False,False,True,0,4.7
Revista Dor,18060013,3,Indexada,1,True,False,False,False,0,8.0
Revista Educação e Emancipação,16776097,3,Indexada,1,True,False,False,False,0,0.7
Revista FSA,18066356,3,Indexada,1,True,False,False,False,0,0.0
Revista Gestão Universitária na América Latina - GUAL,19834535,3,Indexada,1,True,False,False,False,0,1.7
Revista História Hoje,18063993,3,Indexada,3,True,True,True,False,0,1.3
Revista Internacional de Educação Superior,24469424,3,Indexada,1,True,False,False,False,0,0.0
Revista NUPEM,21757429,3,Indexada,1,True,False,False,False,0,1.0
Revista Opinião Filosófica,21781176,3,Indexada,1,True,False,False,False,0,0.0
Revista Pesquisa em Fisioterapia,22382704,3,Indexada,3,True,True,True,False,0,0.7
Revista Psicologia Diversidade e Saúde,23173394,3,Indexada,1,True,False,False,False,0,4.0
Revista Sustinere,23590424,3,Indexada,1,True,False,False,False,0,0.0
Revista Uningá,18075053,3,Indexada,1,True,False,False,False,0,0.7
Revista da Sociedade Brasileira de Arborização Urbana,19807694,3,Indexada,1,True,False,False,False,0,0.3
Revista de Administração Contabilidade e Economia da Fundace,21787638,3,Indexada,1,True,False,False,False,0,1.0
Revista de Educação Matemática,16768868,3,Indexada,1,True,False,False,False,0,0.3
Revista de Nutrição,14155273,3,Indexada,2,False,True,True,False,0,11.7
Revista de Psicologia,01021222,3,Indexada,1,True,False,False,False,0,0.3
Revista do Instituto de Latícinios Cândido Tostes,01003674,3,Indexada,1,True,False,False,False,0,5.7
Revista em Agronegócio e Meio Ambiente,19819951,3,Indexada,2,False,True,True,False,0,3.7
Science & Sports,07651597,3,Indexada,2,False,True,True,True,0,11.0
Sedimentary Geology,00370738,3,Indexada,2,False,True,True,True,0,37.0
Sententiae,20756461,3,Indexada,3,True,True,True,False,0,0.3
Serviço Social e Saúde,24465992,3,Indexada,1,True,False,False,False,0,0.0
Talanta,00399140,3,Indexada,2,False,True,True,True,0,37.7
Tempo Psicanalítico,01014838,3,Indexada,2,False,True,True,False,0,0.7
Texto Livre Linguagem e Tecnologia,19833652,3,Indexada,3,True,True,True,False,0,0.7
The Journal of Infection in Developing Countries,19722680,3,Indexada,3,True,True,True,True,0,10.3
Ticks and Tick-borne Diseases,1877959X,3,Indexada,3,True,True,True,True,0,52.0
Transfusion,00411132,3,Indexada,2,False,True,True,True,0,38.7
Transfusion Medicine,09587578,3,Indexada,2,False,True,True,True,0,11.7
ULTRASONOGRAPHY,22885919,3,Indexada,3,True,True,True,False,0,16.3
Urology,00904295,3,Indexada,2,False,True,True,True,0,208.0
Veritas (Porto Alegre),00423955,3,Indexada,1,True,False,False,False,0,1.0
A&C - Revista de Direito Administrativoe & Constitucional,15163210,2,Indexada,2,False,True,True,False,0,0.5
AIDS Research and Human Retroviruses,08892229,2,Indexada,2,False,True,True,False,0,6.5
AIP Advances,21583226,2,Indexada,3,True,True,True,True,0,3.0
ARQUIVOS BRASILEIROS DE CARDIOLOGIA - IMAGEM CARDIOVASCULAR,23188219,2,Indexada,1,True,False,False,False,0,0.5
Acta Agronómica,01202812,2,Indexada,3,True,True,True,False,0,12.0
Acta Alimentaria,01393006,2,Indexada,2,False,True,True,False,0,7.5
Acta Oto-Laryngologica,00016489,2,Indexada,2,False,True,True,False,0,6.0
Acta Scientiae,15174492,2,Indexada,2,False,True,True,False,0,0.0
Acta Scientiarum Animal Sciences,18062636,2,Indexada,3,True,True,True,False,0,3.5
Acta Scientiarum Biological Sciences,16799283,2,Indexada,3,True,True,True,False,0,1.0
Acta Scientiarum Education,21785198,2,Indexada,3,True,True,True,False,0,3.0
Advances in Horticultural Science,03946169,2,Indexada,3,True,True,True,False,0,4.0
Aging Medicine,24750360,2,Indexada,3,True,True,True,True,0,2.5
Agronomy Journal,00021962,2,Indexada,2,False,True,True,True,0,9.0
Alexandria Revista de Educação em Ciência e Tecnologia,19825153,2,Indexada,1,True,False,False,False,0,5.0
Amazônia Revista de Educação em Ciências e Matemáticas,19805128,2,Indexada,1,True,False,False,False,0,1.5
Ambiente & Educação,14138638,2,Indexada,1,True,False,False,False,0,2.0
Ameghiniana,00027014,2,Indexada,2,False,True,True,False,0,5.0
American Journal Of Pathology,00029440,2,Indexada,2,False,True,True,True,0,124.5
American Journal of Medical Genetics,01487299,2,Indexada,1,False,False,True,False,0,8.0
American Journal of Medical Genetics Part A,15524825,2,Indexada,2,False,True,True,True,0,7.5
Anais do Museu Paulista História e Cultura Material,01014714,2,Indexada,3,True,True,True,False,0,0.5
Angiology,00033197,2,Indexada,2,False,True,True,True,0,12.0
Animal Reproduction Science,03784320,2,Indexada,2,False,True,True,True,0,3.0
Aquatic Toxicology,0166445X,2,Indexada,2,False,True,True,True,0,10.5
Aquichan,16575997,2,Indexada,3,True,True,True,False,0,3.0
Archives of Pathology & Laboratory Medicine,00039985,2,Indexada,2,False,True,True,False,0,13.0
BMC Genomics,14712164,2,Indexada,3,True,True,True,True,0,26.5
BMC Health Services Research,14726963,2,Indexada,3,True,True,True,True,0,55.5
BMC Pregnancy and Childbirth,14712393,2,Indexada,3,True,True,True,True,0,5.0
BMC Research Notes,17560500,2,Indexada,3,True,True,True,True,0,20.0
Bacteria,26741334,2,Indexada,3,True,True,True,True,0,9.0
Berichte aus der medizinischen Informatik und Bioinformatik/Journal of integrative bioinformatics,14324385,2,Indexada,1,True,False,False,True,0,5.0
Biochimica et Biophysica Acta (BBA) - Biomembranes,00052736,2,Indexada,2,False,True,True,True,0,13.5
Biomarkers,1354750X,2,Indexada,2,False,True,True,False,0,21.0
Biomass and Bioenergy,09619534,2,Indexada,2,False,True,True,True,0,10.0
Biomedical Materials,17486041,2,Indexada,2,False,True,True,True,0,10.0
Biomedicine & Pharmacotherapy,07533322,2,Indexada,2,False,True,True,True,0,16.5
Biomédica,01204157,2,Indexada,3,True,True,True,False,0,6.0
Bioprocess and Biosystems Engineering,16157591,2,Indexada,2,False,True,True,True,0,12.0
Biosensors,20796374,2,Indexada,3,True,True,True,True,0,35.5
Biotemas,01031643,2,Indexada,1,True,False,False,True,0,4.5
Blood,00064971,2,Indexada,2,False,True,True,True,0,80.0
Blood Cells Molecules and Diseases,10799796,2,Indexada,2,False,True,True,True,0,24.0
Bolema Boletim de Educação Matemática,0103636X,2,Indexada,2,False,True,True,False,0,1.0
Boletim do Instituto de Pesca,00469939,2,Indexada,3,True,True,True,True,0,9.0
Brain Research,00068993,2,Indexada,2,False,True,True,True,0,29.0
Brazilian Journal of Motor Behavior,19805586,2,Indexada,3,True,True,True,False,0,1.0
Brazilian Journal of Oncology,18066054,2,Indexada,1,True,False,False,False,0,0.0
Brazilian Journal of Veterinary Pathology,19830246,2,Indexada,3,True,True,True,False,0,9.5
Brazilian Journal of Veterinary Research and Animal Science,14139596,2,Indexada,2,False,True,True,True,0,0.5
Brazilian Oral Research,15177491,2,Indexada,1,True,False,False,False,0,21.5
Cadernos de Estudos Lingüísticos,01025767,2,Indexada,1,True,False,False,False,0,0.0
Cadernos de Linguagem e Sociedade,01049712,2,Indexada,2,False,True,True,False,0,0.0
Cadernos de Naturologia e Terapias Complementares,23167580,2,Indexada,1,True,False,False,False,0,1.0
Cadernos de Psicologia Social do Trabalho,15163717,2,Indexada,1,True,False,False,False,0,2.0
Caminho Aberto revista de extensão do IFSC,23590580,2,Indexada,1,True,False,False,False,0,0.0
Canadian Journal of Anesthesia/Journal canadien d anesthésie,0832610X,2,Indexada,2,False,True,True,True,0,17.0
Cancer Chemotherapy and Pharmacology,03445704,2,Indexada,2,False,True,True,True,0,28.0
Cardiology in the Young,10479511,2,Indexada,2,False,True,True,True,0,1.5
Case Reports in Neurology,1662680X,2,Indexada,3,True,True,True,True,0,1.5
Case Reports in Obstetrics and Gynecology,20906684,2,Indexada,3,True,True,True,True,0,13.0
Catalysis Today,09205861,2,Indexada,2,False,True,True,True,0,21.5
Ceramics International,02728842,2,Indexada,2,False,True,True,True,0,7.5
Chemical Engineering & Technology,09307516,2,Indexada,2,False,True,True,True,0,10.5
Chemical Engineering Communications,00986445,2,Indexada,2,False,True,True,False,0,7.0
Chemical Product and Process Modeling,19342659,2,Indexada,2,False,True,True,True,0,1.0
Child s Nervous System,02567040,2,Indexada,2,False,True,True,True,0,0.0
Chronobiology International,07420528,2,Indexada,2,False,True,True,False,0,6.0
Civitas - Revista de Ciências Sociais,15196089,2,Indexada,3,True,True,True,False,0,0.0
Ciência & Trópico,03042685,2,Indexada,1,True,False,False,False,0,0.5
Ciência Florestal,01039954,2,Indexada,3,True,True,True,True,0,1.5
Ciência e Agrotecnologia,14137054,2,Indexada,3,True,True,True,True,0,3.5
Clinical Dysmorphology,09628827,2,Indexada,2,False,True,True,False,0,11.0
Clinical EEG and Neuroscience,15500594,2,Indexada,2,False,True,True,True,0,17.0
Clinical Kidney Journal,20488505,2,Indexada,3,True,True,True,True,0,3.5
Clinical Oral Investigations,14326981,2,Indexada,2,False,True,True,True,0,45.5
Clinical Pharmacology & Therapeutics,00099236,2,Indexada,2,False,True,True,True,0,29.0
Clinical Rheumatology,07703198,2,Indexada,2,False,True,True,True,0,32.5
Clinical Science,01435221,2,Indexada,2,False,True,True,False,0,39.5
Clinical Transplantation,09020063,2,Indexada,2,False,True,True,True,0,29.5
Clinical and Experimental Hypertension,01483927,2,Indexada,1,True,False,False,False,0,5.0
Clinical and Experimental Obstetrics & Gynecology,03906663,2,Indexada,3,True,True,True,True,0,0.0
Clinical and Experimental Pharmacology and Physiology,03051870,2,Indexada,2,False,True,True,True,0,14.0
Colloquium Agrariae,18098215,2,Indexada,1,True,False,False,False,0,1.0
Colombia medica,01208322,2,Indexada,2,False,True,True,False,0,25.0
Communications in Soil Science and Plant Analysis,00103624,2,Indexada,2,False,True,True,False,0,5.5
Comparative Biochemistry and Physiology Part C Toxicology & Pharmacology,15320456,2,Indexada,2,False,True,True,True,0,25.0
Complementary Therapies in Medicine,09652299,2,Indexada,3,True,True,True,True,0,31.5
Computer Aided Geometric Design,01678396,2,Indexada,2,False,True,True,True,0,9.5
Comunicata Scientiae,21769079,2,Indexada,2,False,True,True,False,0,1.5
Confins,19589212,2,Indexada,1,True,False,False,False,0,0.0
Corrosion Science,0010938X,2,Indexada,2,False,True,True,True,0,190.0
Counselling and Psychotherapy Research,14733145,2,Indexada,2,False,True,True,True,0,3.0
Critical Care,13648535,2,Indexada,3,True,True,True,True,0,2.5
Critical Care Medicine,00903493,2,Indexada,2,False,True,True,False,0,78.0
Crop Breeding and Applied Biotechnology,15187853,2,Indexada,3,True,True,True,False,0,9.5
Crop Science,0011183X,2,Indexada,2,False,True,True,True,0,17.0
Current HIV Research,1570162X,2,Indexada,2,False,True,True,False,0,4.0
Current Pharmaceutical Design,13816128,2,Indexada,2,False,True,True,False,0,31.0
Cytokine,10434666,2,Indexada,2,False,True,True,True,0,19.0
Dementia & Neuropsychologia,19805764,2,Indexada,3,True,True,True,False,0,16.5
Developmental Medicine & Child Neurology,00121622,2,Indexada,2,False,True,True,True,0,3.0
Diagnostics,20754418,2,Indexada,3,True,True,True,True,0,2.5
Discurso & sociedad,18874606,2,Indexada,3,True,True,True,False,0,0.5
Diseases of the Esophagus,11208694,2,Indexada,2,False,True,True,True,0,43.0
Diversity,14242818,2,Indexada,3,True,True,True,True,0,9.5
Drying Technology,07373937,2,Indexada,2,False,True,True,False,0,22.0
Early Human Development,03783782,2,Indexada,2,False,True,True,True,0,11.0
Educación Física y Ciencia,15140105,2,Indexada,1,True,False,False,False,0,1.0
Educación Química,0187893X,2,Indexada,3,True,True,True,False,0,2.0
Educar em Revista,01044060,2,Indexada,1,True,False,False,False,0,5.5
Educação Unisinos,1519387X,2,Indexada,1,True,False,False,False,0,4.0
Electroanalysis,10400397,2,Indexada,2,False,True,True,True,0,8.0
Electronic Journal of Biotechnology,07173458,2,Indexada,3,True,True,True,True,0,17.0
EntomoBrasilis,19830572,2,Indexada,1,True,False,False,True,0,8.0
Environmental Chemistry Letters,16103653,2,Indexada,2,False,True,True,True,0,173.0
Environmental Education Research,13504622,2,Indexada,2,False,True,True,False,0,1.5
Environmental Monitoring and Assessment,01676369,2,Indexada,2,False,True,True,True,0,10.0
Environmental Progress & Sustainable Energy,19447442,2,Indexada,2,False,True,True,True,0,16.5
Epilepsy & Behavior,15255050,2,Indexada,2,False,True,True,True,0,6.5
Euphytica,00142336,2,Indexada,2,False,True,True,True,0,6.5
European Heart Journal,0195668X,2,Indexada,2,False,True,True,True,0,6.0
European Journal of Cancer Prevention,09598278,2,Indexada,2,False,True,True,False,0,28.0
European Journal of Immunology,00142980,2,Indexada,2,False,True,True,True,0,198.5
European Journal of Inorganic Chemistry,10990682,2,Indexada,2,False,True,True,True,0,7.0
European Journal of Pharmacology,00142999,2,Indexada,2,False,True,True,True,0,15.5
Experimental Aging Research,0361073X,2,Indexada,2,False,True,True,False,0,13.5
Exploration of Immunology,27686655,2,Indexada,3,True,True,True,False,0,6.0
Fermentation,23115637,2,Indexada,3,True,True,True,True,0,9.5
Filosofia e História da Biologia,1983053X,2,Indexada,1,True,False,False,False,0,0.0
Fish Physiology and Biochemistry,09201742,2,Indexada,2,False,True,True,True,0,0.5
Food Bioscience,22124292,2,Indexada,2,False,True,True,True,0,1.0
Food Science and Technology,01012061,2,Indexada,1,False,False,True,True,0,12.5
Food Science and Technology International,10820132,2,Indexada,2,False,True,True,True,0,9.0
Food and Chemical Toxicology,02786915,2,Indexada,2,False,True,True,True,0,36.5
Foods,23048158,2,Indexada,3,True,True,True,True,0,21.5
Forests,19994907,2,Indexada,2,False,True,True,True,0,3.5
Fronteiras Journal of Social Technological and Environmental Science,22388869,2,Indexada,3,True,True,True,False,0,0.5
Frontiers in Aging Neuroscience,16634365,2,Indexada,3,True,True,True,True,0,15.0
Frontiers in Cardiovascular Medicine,2297055X,2,Indexada,3,True,True,True,True,0,5.0
Frontiers in Pediatrics,22962360,2,Indexada,3,True,True,True,True,0,1.5
Frontiers in Pharmacology,16639812,2,Indexada,3,True,True,True,True,0,21.5
Future Microbiology,17460913,2,Indexada,2,False,True,True,False,0,9.5
GEOGRAFIA (Londrina),01023888,2,Indexada,1,True,False,False,False,0,0.5
GEOUSP Espaço e Tempo (Online),14147416,2,Indexada,1,True,False,False,False,0,0.5
Gait & Posture,09666362,2,Indexada,2,False,True,True,True,0,12.0
Genes,20734425,2,Indexada,2,False,True,True,True,0,0.5
Genomics,08887543,2,Indexada,3,True,True,True,True,0,10.5
Geografia Ensino & Pesquisa,01031538,2,Indexada,1,True,False,False,False,0,1.5
Geoheritage,18672477,2,Indexada,2,False,True,True,True,0,6.0
Gut Pathogens,17574749,2,Indexada,3,True,True,True,True,0,8.5
Hansenologia Internationallis hanseníase e outras doenças infecciosas,01003283,2,Indexada,1,True,False,False,False,0,5.0
Head & Face Medicine,1746160X,2,Indexada,3,True,True,True,True,0,11.5
Heart & Lung,01479563,2,Indexada,2,False,True,True,True,0,2.0
Heliyon,24058440,2,Indexada,3,True,True,True,True,0,23.5
Hemoglobin,03630269,2,Indexada,2,False,True,True,False,0,20.5
Historical Biology,08912963,2,Indexada,2,False,True,True,False,0,16.0
História (São Paulo),01019074,2,Indexada,3,True,True,True,False,0,1.0
História da Educação,14143518,2,Indexada,3,True,True,True,False,0,2.0
Horticultura Brasileira,01020536,2,Indexada,2,False,True,True,False,0,6.0
Hydrobiologia,00188158,2,Indexada,2,False,True,True,True,0,9.0
IEEE Transactions on Power Electronics,08858993,2,Indexada,2,False,True,True,True,0,15.0
IEEE Wireless Communications Letters,21622337,2,Indexada,2,False,True,True,True,0,2.5
IET Power Electronics,17554535,2,Indexada,3,True,True,True,True,0,6.0
Ideação,15186911,2,Indexada,1,True,False,False,False,0,0.0
Immunotherapy,1750743X,2,Indexada,2,False,True,True,False,0,2.5
Industrial Crops and Products,09266690,2,Indexada,3,True,True,True,True,0,120.0
Infection Genetics and Evolution,15671348,2,Indexada,3,True,True,True,True,0,480.0
Ingeniería Energética,02535645,2,Indexada,1,True,False,False,False,0,0.0
Inorganica Chimica Acta,00201693,2,Indexada,2,False,True,True,True,0,20.0
Insect Conservation and Diversity,1752458X,2,Indexada,2,False,True,True,True,0,13.0
Insect Systematics and Diversity,23993421,2,Indexada,2,False,True,True,True,0,3.0
Interciencia,03781844,2,Indexada,2,False,True,True,False,0,0.0
International Journal of Computer Applications in Technology,09528091,2,Indexada,2,False,True,True,False,0,1.5
International Journal of Electrochemical Science,14523981,2,Indexada,2,True,True,False,True,0,21.0
International Journal of Energy Technology and Policy,14728923,2,Indexada,2,False,True,True,False,0,1.0
International Journal of Experimental Pathology,09599673,2,Indexada,2,False,True,True,True,0,13.5
International Journal of Gynecological Cancer,1048891X,2,Indexada,2,False,True,True,True,0,54.5
International Journal of Infectious Diseases,12019712,2,Indexada,3,True,True,True,True,0,2.0
International Journal of Modern Physics C,01291831,2,Indexada,2,False,True,True,False,0,4.5
International Journal of Pediatric Otorhinolaryngology,01655876,2,Indexada,2,False,True,True,True,0,5.0
International Journal of Peptide Research and Therapeutics,15733149,2,Indexada,2,False,True,True,True,0,3.0
International Journal of Production Economics,09255273,2,Indexada,2,False,True,True,True,0,47.0
International Journal of Therapy and Rehabilitation,17411645,2,Indexada,2,False,True,True,False,0,4.5
International Security,01622889,2,Indexada,2,False,True,True,False,0,173.5
International Transactions on Electrical Energy Systems,20507038,2,Indexada,3,True,True,True,True,0,3.0
International journal of cardiac imaging,01679899,2,Indexada,1,False,False,True,True,0,8.5
Investigative Ophthalmology & Visual Science,01460404,2,Indexada,3,True,True,True,True,0,0.0
Issues in Mental Health Nursing,01612840,2,Indexada,2,False,True,True,False,0,26.5
JOSPT open.,28328280,2,Indexada,1,True,False,False,False,0,0.0
Jornal de Pediatria (Versão em Português),22555536,2,Indexada,1,True,False,False,False,0,0.5
Journal Of Clinical Periodontology,03036979,2,Indexada,2,False,True,True,True,0,105.0
Journal of Aerospace Technology and Management,19849648,2,Indexada,3,True,True,True,True,0,8.0
Journal of Agricultural and Food Chemistry,00218561,2,Indexada,2,False,True,True,True,0,22.5
Journal of Analytical and Applied Pyrolysis,01652370,2,Indexada,2,False,True,True,True,0,39.0
Journal of Applied Electrochemistry,0021891X,2,Indexada,2,False,True,True,True,0,15.0
Journal of Applied Oral Science,16787757,2,Indexada,3,True,True,True,False,0,21.0
Journal of Applied Toxicology,0260437X,2,Indexada,1,False,True,False,True,0,0.0
Journal of Cardiac Arrhythmias,26747081,2,Indexada,1,True,False,False,False,0,0.0
Journal of Central Nervous System Disease,11795735,2,Indexada,3,True,True,True,True,0,7.5
Journal of Chemical Education,00219584,2,Indexada,2,False,True,True,True,0,2.0
Journal of Chemical Information and Modeling,15499596,2,Indexada,2,False,True,True,True,0,22.5
Journal of Chemistry,20909063,2,Indexada,3,True,True,True,True,0,2.5
Journal of Clinical Virology,13866532,2,Indexada,2,False,True,True,True,0,22.0
Journal of Computational Chemistry,01928651,2,Indexada,2,False,True,True,True,0,10.5
Journal of Coordination Chemistry,00958972,2,Indexada,2,False,True,True,False,0,10.5
Journal of Cosmetic and Laser Therapy,14764172,2,Indexada,2,False,True,True,False,0,30.5
Journal of Crystal Growth,00220248,2,Indexada,2,False,True,True,True,0,10.5
Journal of Electroanalytical Chemistry,15726657,2,Indexada,2,False,True,True,True,0,24.5
Journal of Environmental Engineering,07339372,2,Indexada,2,False,True,True,False,0,5.0
Journal of Evaluation in Clinical Practice,13561294,2,Indexada,1,False,True,False,True,0,0.0
Journal of Exercise Science & Fitness,1728869X,2,Indexada,3,True,True,True,True,0,38.5
Journal of Food Process Engineering,01458876,2,Indexada,2,False,True,True,True,0,30.0
Journal of Food Safety,01496085,2,Indexada,2,False,True,True,True,0,17.5
Journal of Human Immunity,30658993,2,Indexada,1,True,False,False,False,0,0.0
Journal of Human Kinetics,16405544,2,Indexada,2,False,True,True,False,0,33.0
Journal of Indian Society of Periodontology,0972124X,2,Indexada,3,True,True,True,False,0,8.0
Journal of Instrumentation,17480221,2,Indexada,2,False,True,True,True,0,16.5
Journal of Manual & Manipulative Therapy,10669817,2,Indexada,2,False,True,True,False,0,2.0
Journal of Mathematical Analysis and Applications,0022247X,2,Indexada,2,False,True,True,True,0,36.0
Journal of Medical Case Reports,17521947,2,Indexada,3,True,True,True,True,0,0.5
Journal of Molecular Graphics and Modelling,10933263,2,Indexada,2,False,True,True,True,0,10.0
Journal of Nuclear Cardiology,10713581,2,Indexada,2,False,True,True,True,0,15.0
Journal of Obstetrics and Gynaecology Canada,17012163,2,Indexada,2,False,True,True,True,0,0.5
Journal of Orthopaedic and Sports Physical Therapy,01906011,2,Indexada,2,False,True,True,False,0,4.0
Journal of Pain and Symptom Management,08853924,2,Indexada,2,False,True,True,True,0,4.5
Journal of Pediatric Endocrinology and Metabolism,0334018X,2,Indexada,2,False,True,True,True,0,17.5
Journal of PeriAnesthesia Nursing,10899472,2,Indexada,2,False,True,True,True,0,3.0
Journal of Pharmaceutical and Biomedical Analysis,07317085,2,Indexada,2,False,True,True,True,0,9.0
Journal of Physics Condensed Matter,09538984,2,Indexada,2,False,True,True,True,0,1.0
Journal of Physics G Nuclear and Particle Physics,09543899,2,Indexada,2,False,True,True,True,0,95.0
Journal of Public Health,09431853,2,Indexada,1,False,False,True,True,0,0.5
Journal of Zoology,09528369,2,Indexada,2,False,True,True,True,0,19.5
Journal of the American Academy of Dermatology,01909622,2,Indexada,2,False,True,True,True,0,0.0
Journal of the American College of Cardiology,07351097,2,Indexada,2,False,True,True,True,0,0.5
Journal of the European Academy of Dermatology and Venereology,09269959,2,Indexada,2,False,True,True,True,0,39.5
Journal of the Operational Research Society,01605682,2,Indexada,2,False,True,True,False,0,10.0
Journal of the Turkish-German Gynecological Association,13090380,2,Indexada,2,False,True,True,False,0,5.5
Lasers in Medical Science,02688921,2,Indexada,2,False,True,True,True,0,24.5
Latin American Journal of Solids and Structures,16797817,2,Indexada,3,True,True,True,True,0,2.5
Lethaia,00241164,2,Indexada,3,True,True,True,True,0,16.0
Letras & letras,01023527,2,Indexada,1,True,False,False,False,0,0.0
Letras de Hoje,01013335,2,Indexada,1,True,False,False,False,0,0.5
Libertas,15189325,2,Indexada,1,True,False,False,False,0,0.0
Locus - Revista de História,14133024,2,Indexada,1,True,False,False,False,0,0.0
Marine and Freshwater Research,13231650,2,Indexada,2,False,True,True,False,0,13.5
Materials,19961944,2,Indexada,2,False,True,True,True,0,17.0
Materials Today Communications,23524928,2,Indexada,2,False,True,True,True,0,21.0
Maternal and Child Health Journal,10927875,2,Indexada,2,False,True,True,True,0,10.0
Medical Problems of Performing Artists,08851158,2,Indexada,2,False,True,True,False,0,11.0
Meio Ambiente (Brasil),26753065,2,Indexada,1,True,False,False,False,0,0.0
Memorandum Memória e História em Psicologia,16761669,2,Indexada,1,True,False,False,False,0,1.5
Microbiology Australia,13244272,2,Indexada,3,True,True,True,False,0,1.5
Microbiology Resource Announcements,2576098X,2,Indexada,2,False,True,True,False,0,0.0
Modern Pathology,08933952,2,Indexada,2,False,True,True,True,0,16.5
Molecular Diversity,13811991,2,Indexada,2,False,True,True,True,0,9.5
Molecular and Cellular Biochemistry,03008177,2,Indexada,2,False,True,True,True,0,9.5
Mosaico,2178227X,2,Indexada,1,True,False,False,True,0,0.5
Nature Communications,20411723,2,Indexada,3,True,True,True,True,0,181.5
Neotropical Entomology,1519566X,2,Indexada,2,False,True,True,True,0,19.0
Nephron Experimental Nephrology,16602129,2,Indexada,1,False,False,True,False,0,35.0
Neurology,00283878,2,Indexada,2,False,True,True,False,0,0.5
Nursing Reports,2039439X,2,Indexada,3,True,True,True,True,0,3.5
Nutrition & Food Science,00346659,2,Indexada,2,False,True,True,False,0,2.0
O Eixo e a Roda Revista de Literatura Brasileira,01024809,2,Indexada,1,True,False,False,False,0,0.5
Obstetrics and Gynecology International,16879589,2,Indexada,3,True,True,True,True,0,16.5
Online Brazilian Journal of Nursing,16764285,2,Indexada,3,True,True,True,False,0,18.0
Open Access Journal of Sports Medicine,11791543,2,Indexada,3,True,True,True,True,0,15.5
Oxidative Medicine and Cellular Longevity,19420994,2,Indexada,1,False,True,False,True,0,30.0
PLURAL - Revista de Psicologia UNESP Bauru,29651662,2,Indexada,1,True,False,False,False,0,0.0
Pain Management,17581869,2,Indexada,2,False,True,True,False,0,7.0
Palaeogeography Palaeoclimatology Palaeoecology,00310182,2,Indexada,2,False,True,True,True,0,17.0
Particuology,16742001,2,Indexada,2,False,True,True,True,0,8.0
Pensar en Movimiento Revista de Ciencias del Ejercicio y la Salud,14090724,2,Indexada,1,True,False,False,False,0,1.0
PerCursos,19847246,2,Indexada,1,True,False,False,False,0,0.5
Perioperative Care and Operating Room Management,24056030,2,Indexada,2,False,True,True,True,0,8.0
Philosophical Transactions of the Royal Society B Biological Sciences,09628436,2,Indexada,2,False,True,True,False,0,19.0
Physical review. B./Physical review. B,24699950,2,Indexada,2,False,True,True,False,0,7.0
Physiology & Behavior,00319384,2,Indexada,2,False,True,True,True,0,14.5
Physiotherapy Theory and Practice,09593985,2,Indexada,2,False,True,True,False,0,1.0
Physis Revista de Saúde Coletiva,01037331,2,Indexada,2,False,True,True,False,0,7.0
Planta Daninha,01008358,2,Indexada,2,True,False,True,True,0,7.0
Powder Technology,00325910,2,Indexada,2,False,True,True,True,0,63.5
Process Safety and Environmental Protection,02638762,2,Indexada,2,False,True,True,True,0,18.0
Processes,22279717,2,Indexada,2,False,True,True,True,0,3.0
Production Planning & Control,09537287,2,Indexada,2,False,True,True,False,0,23.5
Progress in Neuro-Psychopharmacology and Biological Psychiatry,02785846,2,Indexada,2,False,True,True,True,0,7.0
Prostaglandins & Other Lipid Mediators,10988823,2,Indexada,2,False,True,True,True,0,3.5
Práticas Educativas Memórias e Oralidades - Rev Pemo,2675519X,2,Indexada,1,True,False,False,False,0,0.0
Psicologia Clínica,01035665,2,Indexada,1,False,False,True,False,0,15.5
Psychiatry Research,01651781,2,Indexada,2,False,True,True,True,0,36.0
PubVet,19821263,2,Indexada,1,True,False,False,True,0,0.0
Public Health Nutrition,13689800,2,Indexada,3,True,True,True,True,0,15.0
RDBCI Revista Digital de Biblioteconomia e Ciência da Informação,1678765X,2,Indexada,3,True,True,True,False,0,0.5
REVISTA AMBIENTE CONTÁBIL - Universidade Federal do Rio Grande do Norte - ISSN 2176-9036,21769036,2,Indexada,1,True,False,False,False,0,0.0
Recent Patents on Anti-Cancer Drug Discovery,15748928,2,Indexada,2,False,True,True,False,0,10.5
Recent Patents on Endocrine Metabolic & Immune Drug Discovery,18722148,2,Indexada,1,False,False,True,False,0,4.5
Research in Developmental Disabilities,08914222,2,Indexada,2,False,True,True,True,0,79.5
Residência Pediátrica,22366814,2,Indexada,1,True,False,False,False,0,0.0
Revista Acta Ambiental Catarinense,16777298,2,Indexada,1,True,False,False,False,0,2.5
Revista Apotheke,24471267,2,Indexada,1,True,False,False,False,0,0.0
Revista Brasileira de Cartografia,05604613,2,Indexada,3,True,True,True,False,0,0.0
Revista Brasileira de Educação,14132478,2,Indexada,3,True,True,True,False,0,442.0
Revista Brasileira de Engenharia de Biossistemas,19817061,2,Indexada,3,True,True,True,True,0,1.5
Revista Brasileira de História da Matemática,1519955X,2,Indexada,1,True,False,False,False,0,0.0
Revista Brasileira de Pesquisa (Auto)Biográfica,2525426X,2,Indexada,1,True,False,False,False,0,0.0
Revista CERES,0034737X,2,Indexada,3,True,True,True,True,0,3.5
Revista CUIDARTE,22160973,2,Indexada,3,True,True,True,False,0,5.5
Revista Caatinga,0100316X,2,Indexada,3,True,True,True,True,0,3.5
Revista Chilena de Terapia Ocupacional,07176767,2,Indexada,1,True,False,False,False,0,3.0
Revista Conexao UEPG,18086578,2,Indexada,1,True,False,False,False,0,0.0
Revista Contemporânea de Educação,18095747,2,Indexada,1,True,False,False,False,0,3.0
Revista Desenvolvimento Social,19828608,2,Indexada,1,True,False,False,False,0,0.0
Revista Docência do Ensino Superior,22375864,2,Indexada,1,True,False,False,False,0,0.0
Revista EDaPECI,2176171X,2,Indexada,1,True,False,False,False,0,0.5
Revista Educação Especial,1808270X,2,Indexada,1,True,False,False,False,0,3.5
Revista Iberoamericana de Micología,11301406,2,Indexada,2,False,True,True,True,0,2.0
Revista Mineira de Recursos Hídricos,26753359,2,Indexada,1,True,False,False,False,0,0.5
Revista Nova Paideia - Revista Interdisciplinar em Educação e Pesquisa,26745976,2,Indexada,1,True,False,False,False,0,4.0
Revista Portuguesa de Enfermagem de Saúde Mental,16472160,2,Indexada,1,True,False,False,False,0,2.0
Revista Principia - Divulgação Científica e Tecnológica do IFPB,15170306,2,Indexada,1,True,False,False,False,0,0.0
Revista Produção Online,16761901,2,Indexada,1,True,False,False,False,0,4.0
Revista Psicopedagogia,01038486,2,Indexada,1,True,False,False,False,0,2.0
Revista Tempos e Espaços em Educação,19836597,2,Indexada,1,True,False,False,False,0,0.5
Revista Verde de Agroecologia e Desenvolvimento Sustentável,19818203,2,Indexada,1,True,False,False,False,0,1.5
Revista Vertentes do Direito,23590106,2,Indexada,1,True,False,False,False,0,0.0
Revista da ANPEGE,1679768X,2,Indexada,1,True,False,False,False,0,0.5
Revista da Associação Brasileira de Pesquisador s Negr s - ABPN,21772770,2,Indexada,1,True,False,False,False,0,3.0
Revista de Direito Administrativo,00348007,2,Indexada,1,True,False,False,False,0,0.0
Revista de Enfermagem da UFPI,22387234,2,Indexada,1,True,False,False,False,0,0.5
Revista de Estudios y Experiencias en Educación,07176945,2,Indexada,1,True,False,False,False,0,3.0
Revista de Extensão Tecnológica,23582499,2,Indexada,1,True,False,False,False,0,0.0
Revista de História,00348309,2,Indexada,3,True,True,True,False,0,3.0
Revista de Políticas Públicas,01048740,2,Indexada,1,True,False,False,False,0,1.0
Revista do Gelne,15177874,2,Indexada,1,True,False,False,False,0,0.0
Robotics,22186581,2,Indexada,3,True,True,True,True,0,4.0
Salud Mental,01853325,2,Indexada,2,False,True,True,False,0,12.0
Science,00368075,2,Indexada,2,False,True,True,False,0,134.0
Science education international,1450104X,2,Indexada,3,True,True,True,False,0,3.0
Scientia Agraria,15191125,2,Indexada,2,False,True,True,False,0,1.0
Sclerosis,28133064,2,Indexada,1,True,False,False,True,0,2.0
Seminars in Cell and Developmental Biology,10849521,2,Indexada,2,False,True,True,True,0,9.0
Signo,01011812,2,Indexada,1,True,False,False,False,0,1.0
Sleep And Breathing,15209512,2,Indexada,2,False,True,True,True,0,9.0
Sleep Medicine,13899457,2,Indexada,2,False,True,True,True,0,2.5
Sociobiology,03616525,2,Indexada,3,True,True,True,False,0,14.0
Soil and Tillage Research,01671987,2,Indexada,2,False,True,True,True,0,3.0
Somatosensory & Motor Research,08990220,2,Indexada,1,False,False,True,False,0,18.0
Sports,20754663,2,Indexada,3,True,True,True,True,0,11.0
Sports Biomechanics,14763141,2,Indexada,2,False,True,True,False,0,0.5
Sports Medicine,01121642,2,Indexada,2,False,True,True,True,0,16.5
Sports Medicine and Health Science,26663376,2,Indexada,3,True,True,True,False,0,13.0
Stem Cells International,1687966X,2,Indexada,3,True,True,True,True,0,15.5
Studies on Neotropical Fauna and Environment,01650521,2,Indexada,2,False,True,True,False,0,4.0
Sugar Tech,09721525,2,Indexada,2,False,True,True,True,0,3.5
Supportive Care in Cancer,09414355,2,Indexada,2,False,True,True,True,0,22.0
TANGRAM - Revista de Educação Matemática,25950967,2,Indexada,1,True,False,False,False,0,0.5
Temperature,23328940,2,Indexada,2,False,True,True,False,0,5.5
Terrae Didatica,16792300,2,Indexada,1,True,False,False,False,0,1.5
The Anatomical Record,19328486,2,Indexada,2,False,True,True,True,0,8.0
The Canadian Journal of Chemical Engineering,00084034,2,Indexada,2,False,True,True,True,0,11.0
The European Physical Journal Plus,21905444,2,Indexada,2,False,True,True,True,0,0.0
The International Journal of Advanced Manufacturing Technology,02683768,2,Indexada,2,False,True,True,True,0,23.0
The Journal of Clinical Endocrinology & Metabolism,0021972X,2,Indexada,2,False,True,True,True,0,188.0
The Journal of Creative Behavior,00220175,2,Indexada,2,False,True,True,True,0,2.0
The Journal of Membrane Biology,00222631,2,Indexada,2,False,True,True,True,0,15.0
The journal of nutrition health & aging,12797707,2,Indexada,3,True,True,True,True,0,18.0
Theriogenology Wild,2773093X,2,Indexada,2,True,False,True,True,0,2.0
Thin Solid Films,00406090,2,Indexada,2,False,True,True,True,0,18.0
Toxicology and Applied Pharmacology,0041008X,2,Indexada,2,False,True,True,True,0,72.0
Trabalhos em Linguística Aplicada,01031813,2,Indexada,1,True,False,False,False,0,1.5
Transfusion and Apheresis Science,14730502,2,Indexada,2,False,True,True,True,0,3.0
Transportes,14157713,2,Indexada,1,True,False,False,False,0,5.5
Trends in Computational and Applied Mathematics,26760029,2,Indexada,3,True,True,True,False,0,2.5
Trends in Parasitology,14714922,2,Indexada,2,False,True,True,True,0,8.5
Ultrastructural Pathology,01913123,2,Indexada,2,False,True,True,False,0,4.5
Vaccines,2076393X,2,Indexada,3,True,True,True,True,0,11.5
Veterinary Parasitology,03044017,2,Indexada,2,False,True,True,True,0,119.0
Viral Immunology,08828245,2,Indexada,2,False,True,True,False,0,7.0
Viruses,19994915,2,Indexada,3,True,True,True,True,0,18.0
Vértices,14152843,2,Indexada,1,True,False,False,False,0,0.0
Water Science & Technology,02731223,2,Indexada,3,True,True,True,False,0,11.5
albuquerque revista de história,19839472,2,Indexada,1,True,False,False,False,0,0.0
genesis,1526954X,2,Indexada,2,False,True,True,True,0,16.0
physica status solidi (b),03701972,2,Indexada,2,False,True,True,True,0,6.0
The Journal of venomous animals and toxins including tropical diseases,16789180,2,Indexada,1,True,False,False,True,0,6.0
ACS Applied Energy Materials,25740962,1,Indexada,2,False,True,True,True,0,1.0
ACS Chemical Biology,15548929,1,Indexada,2,False,True,True,True,0,1.0
ACS Infectious Diseases,23738227,1,Indexada,2,False,True,True,True,0,20.0
ACS Materials Au,26942461,1,Indexada,3,True,True,True,True,0,13.0
ACS Physical Chemistry Au,26942445,1,Indexada,3,True,True,True,True,0,5.0
ACS Sustainable Chemistry & Engineering,21680485,1,Indexada,2,False,True,True,True,0,226.0
ACTA SCIENTIAE VETERINARIAE,16780345,1,Indexada,2,False,True,True,False,0,7.0
AIChE Journal,00011541,1,Indexada,2,False,True,True,True,0,3.0
AIDS Care,09540121,1,Indexada,2,False,True,True,False,0,3.0
AIDS Research and Treatment,20901240,1,Indexada,3,True,True,True,True,0,39.0
AMB Express,21910855,1,Indexada,3,True,True,True,True,0,4.0
Abakós,23169451,1,Indexada,1,True,False,False,False,0,0.0
Access Microbiology,25168290,1,Indexada,3,True,True,True,True,0,5.0
Acta Anaesthesiologica Scandinavica,00015172,1,Indexada,2,False,True,True,True,0,7.0
Acta Botanica Brasilica,01023306,1,Indexada,3,True,True,True,False,0,5.0
Acta Colombiana de Psicología,01239155,1,Indexada,2,True,True,False,False,0,9.0
Acta Crystallographica Section E Structure Reports Online,16005368,1,Indexada,2,True,False,True,True,0,0.0
Acta Cytologica,00015547,1,Indexada,2,False,True,True,False,0,4.0
Acta Limnologica Brasiliensia,01026712,1,Indexada,3,True,True,True,False,0,6.0
Acta Neurologica Scandinavica,00016314,1,Indexada,2,False,True,True,True,0,9.0
Acta Physica Polonica A,05874246,1,Indexada,3,True,True,True,False,0,0.0
Acta Physiologiae Plantarum,01375881,1,Indexada,2,False,True,True,True,0,3.0
Acta Scientiarum Language and Culture,19834675,1,Indexada,3,True,True,True,False,0,0.0
Acta comportamentalia.,01888145,1,Indexada,2,False,True,True,False,0,0.0
Adapted Physical Activity Quarterly,07365829,1,Indexada,2,False,True,True,False,0,36.0
Advanced Nonlinear Studies,15361365,1,Indexada,3,True,True,True,True,0,5.0
Advanced materials research,10226680,1,Indexada,1,False,False,True,False,0,1.0
Advances in Forestry Science,23578181,1,Indexada,1,True,False,False,False,0,0.0
Advances in Mechanical Engineering,16878132,1,Indexada,3,True,True,True,True,0,0.0
Advances in Skin & Wound Care,15277941,1,Indexada,2,False,True,True,False,0,1.0
Advances in Wound Care,21621918,1,Indexada,2,False,True,True,False,0,0.0
African Journal of Paediatric Surgery,01896725,1,Indexada,3,True,True,True,True,0,0.0
Aging & Mental Health,13607863,1,Indexada,2,False,True,True,False,0,58.0
Aging Clinical and Experimental Research,15940667,1,Indexada,2,False,True,True,True,0,46.0
AgriEngineering,26247402,1,Indexada,3,True,True,True,True,0,1.0
Agricultural Systems,0308521X,1,Indexada,2,False,True,True,True,0,5.0
Agroforestry Systems,01674366,1,Indexada,1,False,True,False,True,0,0.0
Agronomy,20734395,1,Indexada,3,True,True,True,True,0,2.0
Alcheringa An Australasian Journal of Palaeontology,03115518,1,Indexada,2,False,True,True,False,0,18.0
Alcohol and Alcoholism,07350414,1,Indexada,2,False,True,True,True,0,5.0
Aletria Revista de Estudos de Literatura,16793749,1,Indexada,1,True,False,False,False,0,0.0
Algal Research,22119264,1,Indexada,2,False,True,True,True,0,38.0
Algebra and Discrete Mathematics,17263255,1,Indexada,2,False,True,True,False,0,0.0
Algebra and Logic,00025232,1,Indexada,2,False,True,True,True,0,2.0
Allergy Asthma and Clinical Immunology,17101484,1,Indexada,3,True,True,True,True,0,10.0
Ambiente & sociedade,1414753X,1,Indexada,3,True,True,True,False,0,16.0
Ambiente Construído,14158876,1,Indexada,1,True,False,False,False,0,0.0
American Journal of Human Biology,10420533,1,Indexada,2,False,True,True,True,0,3.0
American Journal of Infection Control,01966553,1,Indexada,2,False,True,True,True,0,2.0
American Journal of Lifestyle Medicine,15598276,1,Indexada,2,False,True,True,True,0,6.0
American Journal of Physical Medicine & Rehabilitation,08949115,1,Indexada,2,False,True,True,False,0,38.0
American Journal of Physics,00029505,1,Indexada,2,False,True,True,False,0,0.0
"American Journal of Physiology-Regulatory, Integrative and Comparative Physiology",03636119,1,Indexada,2,False,True,True,False,0,34.0
American Journal of Public Health,00900036,1,Indexada,2,False,True,True,False,0,2.0
Amino Acids,09394451,1,Indexada,3,True,True,True,True,0,28.0
Amyloid,13506129,1,Indexada,2,False,True,True,False,0,12.0
Analytical Biochemistry,00032697,1,Indexada,2,False,True,True,True,0,18.0
Analytical Chemistry,00032700,1,Indexada,2,False,True,True,True,0,49.0
Analytical Letters,00032719,1,Indexada,2,False,True,True,False,0,0.0
Analytical Methods,17599660,1,Indexada,2,False,True,True,False,0,7.0
Anatomical Science International,1447073X,1,Indexada,2,False,True,True,True,0,5.0
Anatomical Sciences Education,19359772,1,Indexada,2,False,True,True,True,0,51.0
Anatomy & Cell Biology,20933665,1,Indexada,2,False,True,True,False,0,0.0
Andrology,20472919,1,Indexada,1,False,True,False,True,0,0.0
Anesthesiology,00033022,1,Indexada,2,False,True,True,False,0,113.0
Animal Biodiversity and Conservation,1578665X,1,Indexada,3,True,True,True,False,0,0.0
Animal Feed Science and Technology,03778401,1,Indexada,2,False,True,True,True,0,13.0
Animal Models and Experimental Medicine,20965451,1,Indexada,3,True,True,True,False,0,6.0
Animal Production Science,18360939,1,Indexada,2,False,True,True,False,0,3.0
Animals,20762615,1,Indexada,3,True,True,True,True,0,12.0
Annales Pharmaceutiques Françaises,00034509,1,Indexada,1,False,True,False,True,0,0.0
Annales Zoologici Fennici,0003455X,1,Indexada,1,False,True,False,False,0,0.0
Annals of Applied Biology,00034746,1,Indexada,2,False,True,True,True,0,26.0
Annals of Biomedical Engineering,00906964,1,Indexada,2,False,True,True,True,0,46.0
Annals of Botany,03057364,1,Indexada,1,False,True,False,True,0,0.0
Annals of Clinical Microbiology and Antimicrobials,14760711,1,Indexada,3,True,True,True,True,0,15.0
Annals of Human Biology,03014460,1,Indexada,3,True,True,True,True,0,10.0
Annals of Medicine,07853890,1,Indexada,3,True,True,True,True,0,2.0
Annals of Microbiology,00034649,1,Indexada,1,True,False,False,True,0,5.0
Annals of Neurology,03645134,1,Indexada,2,False,True,True,True,0,21.0
Annals of Nutrition and Metabolism,02506807,1,Indexada,2,False,True,True,False,0,23.0
Annals of Operations Research,02545330,1,Indexada,2,False,True,True,True,0,21.0
Annals of Palliative Medicine,22245820,1,Indexada,1,False,False,True,False,0,13.0
Annals of Physics,00034916,1,Indexada,2,False,True,True,True,0,2.0
Annals of Translational Medicine,23055839,1,Indexada,1,False,False,True,False,0,1.0
Annals of Tropical Medicine and Parasitology,00034983,1,Indexada,1,False,False,True,False,0,4.0
Annals of the Child Neurology Society,28313267,1,Indexada,1,True,False,False,True,0,0.0
Annals of the New York Academy of Sciences,00778923,1,Indexada,2,False,True,True,True,0,32.0
Anti-Cancer Drugs,09594973,1,Indexada,2,False,True,True,False,0,10.0
Anticancer Research,02507005,1,Indexada,2,False,True,True,False,0,5.0
Antioxidants,20763921,1,Indexada,3,True,True,True,True,0,88.0
Anuário de Literatura,14145235,1,Indexada,1,True,False,False,False,0,0.0
Anuário do Instituto de Geociências,01019759,1,Indexada,3,True,True,True,False,0,3.0
Applied Acoustics,0003682X,1,Indexada,2,False,True,True,True,0,16.0
Applied Catalysis A General,0926860X,1,Indexada,2,False,True,True,True,0,130.0
Applied Mechanics,26733161,1,Indexada,3,True,True,True,True,0,0.0
Applied Microbiology and Biotechnology,01757598,1,Indexada,3,True,True,True,True,0,0.0
Applied Nanoscience,21905509,1,Indexada,2,False,True,True,True,0,6.0
Applied Nursing Research,08971897,1,Indexada,2,False,True,True,True,0,5.0
Applied Physics Letters,00036951,1,Indexada,2,False,True,True,False,0,26.0
Applied Research,27024288,1,Indexada,2,False,True,True,True,0,0.0
Applied Sciences,20763417,1,Indexada,3,True,True,True,True,0,3.0
Apunts Sports Medicine,18866581,1,Indexada,1,True,False,False,True,0,1.0
Aquaculture International,09676120,1,Indexada,2,False,True,True,True,0,1.0
Aquatic Sciences,10151621,1,Indexada,2,False,True,True,True,0,3.0
Archeion Online,23186186,1,Indexada,1,True,False,False,False,0,0.0
Archives of Budo,16438698,1,Indexada,2,False,True,True,False,0,47.0
Archives of Physical Medicine and Rehabilitation,00039993,1,Indexada,2,False,True,True,True,0,12.0
Archivos de medicina del deporte: revista de la Federación Española de Medicina del Deporte y de la Confederación Iberoamericana de Medicina del Deporte,02128799,1,Indexada,2,False,True,True,False,0,0.0
Argumentos - Revista de Filosofia,19844247,1,Indexada,1,True,False,False,False,0,2.0
Argumentos - Revista do Departamento de Ciências Sociais da Unimontes,18065627,1,Indexada,1,True,False,False,False,0,0.0
Argumentos Pró-Educação,24482803,1,Indexada,1,True,False,False,False,0,0.0
Arquivo Maaravi Revista Digital de Estudos Judaicos da UFMG,19823053,1,Indexada,1,True,False,False,False,0,0.0
Arquivos do Instituto Biológico,00203653,1,Indexada,1,True,False,False,True,0,22.0
Arquivos em Odontologia,15160939,1,Indexada,2,False,True,True,False,0,2.0
ArtCultura,15168603,1,Indexada,1,True,False,False,False,0,0.0
Artery Research,18729312,1,Indexada,3,True,True,True,True,0,0.0
Asian Journal of Sports Medicine,2008000X,1,Indexada,2,False,True,True,False,0,10.0
Asian Pacific Journal of Cancer Prevention,15137368,1,Indexada,3,True,True,True,True,0,1.0
Ateliê Geográfico,19821956,1,Indexada,3,True,True,True,False,0,2.0
Austral Ecology,14429985,1,Indexada,2,False,True,True,True,0,3.0
Autoimmunity,08916934,1,Indexada,3,True,True,True,False,0,20.0
Avances en Enfermería,01214500,1,Indexada,1,True,False,False,False,0,4.0
BMC Immunology,14712172,1,Indexada,3,True,True,True,True,0,13.0
BMC Microbiology,14712180,1,Indexada,3,True,True,True,True,0,5.0
BMC Musculoskeletal Disorders,14712474,1,Indexada,3,True,True,True,True,0,38.0
BMC Nutrition,20550928,1,Indexada,3,True,True,True,True,0,4.0
BMC Oral Health,14726831,1,Indexada,2,True,True,False,True,0,0.0
BMC Palliative Care,1472684X,1,Indexada,3,True,True,True,True,0,22.0
BMC Pediatrics,14712431,1,Indexada,3,True,True,True,True,0,3.0
BMC Psychology,20507283,1,Indexada,3,True,True,True,True,0,21.0
BMC Sports Science Medicine and Rehabilitation,20521847,1,Indexada,3,True,True,True,True,0,3.0
BMJ Public Health,27534294,1,Indexada,1,True,False,False,False,0,0.0
Behavioral Neuroscience,07357044,1,Indexada,1,False,True,False,False,0,16.0
Behaviour,00057959,1,Indexada,2,False,True,True,False,0,0.0
Beneficial Microbes,18762883,1,Indexada,2,False,True,True,False,0,1.0
BioEnergy Research,19391234,1,Indexada,2,False,True,True,True,0,7.0
BioNanoScience,21911630,1,Indexada,2,False,True,True,True,0,0.0
Biocatalysis and Agricultural Biotechnology,18788181,1,Indexada,2,False,True,True,True,0,1.0
Biocell,03279545,1,Indexada,2,False,True,True,False,0,27.0
Biochemical Engineering Journal,1369703X,1,Indexada,2,False,True,True,True,0,10.0
Biochemical and Biophysical Research Communications,0006291X,1,Indexada,2,False,True,True,True,0,20.0
Biochemistry,00062960,1,Indexada,2,False,True,True,True,0,13.0
Biochemistry Research International,20902247,1,Indexada,3,True,True,True,True,0,0.0
Biochimica et Biophysica Acta (BBA) - General Subjects,03044165,1,Indexada,2,False,True,True,True,0,18.0
Biodiversity and Conservation,09603115,1,Indexada,2,False,True,True,True,0,5.0
Bioelectrochemistry,15675394,1,Indexada,2,False,True,True,True,0,8.0
Biofouling,08927014,1,Indexada,2,False,True,True,False,0,12.0
Biofuels,17597269,1,Indexada,2,False,True,True,False,0,11.0
Bioinformatics and Biology Insights,11779322,1,Indexada,3,True,True,True,True,0,168.0
Biologia,00063088,1,Indexada,2,False,True,True,True,0,3.0
Biological Bulletin,00063185,1,Indexada,2,False,True,True,False,0,2.0
Biological Chemistry,14316730,1,Indexada,2,False,True,True,False,0,7.0
Biological Trace Element Research,01634984,1,Indexada,2,False,True,True,True,0,14.0
Biologicals,10451056,1,Indexada,2,False,True,True,True,0,2.0
Biology,20797737,1,Indexada,3,True,True,True,True,0,5.0
Biology of Sport,0860021X,1,Indexada,3,True,True,True,True,0,16.0
Biomarkers in Medicine,17520363,1,Indexada,2,False,True,True,False,0,12.0
Biomedical Signal Processing and Control,17468094,1,Indexada,2,False,True,True,True,0,1.0
Biometrics,0006341X,1,Indexada,2,False,True,True,True,0,8.0
Biomolecules,2218273X,1,Indexada,3,True,True,True,True,0,6.0
Bioorganic & Medicinal Chemistry,09680896,1,Indexada,2,False,True,True,True,0,31.0
Bioorganic Chemistry,00452068,1,Indexada,2,False,True,True,True,0,14.0
Biophysica,26734125,1,Indexada,3,True,True,True,True,0,13.0
Bioresource Technology Reports,2589014X,1,Indexada,2,False,True,True,True,0,20.0
Biotechnology Reports,2215017X,1,Indexada,3,True,True,True,True,0,21.0
Bird Conservation International,09592709,1,Indexada,2,False,True,True,True,0,40.0
Blood Pressure Monitoring,13595237,1,Indexada,1,False,True,False,False,0,6.0
Boletim Goiano de Geografia,0101708X,1,Indexada,1,True,False,False,False,0,2.0
Bone Marrow Transplantation,02683369,1,Indexada,2,False,True,True,True,0,10.0
Botanical Journal of the Linnean Society,00244074,1,Indexada,2,False,True,True,True,0,6.0
Botany Letters,23818107,1,Indexada,1,False,True,False,False,0,0.0
Brain Structure and Function,18632653,1,Indexada,2,False,True,True,True,0,24.0
Brazilian Business Review,18082386,1,Indexada,2,False,True,True,False,0,28.0
Brazilian Journal of Biometrics,01020811,1,Indexada,1,True,False,False,False,0,1.0
Brazilian Journal of Forensic Science Medical Law and Bioethics,2237261X,1,Indexada,1,True,False,False,False,0,1.0
Brazilian Journal of Geology,23174692,1,Indexada,3,True,True,True,False,0,17.0
Brazilian Journal of Radiation Sciences,23190612,1,Indexada,1,True,False,False,False,0,0.0
Brazilian Journal of Transplantation,27641589,1,Indexada,1,True,False,False,False,0,0.0
British Food Journal,0007070X,1,Indexada,2,False,True,True,False,0,3.0
British Journal of Clinical Pharmacology,03065251,1,Indexada,2,False,True,True,True,0,15.0
British Journal of Haematology,00071048,1,Indexada,2,False,True,True,True,0,23.0
British Journal of Oral and Maxillofacial Surgery,02664356,1,Indexada,2,False,True,True,True,0,18.0
British Journal of Pharmacology,00071188,1,Indexada,2,False,True,True,True,0,85.0
Brittonia,0007196X,1,Indexada,2,False,True,True,True,0,0.0
Bulletin of Materials Science,02504707,1,Indexada,2,False,True,True,False,0,8.0
Bulletin of the Brazilian Mathematical Society New Series,16787544,1,Indexada,2,False,True,True,True,0,3.0
Bulletin of the Chemical Society of Japan,00092673,1,Indexada,2,False,True,True,True,0,56.0
Bulletin of the World Health Organization,00429686,1,Indexada,3,True,True,True,False,0,201.0
CNS Drugs,11727047,1,Indexada,2,False,True,True,True,0,18.0
Calidoscópio,16798740,1,Indexada,2,True,True,False,False,0,3.0
Caligrama Revista de Estudos Românicos,01032178,1,Indexada,1,True,False,False,False,0,0.0
Canadian Journal of Animal Science,00083984,1,Indexada,2,False,True,True,False,0,4.0
Canadian Journal of Gastroenterology and Hepatology,22912789,1,Indexada,3,True,True,True,True,0,12.0
Canadian Journal of Microbiology,00084166,1,Indexada,2,False,True,True,False,0,0.0
Canadian Journal of Physiology and Pharmacology,00084212,1,Indexada,2,False,True,True,False,0,7.0
Cancer Immunology Immunotherapy,03407004,1,Indexada,3,True,True,True,True,0,8.0
Cancers,20726694,1,Indexada,2,False,True,True,True,0,2.0
Carbon,00086223,1,Indexada,2,False,True,True,True,0,4.0
Cardiology,00086312,1,Indexada,2,False,True,True,False,0,63.0
Cardiovascular Research,00086363,1,Indexada,2,False,True,True,True,0,37.0
Career Development International,13620436,1,Indexada,2,False,True,True,False,0,13.0
Case Reports in Infectious Diseases,20906625,1,Indexada,1,True,False,False,True,0,3.0
Case Reports in Medicine,16879627,1,Indexada,3,True,True,True,True,0,13.0
Case Reports in Nephrology,20906641,1,Indexada,3,True,True,True,True,0,0.0
Catalysts,20734344,1,Indexada,2,False,True,True,True,0,14.0
Catheterization and Cardiovascular Interventions,15221946,1,Indexada,2,False,True,True,True,0,0.0
Cell,00928674,1,Indexada,2,False,True,True,True,0,12.0
Cell and Tissue Research,0302766X,1,Indexada,2,False,True,True,True,0,49.0
Cellular Immunology,00088749,1,Indexada,2,False,True,True,True,0,27.0
Cellular and Molecular Biology,01455680,1,Indexada,2,False,True,True,False,0,1.0
Cellulose Chemistry and Technology,05769787,1,Indexada,2,False,True,True,False,0,8.0
Cena,1519275X,1,Indexada,1,True,False,False,False,0,4.0
Chaos Solitons & Fractals,09600779,1,Indexada,2,False,True,True,True,0,1.0
Chemical Geology,00092541,1,Indexada,2,False,True,True,True,0,0.0
Chemical Physics,03010104,1,Indexada,2,False,True,True,True,0,1.0
Chemical and Biochemical Engineering Quarterly,03529568,1,Indexada,3,True,True,True,False,0,3.0
Chemistry & Biodiversity,16121872,1,Indexada,2,False,True,True,True,0,13.0
Chemistry and Physics of Lipids,00093084,1,Indexada,2,False,True,True,True,0,3.0
ChemistryOpen,21911363,1,Indexada,3,True,True,True,True,0,0.0
Chemosensors,22279040,1,Indexada,3,True,True,True,True,0,6.0
Child Abuse & Neglect,01452134,1,Indexada,2,False,True,True,True,0,0.0
Child and Adolescent Social Work Journal,07380151,1,Indexada,2,False,True,True,True,0,0.0
Children,22279067,1,Indexada,3,True,True,True,True,0,0.0
Chronic Illness,17423953,1,Indexada,2,False,True,True,True,0,1.0
Ciencias de la actividad física,0717408X,1,Indexada,1,True,False,False,False,0,0.0
Cities,02642751,1,Indexada,2,False,True,True,True,0,15.0
Ciência e Cultura,00096725,1,Indexada,1,False,False,True,False,0,49.0
Clean Technologies,25718797,1,Indexada,3,True,True,True,True,0,1.0
Clinical & Biomedical Research,23579730,1,Indexada,1,True,False,False,False,0,0.0
Clinical & Translational Oncology,1699048X,1,Indexada,2,False,True,True,True,0,3.0
Clinical Anatomy,08973806,1,Indexada,2,False,True,True,True,0,28.0
Clinical Autonomic Research,09599851,1,Indexada,2,False,True,True,True,0,60.0
Clinical Biochemistry,00099120,1,Indexada,2,False,True,True,True,0,4.0
Clinical Epigenetics,18687075,1,Indexada,3,True,True,True,True,0,54.0
Clinical Genetics,00099163,1,Indexada,2,False,True,True,True,0,4.0
Clinical Genitourinary Cancer,15587673,1,Indexada,2,False,True,True,True,0,1.0
Clinical Hypertension,20565909,1,Indexada,3,True,True,True,False,0,8.0
Clinical Immunology and Immunopathology,00901229,1,Indexada,1,False,False,True,False,0,25.0
Clinical Interventions in Aging,11769092,1,Indexada,3,True,True,True,True,0,6.0
Clinical Nursing Research,10547738,1,Indexada,2,False,True,True,True,0,0.0
Clinical Oral Implants Research,09057161,1,Indexada,2,False,True,True,True,0,0.0
Clinical Reviews in Allergy & Immunology,10800549,1,Indexada,2,False,True,True,True,0,13.0
Clinical Transplantation and Research,30226783,1,Indexada,2,True,True,False,False,0,0.0
Clinical and Diagnostic Laboratory Immunology,1071412X,1,Indexada,1,False,False,True,False,0,82.0
Clinical and Translational Science,17528054,1,Indexada,3,True,True,True,True,0,8.0
Clinical medicine Oncology,11779314,1,Indexada,1,False,False,True,False,0,3.0
Clocks & Sleep,26245175,1,Indexada,3,True,True,True,True,0,1.0
CoDAS,23171782,1,Indexada,2,False,True,True,False,0,2.0
Cognitive Computation,18669956,1,Indexada,2,False,True,True,True,0,1.0
Cognitive and Behavioral Neurology,15433633,1,Indexada,2,False,True,True,False,0,38.0
Collectivus Revista de Ciencias Sociales,23824018,1,Indexada,1,True,False,False,False,0,1.0
Colloids and Surfaces A Physicochemical and Engineering Aspects,09277757,1,Indexada,2,False,True,True,True,0,15.0
Colloids and Surfaces B Biointerfaces,09277765,1,Indexada,2,False,True,True,True,0,19.0
Coluna/Columna,18081851,1,Indexada,3,True,True,True,False,0,6.0
Communications Biology,23993642,1,Indexada,3,True,True,True,True,0,87.0
Communications Chemistry,23993669,1,Indexada,3,True,True,True,True,0,0.0
Communications in Contemporary Mathematics,02191997,1,Indexada,2,False,True,True,False,0,9.0
Comparative Exercise Physiology,17552540,1,Indexada,2,False,True,True,False,0,0.0
Complementary Therapies in Clinical Practice,17443881,1,Indexada,2,False,True,True,True,0,10.0
Computational Biology and Chemistry,14769271,1,Indexada,2,False,True,True,True,0,5.0
Computational Condensed Matter,23522143,1,Indexada,2,False,True,True,True,0,7.0
Computational Materials Science,09270256,1,Indexada,2,False,True,True,True,0,11.0
Computational and Mathematical Methods in Medicine,1748670X,1,Indexada,1,False,False,True,True,0,18.0
Computer Applications in Engineering Education,10613773,1,Indexada,2,False,True,True,True,0,10.0
Computers & Chemical Engineering,00981354,1,Indexada,2,False,True,True,True,0,19.0
Computers & Electrical Engineering,00457906,1,Indexada,2,False,True,True,True,0,2.0
Comunicar,11343478,1,Indexada,1,False,False,True,False,0,16.0
Comunicação & Educação,01046829,1,Indexada,1,True,False,False,False,0,2.0
Construction and Building Materials,09500618,1,Indexada,2,False,True,True,True,0,100.0
Contemporary Clinical Trials,15517144,1,Indexada,2,False,True,True,True,0,3.0
Contemporânea - revista de sociologia da UFSCar,2236532X,1,Indexada,1,True,False,False,False,0,0.0
Critical Care Nurse,02795442,1,Indexada,2,False,True,True,False,0,3.0
Critical Reviews in Microbiology,1040841X,1,Indexada,2,False,True,True,False,0,50.0
Crops,26737655,1,Indexada,2,True,True,False,True,0,0.0
Cuadernos de Geografía Revista Colombiana de Geografía,0121215X,1,Indexada,3,True,True,True,False,0,0.0
Cultural Studies of Science Education,18711502,1,Indexada,2,False,True,True,True,0,32.0
Current Atherosclerosis Reports,15233804,1,Indexada,2,False,True,True,True,0,15.0
Current Eye Research,02713683,1,Indexada,2,False,True,True,False,0,8.0
Current Fungal Infection Reports,19363761,1,Indexada,2,False,True,True,True,0,4.0
Current Genomics,13892029,1,Indexada,2,False,True,True,False,0,117.0
Current Issues in Molecular Biology,14673037,1,Indexada,3,True,True,True,True,0,0.0
Current Issues in Sport Science (CISS),24146641,1,Indexada,1,True,False,False,False,0,0.0
Current Nutrition Reports,21613311,1,Indexada,2,False,True,True,True,0,16.0
Current Opinion in Electrochemistry,24519103,1,Indexada,2,False,True,True,True,0,77.0
Current Opinion in Obstetrics & Gynecology,1040872X,1,Indexada,2,False,True,True,False,0,36.0
Current Research in Food Science,26659271,1,Indexada,3,True,True,True,True,0,41.0
Current Research in Microbial Sciences,26665174,1,Indexada,3,True,True,True,True,0,1.0
Current Tropical Medicine Reports,21963045,1,Indexada,1,False,True,False,True,0,0.0
DEVIR EDUCAÇÃO,2526849X,1,Indexada,1,True,False,False,False,0,0.0
Death Studies,07481187,1,Indexada,2,False,True,True,False,0,0.0
Debates em Psiquiatria,2236918X,1,Indexada,1,True,False,False,False,0,0.0
Dental Traumatology,16004469,1,Indexada,2,False,True,True,True,0,3.0
Desenvolvimento e Meio Ambiente,1518952X,1,Indexada,2,True,True,False,False,0,1.0
Desenvolvimento em Questão,16784855,1,Indexada,1,True,False,False,False,0,0.0
Designs Codes and Cryptography,09251022,1,Indexada,2,False,True,True,True,0,0.0
Development,09501991,1,Indexada,2,False,True,True,False,0,17.0
Diagnostic Microbiology and Infectious Disease,07328893,1,Indexada,2,False,True,True,True,0,12.0
Diagnostic Pathology,17461596,1,Indexada,3,True,True,True,True,0,16.0
Digestive Diseases and Sciences,01632116,1,Indexada,2,False,True,True,True,0,50.0
Dimensions of Critical Care Nursing,07304625,1,Indexada,2,False,True,True,False,0,1.0
Disability and Rehabilitation Assistive Technology,17483107,1,Indexada,2,False,True,True,False,0,4.0
Disability and health journal,18767583,1,Indexada,2,False,True,True,True,0,11.0
Discover Plants.,30051207,1,Indexada,1,True,False,False,False,0,0.0
Discover Public Health,30050774,1,Indexada,3,True,True,True,False,0,0.0
Diseases,20799721,1,Indexada,3,True,True,True,True,0,7.0
Diversitas Journal,25255215,1,Indexada,1,True,False,False,False,0,0.0
Diálogo,15193640,1,Indexada,1,True,False,False,False,0,0.0
Diálogos,14159945,1,Indexada,3,True,True,True,False,0,1.0
EJNMMI Radiopharmacy and Chemistry,2365421X,1,Indexada,3,True,True,True,True,0,11.0
ENTRE-LUGAR,21769559,1,Indexada,1,True,False,False,False,0,4.0
EaD & Tecnologias Digitais na Educação,23184051,1,Indexada,1,True,False,False,False,0,0.0
Eclética Química,01004670,1,Indexada,3,True,True,True,False,0,0.0
Ecology Of Freshwater Fish,09066691,1,Indexada,2,False,True,True,True,0,0.0
Economia e Sociedade,01040618,1,Indexada,1,True,False,False,False,0,3.0
Educación Física y Deporte,0120677X,1,Indexada,1,True,False,False,False,0,1.0
Education & Self Development,19917740,1,Indexada,2,False,True,True,False,0,12.0
Education for Chemical Engineers,17497728,1,Indexada,2,False,True,True,True,0,0.0
Educação,0101465X,1,Indexada,1,True,False,False,False,0,1.0
Educação & Sociedade,01017330,1,Indexada,3,True,True,True,True,0,2.0
Educação Por Escrito,21798435,1,Indexada,1,True,False,False,False,0,0.0
Educação em Foco,01043293,1,Indexada,1,True,False,False,False,0,0.0
Electrochemical and Solid-State Letters,10990062,1,Indexada,1,False,False,True,False,0,4.0
Electrochemistry Communications,13882481,1,Indexada,3,True,True,True,True,0,38.0
Electronic Journal of General Medicine,25163507,1,Indexada,2,False,True,True,False,0,1.0
Elementa Science of the Anthropocene,23251026,1,Indexada,3,True,True,True,True,0,2.0
Em Tempo de Histórias,15171108,1,Indexada,1,True,False,False,False,0,0.0
Energies,19961073,1,Indexada,3,True,True,True,True,0,14.0
Energy Conversion and Management,01968904,1,Indexada,2,False,True,True,True,0,2.0
Energy Sources Part A Recovery Utilization and Environmental Effects,15567036,1,Indexada,2,False,True,True,False,0,4.0
Enfermería actual en Costa Rica,14094568,1,Indexada,1,True,False,False,False,0,0.0
Engineering Research Express,26318695,1,Indexada,2,False,True,True,True,0,1.0
Engineering Technology & Applied Science Research,17928036,1,Indexada,2,False,True,True,True,0,3.0
Ensaio Avaliação e Políticas Públicas em Educação,01044036,1,Indexada,3,True,True,True,False,0,6.0
Ensaios de Geografia,23168544,1,Indexada,1,True,False,False,False,0,0.0
Enseñanza de las Ciencias Revista de investigación y experiencias didácticas,02124521,1,Indexada,3,True,True,True,False,0,0.0
Enterprise Information Systems,17517575,1,Indexada,2,False,True,True,False,0,20.0
Entomological Science,13438786,1,Indexada,2,False,True,True,True,0,13.0
Entrepalavras,22376321,1,Indexada,1,True,False,False,False,0,0.0
Environment Development and Sustainability,1387585X,1,Indexada,1,False,True,False,True,0,7.0
Environmental Biology of Fishes,03781909,1,Indexada,2,False,True,True,True,0,4.0
Environmental Earth Sciences,18666280,1,Indexada,2,False,True,True,True,0,17.0
Environmental Engineering Science,10928758,1,Indexada,2,False,True,True,False,0,14.0
Environmental Entomology,0046225X,1,Indexada,2,False,True,True,True,0,20.0
Environmental Microbiology Reports,17582229,1,Indexada,2,False,True,True,True,0,4.0
Environmental Quality Management,10881913,1,Indexada,2,False,True,True,True,0,2.0
Environmental Toxicology,15204081,1,Indexada,2,False,True,True,True,0,0.0
Environmental Toxicology and Pharmacology,13826689,1,Indexada,2,False,True,True,True,0,31.0
Epilepsia,00139580,1,Indexada,2,False,True,True,True,0,13.0
Esboços histórias em contextos globais,1414722X,1,Indexada,3,True,True,True,False,0,2.0
Espaço Plural,15184196,1,Indexada,1,False,True,False,False,0,0.0
Estação Científica (UNIFAP),21791902,1,Indexada,1,True,False,False,False,0,4.0
Estuaries and Coasts,15592723,1,Indexada,2,False,True,True,True,0,36.0
Estudos Semióticos,19804016,1,Indexada,1,True,False,False,False,0,0.0
Ethology,01791613,1,Indexada,2,False,True,True,True,0,0.0
European Biophysics Journal,01757571,1,Indexada,2,False,True,True,True,0,12.0
European Eating Disorders Review,10724133,1,Indexada,1,False,True,False,True,0,1.0
European Endodontic Journal,25480839,1,Indexada,3,True,True,True,False,0,3.0
European Journal of Breast Health,25870831,1,Indexada,3,True,True,True,False,0,15.0
European Journal of Cancer,09598049,1,Indexada,2,False,True,True,True,0,29.0
European Journal of Cancer Care,09615423,1,Indexada,2,False,True,True,True,0,3.0
European Journal of Cardiovascular Nursing,14745151,1,Indexada,2,False,True,True,True,0,0.0
European Journal of Gynaecological Oncology,03922936,1,Indexada,1,False,False,True,False,0,1.0
European Journal of Mechanics - B/Fluids,09977546,1,Indexada,2,False,True,True,True,0,1.0
European Journal of Nutrition,14366207,1,Indexada,2,False,True,True,True,0,13.0
European Journal of Ophthalmology,11206721,1,Indexada,2,False,True,True,True,0,4.0
European Journal of Pediatrics,03406199,1,Indexada,2,False,True,True,True,0,23.0
European Journal of Radiology Extra,15714675,1,Indexada,1,False,False,True,False,0,1.0
European Journal of Remote Sensing,22797254,1,Indexada,2,True,True,False,True,0,0.0
Europhysics Letters (EPL),02955075,1,Indexada,2,False,True,True,True,0,3.0
Evidência,15195287,1,Indexada,1,True,False,False,False,0,2.0
Evolutionary Intelligence,18645909,1,Indexada,2,False,True,True,True,0,4.0
Experimental Biology and Medicine,00713384,1,Indexada,1,True,False,False,True,0,4.0
Experimental Hematology,0301472X,1,Indexada,2,False,True,True,True,0,0.0
Experimental and Clinical Endocrinology & Diabetes,09477349,1,Indexada,2,False,True,True,False,0,16.0
Experimental and Molecular Pathology,00144800,1,Indexada,3,True,True,True,True,0,16.0
Expert Review of Cardiovascular Therapy,14779072,1,Indexada,2,False,True,True,False,0,3.0
Exploration of Targeted Anti-tumor Therapy,26923114,1,Indexada,2,True,True,False,False,0,0.0
F&S Science,2666335X,1,Indexada,2,False,True,True,True,0,4.0
FASEB BioAdvances,25739832,1,Indexada,3,True,True,True,True,0,2.0
FEMS Microbiology Letters,03781097,1,Indexada,2,False,True,True,True,0,20.0
FLORESTA,00153826,1,Indexada,2,False,True,True,False,0,1.0
Family Practice,02632136,1,Indexada,2,False,True,True,True,0,6.0
Ferroelectrics,00150193,1,Indexada,2,False,True,True,False,0,4.0
Fisheries Management and Ecology,0969997X,1,Indexada,2,False,True,True,True,0,4.0
Fisioterapia,02115638,1,Indexada,2,False,True,True,True,0,0.0
Fitoterapia,0367326X,1,Indexada,2,False,True,True,True,0,10.0
Flexible Services and Manufacturing Journal,19366582,1,Indexada,2,False,True,True,True,0,20.0
Fluids,23115521,1,Indexada,3,True,True,True,True,0,1.0
Folia Parasitologica,00155683,1,Indexada,2,False,True,True,False,0,2.0
Food Analytical Methods,19369751,1,Indexada,2,False,True,True,True,0,24.0
Food Biophysics,15571858,1,Indexada,2,False,True,True,True,0,117.0
Food Control,09567135,1,Indexada,2,False,True,True,True,0,13.0
Food Materials Research,27714683,1,Indexada,3,True,True,True,False,0,7.0
Food and Agricultural Immunology,09540105,1,Indexada,3,True,True,True,True,0,22.0
Food and Bioprocess Technology,19355130,1,Indexada,2,False,True,True,True,0,26.0
Food and Humanity,29498244,1,Indexada,2,False,True,True,True,0,3.0
Fragmentum,15199894,1,Indexada,1,True,False,False,False,0,0.0
FronteiraZ Revista do Programa de Estudos Pós-Graduados em Literatura e Crítica Literária,19834373,1,Indexada,1,True,False,False,False,0,0.0
Frontiers in Behavioral Neuroscience,16625153,1,Indexada,3,True,True,True,True,0,23.0
Frontiers in Human Neuroscience,16625161,1,Indexada,3,True,True,True,True,0,7.0
Frontiers in Medical Technology,26733129,1,Indexada,3,True,True,True,True,0,29.0
Frontiers in Molecular Biosciences,2296889X,1,Indexada,3,True,True,True,True,0,8.0
Frontiers in Neurology,16642295,1,Indexada,3,True,True,True,True,0,2.0
Frontiers in Oncology,2234943X,1,Indexada,3,True,True,True,True,0,1.0
Frontiers in Plant Science,1664462X,1,Indexada,3,True,True,True,True,0,80.0
Frontiers in Surgery,2296875X,1,Indexada,3,True,True,True,True,0,4.0
Frontiers in Tropical Diseases,26737515,1,Indexada,3,True,True,True,True,0,5.0
Fuel,00162361,1,Indexada,2,False,True,True,True,0,82.0
Functional & Integrative Genomics,1438793X,1,Indexada,2,False,True,True,True,0,5.0
Fungal Biology,18786146,1,Indexada,2,False,True,True,True,0,27.0
Future Medicinal Chemistry,17568919,1,Indexada,2,False,True,True,False,0,85.0
Fuzzy Sets and Systems,01650114,1,Indexada,2,False,True,True,True,0,17.0
Gaceta Sanitaria,02139111,1,Indexada,3,True,True,True,True,0,3.0
Galaxies,20754434,1,Indexada,3,True,True,True,True,0,10.0
Games for Health Journal,2161783X,1,Indexada,2,False,True,True,False,0,10.0
Geburtshilfe und Frauenheilkunde,00165751,1,Indexada,2,False,True,True,False,0,0.0
Gender Medicine,15508579,1,Indexada,1,False,False,True,False,0,8.0
General and Comparative Endocrinology,00166480,1,Indexada,2,False,True,True,True,0,16.0
GeoGraphos Revista Digital para Estudiantes de Geografía y Ciencias Sociales,21731276,1,Indexada,1,True,False,False,False,0,0.0
Geodiversitas,12809659,1,Indexada,3,True,True,True,False,0,18.0
Geografares,15182002,1,Indexada,1,True,False,False,False,0,1.0
Geologia USP Série Científica,1519874X,1,Indexada,3,True,True,True,False,0,5.0
Geological Journal,00721050,1,Indexada,2,False,True,True,True,0,52.0
Geomicrobiology Journal,01490451,1,Indexada,2,False,True,True,False,0,40.0
Geriatrics and gerontology international/Geriatrics & gerontology international,14441586,1,Indexada,2,False,True,True,True,0,8.0
Global Heart,22118160,1,Indexada,3,True,True,True,True,0,7.0
Global Spine Journal,21925682,1,Indexada,3,True,True,True,True,0,0.0
Gondwana Research,1342937X,1,Indexada,2,False,True,True,True,0,48.0
Graefe s Archive for Clinical and Experimental Ophthalmology,0721832X,1,Indexada,2,False,True,True,True,0,18.0
Grassland Science,17446961,1,Indexada,2,False,True,True,True,0,1.0
Gut Microbes,19490976,1,Indexada,3,True,True,True,True,0,3.0
HSJ.,29660408,1,Indexada,1,True,False,False,False,0,1.0
Haematologica,03906078,1,Indexada,3,True,True,True,True,0,2.0
Hand,15589447,1,Indexada,2,False,True,True,True,0,2.0
Headache Medicine/Revista Headache Medicine,21787468,1,Indexada,1,True,False,False,False,0,0.0
Health Care For Women International,07399332,1,Indexada,2,False,True,True,False,0,20.0
Hearts,26733846,1,Indexada,1,True,False,False,True,0,2.0
Helminthologia,04406605,1,Indexada,3,True,True,True,False,0,0.0
Hematology,10245332,1,Indexada,3,True,True,True,True,0,9.0
Histochemistry and Cell Biology,09486143,1,Indexada,2,False,True,True,True,0,39.0
História da Historiografia International Journal of Theory and History of Historiography,19839928,1,Indexada,3,True,True,True,False,0,0.0
Hong Kong Journal of Occupational Therapy,15691861,1,Indexada,3,True,True,True,False,0,0.0
Horizontes,01037706,1,Indexada,1,True,False,False,False,0,0.0
Hormone Research in Paediatrics,16632818,1,Indexada,2,False,True,True,False,0,4.0
Horticulturae,23117524,1,Indexada,3,True,True,True,True,0,23.0
Human & Experimental Toxicology,09603271,1,Indexada,3,True,True,True,True,0,16.0
Human Cell,09147470,1,Indexada,2,False,True,True,True,0,5.0
Human Reproduction,02681161,1,Indexada,2,False,True,True,True,0,35.0
Human and Ecological Risk Assessment An International Journal,10807039,1,Indexada,2,False,True,True,False,0,10.0
Hypertension in Pregnancy,10641955,1,Indexada,3,True,True,True,False,0,5.0
IBRO Neuroscience Reports,26672421,1,Indexada,3,True,True,True,True,0,0.0
IEEE Communications Letters,10897798,1,Indexada,2,False,True,True,True,0,2.0
IEEE Journal of Emerging and Selected Topics in Power Electronics,21686777,1,Indexada,2,False,True,True,True,0,5.0
IEEE Open Journal of Industry Applications,26441241,1,Indexada,3,True,True,True,True,0,4.0
IEEE Open Journal of Power Electronics,26441314,1,Indexada,3,True,True,True,True,0,0.0
IEEE Open Journal of the Communications Society,2644125X,1,Indexada,3,True,True,True,True,0,0.0
IEEE Sensors Journal,1530437X,1,Indexada,2,False,True,True,True,0,9.0
IEEE Transactions on Engineering Management,00189391,1,Indexada,2,False,True,True,True,0,38.0
IEEE Transactions on Power Delivery,08858977,1,Indexada,2,False,True,True,True,0,19.0
IEEE Transactions on Wireless Communications,15361276,1,Indexada,2,False,True,True,True,0,20.0
ISRN Mechanical Engineering,20905122,1,Indexada,1,False,False,True,False,0,3.0
Iheringia Série Botânica,00734705,1,Indexada,3,True,True,True,False,0,8.0
Iheringia Série Zoologia,00734721,1,Indexada,2,False,True,True,False,0,7.0
Ilha do Desterro A Journal of English Language Literatures in English and Cultural Studies,01014846,1,Indexada,3,True,True,True,False,0,0.0
Immuno,26735601,1,Indexada,3,True,True,True,True,0,12.0
Immunological Reviews,01052896,1,Indexada,2,False,True,True,True,0,56.0
Immunopharmacology,01623109,1,Indexada,1,False,False,True,False,0,4.0
Industrial Health,00198366,1,Indexada,2,False,True,True,False,0,41.0
Infectious Agents and Cancer,17509378,1,Indexada,3,True,True,True,True,0,20.0
Infectious Disease Clinics of North America,08915520,1,Indexada,2,False,True,True,True,0,49.0
Infectious Diseases in Obstetrics and Gynecology,10647449,1,Indexada,2,False,True,True,True,0,35.0
Inflammation Research,10233830,1,Indexada,2,False,True,True,True,0,33.0
Inflammopharmacology,09254692,1,Indexada,2,False,True,True,True,0,2.0
Injury,00201383,1,Indexada,2,False,True,True,True,0,8.0
Innovation in Aging,23995300,1,Indexada,3,True,True,True,True,0,3.0
Inorganic Chemistry Communications,13877003,1,Indexada,2,False,True,True,True,0,2.0
Insect Biochemistry and Molecular Biology,09651748,1,Indexada,2,False,True,True,True,0,30.0
Intensive and Critical Care Nursing,09643397,1,Indexada,2,False,True,True,True,0,6.0
International Archives of Occupational and Environmental Health,03400131,1,Indexada,2,False,True,True,True,0,12.0
International Archives of Otorhinolaryngology,18094864,1,Indexada,3,True,True,True,False,0,37.0
International Breastfeeding Journal,17464358,1,Indexada,3,True,True,True,True,0,5.0
International Education Studies,19139020,1,Indexada,1,False,False,True,False,0,12.0
International Endodontic Journal,01432885,1,Indexada,2,False,True,True,True,0,19.0
International Food Research Journal,22317546,1,Indexada,1,False,True,False,False,0,3.0
International Journal for Numerical Methods in Engineering,00295981,1,Indexada,2,False,True,True,True,0,40.0
International Journal for Vitamin and Nutrition Research,00209406,1,Indexada,1,True,False,False,False,0,4.0
International Journal of Adhesion and Adhesives,01437496,1,Indexada,2,False,True,True,True,0,0.0
International Journal of Agriculture and Biology,15608530,1,Indexada,1,False,True,False,False,0,0.0
International Journal of Andrology,01056263,1,Indexada,1,False,False,True,False,0,106.0
International Journal of Antimicrobial Agents,09248579,1,Indexada,2,False,True,True,True,0,16.0
International Journal of Artificial Intelligence in Education,15604292,1,Indexada,1,False,True,False,True,0,9.0
International Journal of Biometeorology,00207128,1,Indexada,2,False,True,True,True,0,8.0
International Journal of COPD,11769106,1,Indexada,3,True,True,True,True,0,4.0
International Journal of Circuit Theory and Applications,00989886,1,Indexada,2,False,True,True,True,0,5.0
International Journal of Clinical Practice,13685031,1,Indexada,3,True,True,True,True,0,0.0
International Journal of Dairy Technology,1364727X,1,Indexada,2,False,True,True,True,0,8.0
International Journal of Emergency Medicine,18651372,1,Indexada,3,True,True,True,True,0,10.0
International Journal of Environmental Health Research,09603123,1,Indexada,2,False,True,True,False,0,0.0
International Journal of Environmental Science and Technology,17351472,1,Indexada,2,False,True,True,True,0,0.0
International Journal of Food Properties,10942912,1,Indexada,3,True,True,True,True,0,45.0
International Journal of Food Sciences and Nutrition,09637486,1,Indexada,2,False,True,True,False,0,1.0
International Journal of Hygiene and Environmental Health,14384639,1,Indexada,2,False,True,True,True,0,2.0
International Journal of Immunogenetics,17443121,1,Indexada,2,False,True,True,True,0,0.0
International Journal of Industrial Ergonomics,01698141,1,Indexada,2,False,True,True,True,0,79.0
International Journal of Innovation and Sustainable Development,17408822,1,Indexada,2,False,True,True,False,0,30.0
International Journal of Logistics Research and Applications,13675567,1,Indexada,2,False,True,True,False,0,11.0
International Journal of Mathematics,0129167X,1,Indexada,2,False,True,True,False,0,4.0
International Journal of Medical Sciences,14491907,1,Indexada,2,True,True,False,True,0,36.0
International Journal of Modern Physics A,0217751X,1,Indexada,2,False,True,True,False,0,2.0
International Journal of Modern Physics B,02179792,1,Indexada,2,False,True,True,False,0,1.0
International Journal of Nephrology,2090214X,1,Indexada,3,True,True,True,True,0,23.0
International Journal of Nephrology and Renovascular Disease,11787058,1,Indexada,3,True,True,True,True,0,1.0
International Journal of Nursing Studies Advances,2666142X,1,Indexada,3,True,True,True,True,0,18.0
International Journal of Performance Analysis in Sport,14748185,1,Indexada,2,False,True,True,False,0,8.0
International Journal of Pharmaceutics,03785173,1,Indexada,2,False,True,True,True,0,49.0
International Journal of Public Health,16618556,1,Indexada,3,True,True,True,False,0,2.0
International Journal of Rehabilitation Research,03425282,1,Indexada,2,False,True,True,False,0,2.0
International Journal of Reliability and Safety,1479389X,1,Indexada,2,False,True,True,False,0,0.0
International Journal of Research in Education and Science,21489955,1,Indexada,1,False,False,True,False,0,2.0
International Journal of Retina and Vitreous,20569920,1,Indexada,3,True,True,True,True,0,2.0
International Journal of River Basin Management,15715124,1,Indexada,2,False,True,True,False,0,2.0
International Journal of Sports Physiology and Performance,15550265,1,Indexada,2,False,True,True,False,0,2.0
International Journal of Sustainable Engineering,19397038,1,Indexada,3,True,True,True,True,0,18.0
International Journal of Thermal Sciences,12900729,1,Indexada,2,False,True,True,True,0,13.0
International Journal of Women s Health,11791411,1,Indexada,3,True,True,True,True,0,1.0
International Orthopaedics,03412695,1,Indexada,2,False,True,True,True,0,9.0
International Review of Civil Engineering (IRECE),20369913,1,Indexada,2,False,True,True,False,0,7.0
International Review of Psychiatry,09540261,1,Indexada,2,False,True,True,False,0,19.0
International Surgery,00208868,1,Indexada,3,True,True,True,False,0,25.0
International Urogynecology Journal,09373462,1,Indexada,2,False,True,True,True,0,41.0
International Wound Journal,17424801,1,Indexada,3,True,True,True,True,0,38.0
International braz j urol,16775538,1,Indexada,3,True,True,True,False,0,16.0
Invertebrate Reproduction & Development,07924259,1,Indexada,2,False,True,True,False,0,11.0
JACC Asia,27723747,1,Indexada,3,True,True,True,True,0,5.0
JACC: Cardiovascular Interventions,18767605,1,Indexada,2,False,True,True,True,0,117.0
JAIDS Journal of Acquired Immune Deficiency Syndromes,15254135,1,Indexada,2,False,True,True,False,0,6.0
JCR Journal of Clinical Rheumatology,10761608,1,Indexada,2,False,True,True,False,0,26.0
JMIR Public Health and Surveillance,23692960,1,Indexada,3,True,True,True,True,0,31.0
JMIR Rehabilitation and Assistive Technologies,23692529,1,Indexada,3,True,True,True,True,0,27.0
JMIR Research Protocols,19290748,1,Indexada,3,True,True,True,True,0,10.0
JOURNAL OF CURRENT GLAUCOMA PRACTICE,09740333,1,Indexada,2,False,True,True,False,0,1.0
Jornal Brasileiro de Doenças Sexualmente Transmissíveis,01034065,1,Indexada,1,True,False,False,False,0,2.0
Jornal de Pneumologia,01023586,1,Indexada,1,False,False,True,False,0,2.0
Journal de Chirurgie Viscérale,1878786X,1,Indexada,1,False,False,True,True,0,0.0
Journal of Affective Disorders,01650327,1,Indexada,2,False,True,True,True,0,1.0
Journal of Agronomy and Crop Science,09312250,1,Indexada,2,False,True,True,True,0,10.0
Journal of Allergy and Clinical Immunology,00916749,1,Indexada,2,False,True,True,True,0,1.0
Journal of Alzheimer s Disease,13872877,1,Indexada,2,False,True,True,False,0,9.0
Journal of Animal Science and Biotechnology/Journal of animal science and biotechnology,16749782,1,Indexada,2,True,True,False,True,0,0.0
Journal of Applied Entomology,09312048,1,Indexada,2,False,True,True,True,0,4.0
Journal of Applied Fluid Mechanics,17353572,1,Indexada,2,True,True,False,False,0,0.0
Journal of Applied Gerontology,07334648,1,Indexada,2,False,True,True,True,0,0.0
Journal of Applied Mechanics and Technical Physics,00218944,1,Indexada,2,False,True,True,False,0,0.0
Journal of Applied Pharmaceutical Science,22313354,1,Indexada,1,False,True,False,False,0,7.0
Journal of Back and Musculoskeletal Rehabilitation,10538127,1,Indexada,2,False,True,True,True,0,2.0
Journal of Behavioral and Cognitive Therapy,25899791,1,Indexada,2,False,True,True,True,0,0.0
Journal of Biogeography,03050270,1,Indexada,2,False,True,True,True,0,17.0
Journal of Biologically Active Products from Nature,22311866,1,Indexada,2,False,True,True,False,0,1.0
Journal of Biomaterials Science Polymer Edition,09205063,1,Indexada,2,False,True,True,False,0,14.0
Journal of Biomedical Nanotechnology,15507033,1,Indexada,2,False,True,True,False,0,0.0
Journal of Biomedical Science,10217770,1,Indexada,3,True,True,True,False,0,20.0
Journal of Biotechnology,01681656,1,Indexada,2,False,True,True,True,0,152.0
Journal of Business and Industrial Marketing,08858624,1,Indexada,2,False,True,True,False,0,9.0
Journal of Cachexia Sarcopenia and Muscle,21905991,1,Indexada,3,True,True,True,True,0,14.0
Journal of Cancer Research and Therapeutics,09731482,1,Indexada,2,False,True,True,False,0,23.0
Journal of Cardiovascular Imaging,25867210,1,Indexada,2,False,True,True,True,0,4.0
Journal of Chemical Theory and Computation,15499618,1,Indexada,2,False,True,True,True,0,0.0
Journal of Clinical Gastroenterology,01920790,1,Indexada,2,False,True,True,False,0,2.0
Journal of Clinical Neuroscience,09675868,1,Indexada,2,False,True,True,True,0,2.0
Journal of Clinical and Experimental Dentistry,19895488,1,Indexada,2,False,True,True,False,0,5.0
Journal of Cluster Science,10407278,1,Indexada,2,False,True,True,True,0,6.0
Journal of Colloid and Interface Science,00219797,1,Indexada,2,False,True,True,True,0,12.0
Journal of Community Health,00945145,1,Indexada,2,False,True,True,True,0,13.0
Journal of Comparative Pathology,00219975,1,Indexada,2,False,True,True,True,0,5.0
Journal of Controlled Release,01683659,1,Indexada,2,False,True,True,True,0,25.0
Journal of Critical Care,08839441,1,Indexada,2,False,True,True,True,0,0.0
Journal of Dairy Research,00220299,1,Indexada,2,False,True,True,True,0,16.0
Journal of Data Science,1680743X,1,Indexada,3,True,True,True,False,0,20.0
Journal of Dietary Supplements,19390211,1,Indexada,2,False,True,True,False,0,37.0
Journal of Drug Issues,00220426,1,Indexada,2,False,True,True,True,0,2.0
Journal of Eating Disorders,20502974,1,Indexada,3,True,True,True,True,0,8.0
Journal of Education for Teaching International Research and Pedagogy,02607476,1,Indexada,2,False,True,True,False,0,55.0
Journal of Energy Storage,2352152X,1,Indexada,2,False,True,True,True,0,1.0
Journal of Environmental Science and Health Part B,03601234,1,Indexada,2,False,True,True,False,0,2.0
Journal of Epilepsy and Clinical Neurophysiology,16762649,1,Indexada,1,False,False,True,False,0,7.0
Journal of Equine Veterinary Science,07370806,1,Indexada,2,False,True,True,True,0,1.0
Journal of Exercise Rehabilitation,2288176X,1,Indexada,3,True,True,True,False,0,8.0
Journal of Experimental Botany,00220957,1,Indexada,2,False,True,True,True,0,28.0
Journal of Experimental Zoology Part A Ecological and Integrative Physiology,24715638,1,Indexada,2,False,True,True,True,0,15.0
Journal of Fish Biology,00221112,1,Indexada,2,False,True,True,True,0,0.0
Journal of Fluorine Chemistry,00221139,1,Indexada,2,False,True,True,True,0,14.0
Journal of Food Composition and Analysis,08891575,1,Indexada,1,False,True,False,True,0,2.0
Journal of Food Engineering,02608774,1,Indexada,2,False,True,True,True,0,3.0
Journal of Food Science,00221147,1,Indexada,2,False,True,True,True,0,14.0
Journal of Functional Biomaterials,20794983,1,Indexada,3,True,True,True,True,0,17.0
Journal of Functional Morphology and Kinesiology,24115142,1,Indexada,3,True,True,True,True,0,1.0
Journal of Gastrointestinal Cancer,19416628,1,Indexada,2,False,True,True,True,0,12.0
Journal of Genetic Engineering and Biotechnology,1687157X,1,Indexada,3,True,True,True,False,0,16.0
Journal of Geographical Systems,14355930,1,Indexada,2,False,True,True,True,0,77.0
Journal of Glaucoma,10570829,1,Indexada,2,False,True,True,False,0,20.0
Journal of Hepatology,01688278,1,Indexada,2,False,True,True,True,0,6.0
Journal of Herpetology,00221511,1,Indexada,2,False,True,True,False,0,6.0
Journal of Hospital Infection,01956701,1,Indexada,2,False,True,True,True,0,13.0
Journal of Hydroinformatics,14647141,1,Indexada,3,True,True,True,False,0,5.0
Journal of Industrial and Business Economics,03912078,1,Indexada,2,False,True,True,True,0,2.0
Journal of Insect Biodiversity,21477612,1,Indexada,2,False,True,True,False,0,2.0
Journal of Intensive Care Medicine,08850666,1,Indexada,2,False,True,True,True,0,2.0
Journal of Interferon & Cytokine Research,10799907,1,Indexada,2,False,True,True,False,0,15.0
Journal of Low Temperature Physics,00222291,1,Indexada,2,False,True,True,True,0,3.0
Journal of Macromolecular Science Part A,10601325,1,Indexada,2,False,True,True,False,0,13.0
Journal of Manufacturing Technology Management,1741038X,1,Indexada,2,False,True,True,False,0,12.0
Journal of Materials Engineering and Performance,10599495,1,Indexada,2,False,True,True,True,0,38.0
Journal of Materials Research and Technology,22140697,1,Indexada,3,True,True,True,True,0,61.0
Journal of Materials Science Materials in Medicine,09574530,1,Indexada,3,True,True,True,True,0,33.0
Journal of Medical Microbiology,00222615,1,Indexada,2,False,True,True,False,0,40.0
Journal of Medical Systems,01485598,1,Indexada,2,False,True,True,True,0,8.0
Journal of Medical Ultrasound,09296441,1,Indexada,3,True,True,True,False,0,1.0
Journal of Medical and Biological Engineering,16090985,1,Indexada,2,False,True,True,True,0,1.0
Journal of Medicinal Plants Research,19960875,1,Indexada,1,False,False,True,False,0,5.0
Journal of Microbiological Methods,01677012,1,Indexada,2,False,True,True,True,0,8.0
Journal of Mining and Metallurgy A Mining,14505959,1,Indexada,1,True,False,False,False,0,3.0
Journal of Modern Applied Statistical Methods,15389472,1,Indexada,1,False,False,True,False,0,1.0
Journal of Molecular Catalysis B Enzymatic,13811177,1,Indexada,1,False,False,True,False,0,589.0
Journal of Molecular Diagnostics,15251578,1,Indexada,2,False,True,True,True,0,202.0
Journal of Molecular Liquids,01677322,1,Indexada,2,False,True,True,True,0,69.0
Journal of Molecular Medicine,09462716,1,Indexada,2,False,True,True,True,0,18.0
Journal of Molecular Structure THEOCHEM,01661280,1,Indexada,1,False,False,True,False,0,6.0
Journal of Morphology,03622525,1,Indexada,2,False,True,True,True,0,10.0
Journal of Nanoparticle Research,13880764,1,Indexada,2,False,True,True,True,0,11.0
Journal of Nanoscience and Nanotechnology,15334880,1,Indexada,1,False,False,True,False,0,2.0
Journal of Natural History,00222933,1,Indexada,2,False,True,True,False,0,7.0
Journal of Nephrology,11218428,1,Indexada,2,False,True,True,True,0,12.0
Journal of Neurological Surgery Part A Central European Neurosurgery,21936315,1,Indexada,2,False,True,True,False,0,11.0
Journal of Non-Crystalline Solids,00223093,1,Indexada,2,False,True,True,True,0,9.0
Journal of Nursing Measurement,10613749,1,Indexada,2,False,True,True,False,0,0.0
Journal of Nutrition,00223166,1,Indexada,2,False,True,True,True,0,65.0
Journal of Nutrition and Metabolism,20900724,1,Indexada,3,True,True,True,True,0,3.0
Journal of Nutritional Science,20486790,1,Indexada,3,True,True,True,True,0,6.0
Journal of Obesity,20900708,1,Indexada,3,True,True,True,True,0,38.0
Journal of Occupational Therapy Schools & Early Intervention,19411243,1,Indexada,2,False,True,True,False,0,2.0
Journal of Parasitic Diseases,09717196,1,Indexada,2,False,True,True,True,0,5.0
Journal of Parenteral and Enteral Nutrition,01486071,1,Indexada,2,False,True,True,True,0,4.0
Journal of Personalized Medicine,20754426,1,Indexada,2,False,True,True,True,0,54.0
Journal of Pharmacological Sciences,13478613,1,Indexada,3,True,True,True,True,0,15.0
Journal of Pharmacy and Pharmacology,00223573,1,Indexada,2,False,True,True,True,0,16.0
Journal of Photochemistry and Photobiology A Chemistry,10106030,1,Indexada,2,False,True,True,True,0,2.0
Journal of Physical Education and Human Movement,26595699,1,Indexada,1,True,False,False,False,0,0.0
Journal of Physical Therapy Science,09155287,1,Indexada,1,False,False,True,False,0,10.0
Journal of Physics Communications,23996528,1,Indexada,2,True,True,False,True,0,12.0
Journal of Physics and Chemistry of Solids,00223697,1,Indexada,2,False,True,True,True,0,26.0
Journal of Plant Growth Regulation,07217595,1,Indexada,2,False,True,True,True,0,6.0
Journal of Power Sources,03787753,1,Indexada,2,False,True,True,True,0,3.0
Journal of Prevention,27315533,1,Indexada,2,False,True,True,True,0,1.0
Journal of Quaternary Science,02678179,1,Indexada,2,False,True,True,True,0,2.0
Journal of Raman Spectroscopy,03770486,1,Indexada,2,False,True,True,True,0,4.0
Journal of Saudi Chemical Society,13196103,1,Indexada,3,True,True,True,True,0,14.0
Journal of Seed Science,23171537,1,Indexada,3,True,True,True,True,0,5.0
Journal of Sleep Research,09621105,1,Indexada,2,False,True,True,True,0,29.0
Journal of Sol-Gel Science and Technology,09280707,1,Indexada,2,False,True,True,True,0,3.0
Journal of Solid State Electrochemistry,14328488,1,Indexada,2,False,True,True,True,0,4.0
Journal of Sport and Exercise Psychology,08952779,1,Indexada,2,False,True,True,False,0,3.0
Journal of Statistical Physics,00224715,1,Indexada,2,False,True,True,True,0,16.0
Journal of Structural Chemistry,00224766,1,Indexada,2,False,True,True,False,0,1.0
Journal of Surgical Case Reports,20428812,1,Indexada,3,True,True,True,True,0,1.0
Journal of Survey Statistics and Methodology,23250984,1,Indexada,2,False,True,True,True,0,0.0
Journal of The Electrochemical Society,00134651,1,Indexada,2,False,True,True,True,0,2.0
Journal of The Royal Society Interface,17425662,1,Indexada,2,False,True,True,False,0,19.0
Journal of Trace Elements in Medicine and Biology,0946672X,1,Indexada,2,False,True,True,True,0,3.0
Journal of Transplantation,20900007,1,Indexada,1,True,False,False,True,0,4.0
Journal of Ultrasonography,20848404,1,Indexada,3,True,True,True,False,0,18.0
Journal of Ultrasound,18767931,1,Indexada,2,False,True,True,True,0,1.0
Journal of Urban and Environmental Engineering,19823932,1,Indexada,3,True,True,True,False,0,8.0
Journal of Vacuum Science & Technology B Nanotechnology and Microelectronics Materials Processing Measurement and Phenomena,21662746,1,Indexada,2,False,True,True,False,0,10.0
Journal of Vascular Nursing,10620303,1,Indexada,2,False,True,True,True,0,3.0
Journal of Vector Borne Diseases,09729062,1,Indexada,3,True,True,True,False,0,0.0
Journal of Vertebrate Paleontology,02724634,1,Indexada,2,False,True,True,False,0,3.0
Journal of Veterinary Behavior,15587878,1,Indexada,2,False,True,True,True,0,1.0
Journal of Veterinary Diagnostic Investigation,10406387,1,Indexada,2,False,True,True,True,0,8.0
Journal of Veterinary Emergency and Critical Care,14764431,1,Indexada,2,False,True,True,True,0,12.0
Journal of Veterinary Science,1229845X,1,Indexada,3,True,True,True,True,0,8.0
Journal of Visual Impairment & Blindness,0145482X,1,Indexada,2,False,True,True,True,0,5.0
Journal of Visualized Experiments,1940087X,1,Indexada,1,False,True,False,False,0,0.0
Journal of Water Resources Planning and Management,07339496,1,Indexada,2,False,True,True,False,0,27.0
Journal of bioenergy and Food Science,23592710,1,Indexada,1,True,False,False,False,0,3.0
Journal of diagnostic medical sonography,15525430,1,Indexada,2,False,True,True,True,0,0.0
Journal of obstetrics and gynaecology research,13418076,1,Indexada,1,False,True,False,True,0,5.0
Journal of science and medicine in sport,14402440,1,Indexada,2,False,True,True,True,0,0.0
Journal of the Air Transport Research Society,2941198X,1,Indexada,2,False,True,True,True,0,24.0
Journal of the American Medical Directors Association,15258610,1,Indexada,2,False,True,True,True,0,10.0
Journal of the American Society of Nephrology,10466673,1,Indexada,2,False,True,True,False,0,500.0
Journal of the Autonomic Nervous System,01651838,1,Indexada,1,False,False,True,False,0,47.0
Journal of the Botanical Research Institute of Texas,19345259,1,Indexada,2,False,True,True,False,0,0.0
Journal of the Endocrine Society,24721972,1,Indexada,3,True,True,True,True,0,1.0
Journal of the Foot & Ankle,25951459,1,Indexada,1,True,False,False,False,0,0.0
Journal of the International Association of Providers of AIDS Care (JIAPAC),23259574,1,Indexada,3,True,True,True,True,0,2.0
Journal of the Mexican Federation of Radiology and Imaging,26968444,1,Indexada,1,True,False,False,False,0,0.0
Journal of the Neurological Sciences,0022510X,1,Indexada,2,False,True,True,True,0,16.0
Journal of the Peripheral Nervous System,10859489,1,Indexada,2,False,True,True,True,0,17.0
Journal of the mechanical behavior of biomedical materials/Journal of mechanical behavior of biomedical materials,17516161,1,Indexada,2,False,True,True,True,0,9.0
Kinesiology,13311441,1,Indexada,2,False,True,True,False,0,39.0
Korean Journal of Gastroenterology,15989992,1,Indexada,3,True,True,True,True,0,20.0
Kwanissa Revista de Estudos Africanos e Afro-Brasileiros,25951033,1,Indexada,1,True,False,False,False,0,0.0
LWT,00236438,1,Indexada,3,True,True,True,True,0,14.0
La Colmena,24486302,1,Indexada,1,True,False,False,False,0,0.0
Laboratory Investigation,00236837,1,Indexada,2,False,True,True,True,0,0.0
Lara D. Veeken,14620324,1,Indexada,2,False,True,True,True,0,5.0
Latin American Journal of Aquatic Research,0718560X,1,Indexada,3,True,True,True,True,0,10.0
Letrônica,19844301,1,Indexada,1,True,False,False,False,0,3.0
Letters in Applied Microbiology,02668254,1,Indexada,2,False,True,True,True,0,1.0
Licere,15162168,1,Indexada,1,True,False,False,False,0,0.0
Linear Algebra and its Applications,00243795,1,Indexada,2,False,True,True,True,0,0.0
Linguagem em (Dis)curso,15187632,1,Indexada,1,True,False,False,False,0,2.0
Linha D Água,01033638,1,Indexada,1,True,False,False,False,0,0.0
Linhas,1518367X,1,Indexada,1,True,False,False,False,0,1.0
Lipids in Health and Disease,1476511X,1,Indexada,3,True,True,True,True,0,14.0
Longitudinal and Life Course Studies,17579597,1,Indexada,2,False,True,True,False,0,0.0
Lumina,15160785,1,Indexada,1,True,False,False,False,0,0.0
Luminescence,15227235,1,Indexada,2,False,True,True,True,0,2.0
MISES Interdisciplinary Journal of Philosophy Law and Economics,23180811,1,Indexada,1,True,False,False,False,0,0.0
Machines,20751702,1,Indexada,3,True,True,True,True,0,3.0
Mammalian Biology,16165047,1,Indexada,2,False,True,True,True,0,12.0
Management of Environmental Quality An International Journal,14777835,1,Indexada,2,False,True,True,False,0,2.0
Marine Biodiversity,18671616,1,Indexada,2,False,True,True,True,0,2.0
Marine Biology,00253162,1,Indexada,2,False,True,True,True,0,21.0
Materialia,25891529,1,Indexada,2,False,True,True,True,0,19.0
Materials & Design,02641275,1,Indexada,3,True,True,True,True,0,169.0
Materials Research Express,20531591,1,Indexada,3,True,True,True,True,0,67.0
Materials Research Innovations,14328917,1,Indexada,2,False,True,True,False,0,1.0
Materials Science and Engineering B,09215107,1,Indexada,2,False,True,True,True,0,9.0
Mathematics of Computation,00255718,1,Indexada,2,False,True,True,False,0,9.0
Matraga - Revista do Programa de Pós-Graduação em Letras da UERJ,14147165,1,Indexada,1,True,False,False,False,0,0.0
Maturitas,03785122,1,Indexada,2,False,True,True,True,0,0.0
Mediações Revista de Ciências Sociais,14140543,1,Indexada,1,True,False,False,False,0,0.0
Medical & Biological Engineering & Computing,01400118,1,Indexada,2,False,True,True,True,0,30.0
Medical Ultrasonography,18444172,1,Indexada,2,False,True,True,False,0,0.0
Medical science monitor basic research/Medical science monitor. Basic research,23254394,1,Indexada,2,False,True,True,False,0,8.0
"Medicina oral, patología oral y cirugía bucal",16984447,1,Indexada,2,False,True,True,False,0,20.0
Menopause Review/Przegląd Menopauzalny,16438876,1,Indexada,3,True,True,True,False,0,6.0
Mental Illness,20367457,1,Indexada,3,True,True,True,True,0,5.0
Metabolism,00260495,1,Indexada,2,False,True,True,True,0,17.0
Metabolites,22181989,1,Indexada,3,True,True,True,True,0,8.0
Metabolomics,15733882,1,Indexada,2,False,True,True,True,0,0.0
MethodsX,22150161,1,Indexada,2,True,True,False,True,0,0.0
Metáfora Revista de literatura y análisis,26174839,1,Indexada,3,True,True,True,False,0,0.0
Microbial Biotechnology,17517915,1,Indexada,2,True,True,False,True,0,18.0
Microbial Drug Resistance,10766294,1,Indexada,2,False,True,True,False,0,6.0
Microbial Ecology,00953628,1,Indexada,2,False,True,True,True,0,17.0
Microbial Genomics,20575858,1,Indexada,3,True,True,True,True,0,4.0
Microbiology Research,20367473,1,Indexada,3,True,True,True,True,0,5.0
Microchemical Journal,0026265X,1,Indexada,2,False,True,True,True,0,0.0
Microchimica Acta,00263672,1,Indexada,2,False,True,True,True,0,13.0
Micromachines,2072666X,1,Indexada,3,True,True,True,True,0,18.0
Microscopy and Microanalysis,14319276,1,Indexada,2,False,True,True,True,0,1.0
Minerva Cardiology and Angiology,27245683,1,Indexada,2,False,True,True,False,0,2.0
Minerva Dental and Oral Science,00264970,1,Indexada,1,False,False,True,False,0,26.0
Mini-invasive Surgery,25741225,1,Indexada,2,False,True,True,False,0,3.0
Modern Physics Letters A,02177323,1,Indexada,2,False,True,True,False,0,0.0
Molecular Biology Reports,03014851,1,Indexada,2,False,True,True,True,0,0.0
Molecular Biology and Evolution,07374038,1,Indexada,3,True,True,True,True,0,75.0
Molecular Genetics and Metabolism Reports,22144269,1,Indexada,3,True,True,True,True,0,3.0
Molecular Medicine,10761551,1,Indexada,3,True,True,True,True,0,67.0
Molecular Metabolism,22128778,1,Indexada,3,True,True,True,True,0,23.0
Molecular Nutrition & Food Research,16134125,1,Indexada,2,False,True,True,True,0,0.0
Molecular and Cellular Endocrinology,03037207,1,Indexada,2,False,True,True,True,0,1.0
Motor Control,10871640,1,Indexada,2,False,True,True,False,0,25.0
Multidiscipline Modeling in Materials and Structures,15736105,1,Indexada,2,False,True,True,False,0,3.0
Multiple Sclerosis Journal - Experimental Translational and Clinical,20552173,1,Indexada,3,True,True,True,True,0,9.0
Music and Medicine,1943863X,1,Indexada,1,False,True,False,False,0,0.0
Música Hodie,16763939,1,Indexada,3,True,True,True,False,0,0.0
Nano Trends,26669781,1,Indexada,3,True,True,True,True,0,4.0
Nano-Structures & Nano-Objects,2352507X,1,Indexada,2,False,True,True,True,0,62.0
Nanoenergy Advances,2673706X,1,Indexada,3,True,True,True,True,0,0.0
Natural Product Communications,15559475,1,Indexada,3,True,True,True,True,0,3.0
Nature,00280836,1,Indexada,1,False,True,False,True,0,512.0
Nau Literária,19814526,1,Indexada,2,False,True,True,False,0,0.0
Nauplius,01046497,1,Indexada,1,True,False,False,False,0,8.0
Navus - Revista de Gestão e Tecnologia,22374558,1,Indexada,1,True,False,False,False,0,0.0
Neotropical Biology and Conservation,18099939,1,Indexada,2,True,True,False,True,0,6.0
Neotropical Ichthyology,16796225,1,Indexada,3,True,True,True,True,0,8.0
Nephrology,13205358,1,Indexada,2,False,True,True,True,0,4.0
Neuroepidemiology,02515350,1,Indexada,2,False,True,True,False,0,9.0
Neurologia i Neurochirurgia Polska,00283843,1,Indexada,2,False,True,True,False,0,3.0
Neurology India,00283886,1,Indexada,2,False,True,True,False,0,1.0
Neuropsychobiology,0302282X,1,Indexada,2,False,True,True,False,0,14.0
Neuroradiology,00283940,1,Indexada,2,False,True,True,True,0,1.0
Neuroscience,03064522,1,Indexada,2,False,True,True,True,0,10.0
Neuroscience Letters,03043940,1,Indexada,2,False,True,True,True,0,6.0
Neurosurgical Review,03445607,1,Indexada,2,False,True,True,True,0,6.0
New Biotechnology,18716784,1,Indexada,3,True,True,True,True,0,0.0
New Journal of Physics,13672630,1,Indexada,3,True,True,True,True,0,17.0
New Trends in Qualitative Research,21847770,1,Indexada,1,False,True,False,True,0,1.0
Next Nanotechnology,29498295,1,Indexada,3,True,True,True,True,0,1.0
Nucleic Acids Research,03051048,1,Indexada,3,True,True,True,True,0,41.0
Nurse Educator,03633624,1,Indexada,2,False,True,True,False,0,6.0
"Nutrición clínica y dietética hospitalaria/Nutrición clínica, dietética hospitalaria",02116057,1,Indexada,1,False,True,False,False,0,0.0
Nutrition Bulletin,14673010,1,Indexada,2,False,True,True,True,0,1.0
Nutrition Metabolism and Cardiovascular Diseases,09394753,1,Indexada,2,False,True,True,True,0,5.0
Nutrition Research and Practice,19761457,1,Indexada,2,False,True,True,False,0,7.0
OMICS A Journal of Integrative Biology,15362310,1,Indexada,2,False,True,True,False,0,6.0
OTJR Occupational Therapy Journal of Research,15394492,1,Indexada,2,False,True,True,True,0,0.0
Obesity Research & Clinical Practice,1871403X,1,Indexada,2,False,True,True,True,0,11.0
Obstetrics & Gynecology Science,22878572,1,Indexada,3,True,True,True,False,0,4.0
Occupational Therapy International,09667903,1,Indexada,3,True,True,True,True,0,17.0
Odonatologica,03750183,1,Indexada,2,False,True,True,False,0,2.0
Open Biology,20462441,1,Indexada,3,True,True,True,True,0,9.0
Operative Dentistry,03617734,1,Indexada,2,False,True,True,False,0,0.0
Ophthalmology,01616420,1,Indexada,2,False,True,True,True,0,58.0
Optical and Quantum Electronics,03068919,1,Indexada,2,False,True,True,True,0,0.0
Optics Letters,01469592,1,Indexada,2,False,True,True,False,0,22.0
Oral Surgery Oral Medicine Oral Pathology and Oral Radiology,22124403,1,Indexada,2,False,True,True,True,0,17.0
Ornamental Horticulture,2447536X,1,Indexada,3,True,True,True,False,0,0.0
Otolaryngologic Clinics of North America,00306665,1,Indexada,2,False,True,True,True,0,97.0
PEGADA - A Revista da Geografia do Trabalho,16761871,1,Indexada,1,True,False,False,False,0,0.0
PLANT PHYSIOLOGY,00320889,1,Indexada,2,False,True,True,True,0,123.0
PLoS Pathogens,15537366,1,Indexada,3,True,True,True,True,0,43.0
PM&R,19341482,1,Indexada,2,False,True,True,True,0,10.0
Pain Management Nursing,15249042,1,Indexada,2,False,True,True,True,0,62.0
Palaeontology,00310239,1,Indexada,2,False,True,True,True,0,1.0
Paradigma Revista de investigación educativa,18174221,1,Indexada,1,True,False,False,False,0,0.0
Parasitologia,26736772,1,Indexada,2,True,True,False,True,0,0.0
Parasitology International,13835769,1,Indexada,2,False,True,True,True,0,0.0
Parkinsonism & Related Disorders,13538020,1,Indexada,2,False,True,True,True,0,18.0
Pathobiology,10152008,1,Indexada,2,False,True,True,False,0,3.0
Pathogens and Global Health,20477724,1,Indexada,2,False,True,True,False,0,76.0
Pathologica,00312983,1,Indexada,2,False,True,True,False,0,9.0
Pathology & Oncology Research,12194956,1,Indexada,3,True,True,True,True,0,250.0
Pathophysiology,09284680,1,Indexada,3,True,True,True,True,0,12.0
Pediatric Blood & Cancer,15455009,1,Indexada,2,False,True,True,True,0,9.0
Pediatric Cardiology,01720643,1,Indexada,2,False,True,True,True,0,15.0
Pediatric Nephrology,0931041X,1,Indexada,2,False,True,True,True,0,18.0
Pediatric and Developmental Pathology,10935266,1,Indexada,2,False,True,True,True,0,7.0
Pediatrics International,13288067,1,Indexada,2,False,True,True,True,0,0.0
Periferia,19849540,1,Indexada,1,True,False,False,False,0,0.0
Perspectivas em Ciência da Informação,14139936,1,Indexada,3,True,True,True,False,0,2.0
Pesquisa Agropecuária Tropical,15176398,1,Indexada,3,True,True,True,False,0,1.0
Pesquisa Operacional,01017438,1,Indexada,2,False,True,True,False,0,3.0
Pesquisa Veterinária Brasileira,0100736X,1,Indexada,3,True,True,True,True,0,6.0
Pest Management Science,1526498X,1,Indexada,2,False,True,True,True,0,8.0
Pflügers Archiv - European Journal of Physiology,00316768,1,Indexada,2,False,True,True,True,0,7.0
Pharmaceutical Research,07248741,1,Indexada,2,False,True,True,True,0,34.0
Pharmacological Research,10436618,1,Indexada,3,True,True,True,True,0,64.0
Pharmacological Research - Natural Products,29501997,1,Indexada,2,False,True,True,True,0,1.0
Pharmacology Biochemistry and Behavior,00913057,1,Indexada,2,False,True,True,True,0,6.0
Photobiomodulation Photomedicine and Laser Surgery,25785478,1,Indexada,2,False,True,True,False,0,12.0
Phyllomedusa Journal of Herpetology,15191397,1,Indexada,3,True,True,True,False,0,12.0
Physica A Statistical Mechanics and its Applications,03784371,1,Indexada,2,False,True,True,True,0,26.0
Physica C Superconductivity,09214534,1,Indexada,2,False,True,True,True,0,2.0
Physical Activity and Health,25152270,1,Indexada,3,True,True,True,True,0,14.0
Physical Review B,10980121,1,Indexada,1,False,False,True,True,0,37.0
Physical Review E,15393755,1,Indexada,1,False,False,True,False,0,14.0
Physical Review Materials,24759953,1,Indexada,2,False,True,True,False,0,0.0
Physical Therapy,00319023,1,Indexada,2,False,True,True,True,0,9.0
Physical Therapy Reviews,10833196,1,Indexada,2,False,True,True,False,0,1.0
Physical Therapy in Sport,1466853X,1,Indexada,2,False,True,True,True,0,0.0
Physical review. E,24700045,1,Indexada,2,False,True,True,False,0,2.0
Physics Education,00319120,1,Indexada,2,False,True,True,True,0,7.0
Physics Letters B,03702693,1,Indexada,3,True,True,True,True,0,81.0
Physics of the Dark Universe,22126864,1,Indexada,2,False,True,True,True,0,2.0
Physiological Measurement,09673334,1,Indexada,2,False,True,True,True,0,12.0
Phytomedicine,09447113,1,Indexada,2,False,True,True,True,0,33.0
Plant Physiology and Biochemistry,09819428,1,Indexada,2,False,True,True,True,0,45.0
Planta Medica,00320943,1,Indexada,2,False,True,True,False,0,36.0
Plastic & Reconstructive Surgery,00321052,1,Indexada,2,False,True,True,False,0,6.0
Plastic & Reconstructive Surgery Global Open,21697574,1,Indexada,3,True,True,True,True,0,4.0
Polar Biology,07224060,1,Indexada,2,False,True,True,True,0,9.0
Polymer Bulletin,01700839,1,Indexada,2,False,True,True,True,0,30.0
Polymer International,09598103,1,Indexada,2,False,True,True,True,0,0.0
Polymers,20734360,1,Indexada,1,False,True,False,True,0,1.0
Portuguese Journal of Public Health,25043137,1,Indexada,1,True,False,False,True,0,0.0
Portuguese Language Journal,19420986,1,Indexada,1,True,False,False,False,0,0.0
Potato Research,00143065,1,Indexada,2,False,True,True,True,0,0.0
Poultry Science,00325791,1,Indexada,2,True,True,False,True,0,0.0
PragMATIZES - Revista Latino-Americana de Estudos em Cultura,22371508,1,Indexada,1,True,False,False,False,0,1.0
Praxis & Saber,22160159,1,Indexada,1,True,False,False,False,0,5.0
Precision Agriculture,13852256,1,Indexada,2,False,True,True,True,0,29.0
Preventive Medicine Reports,22113355,1,Indexada,3,True,True,True,True,0,6.0
Proa Revista de Antropologia e Arte,21756015,1,Indexada,1,True,False,False,False,0,0.0
Procedia CIRP,22128271,1,Indexada,1,False,True,False,False,0,23.0
Proceedings of the Royal Society A Mathematical Physical and Engineering Sciences,13645021,1,Indexada,2,False,True,True,False,0,0.0
Production,01036513,1,Indexada,3,True,True,True,False,0,16.0
Projeto História Revista do Programa de Estudos Pós-Graduados em História,01024442,1,Indexada,3,True,True,True,False,0,0.0
Proteins Structure Function and Bioinformatics,08873585,1,Indexada,2,False,True,True,True,0,40.0
Psicologia,08742049,1,Indexada,2,False,True,True,False,0,0.0
Psychiatry International,26735318,1,Indexada,3,True,True,True,True,0,0.0
Psychophysiology,00485772,1,Indexada,2,False,True,True,True,0,74.0
Punto sur,26837404,1,Indexada,1,True,False,False,False,0,0.0
RDE - Revista de Desenvolvimento Econômico,15161684,1,Indexada,1,True,False,False,False,0,1.0
REALIZAÇÃO,23583401,1,Indexada,1,True,False,False,False,0,1.0
REAMEC - Rede Amazônica de Educação em Ciências e Matemática,23186674,1,Indexada,1,True,False,False,False,0,16.0
RELACult - Revista Latino-Americana de Estudos em Cultura e Sociedade,25257870,1,Indexada,1,True,False,False,False,0,0.0
RELIES Revista del Laboratorio Iberoamericano para el Estudio Sociohistórico de las Sexualidades,26598620,1,Indexada,1,True,False,False,False,0,0.0
REM - International Engineering Journal,03704467,1,Indexada,1,True,False,False,False,0,4.0
REMAT Revista Eletrônica da Matemática,24472689,1,Indexada,1,True,False,False,False,0,4.0
REVISTA BRASILEIRA DE AGROECOLOGIA,19809735,1,Indexada,1,True,False,False,False,0,3.0
REVISTA CHILENA DE ENTOMOLOGÍA,0034740X,1,Indexada,1,True,False,False,False,0,0.0
REVISTA DIÁLOGOS E PERSPECTIVAS EM EDUCAÇÃO ESPECIAL,23588845,1,Indexada,1,True,False,False,False,0,0.0
RGO - Revista Gaúcha de Odontologia,00349542,1,Indexada,1,True,False,False,False,0,2.0
RISTI - Revista Ibérica de Sistemas e Tecnologias de Informação,16469895,1,Indexada,1,False,False,True,False,0,0.0
RSC Advances,20462069,1,Indexada,3,True,True,True,True,0,8.0
Radiation Protection Dosimetry,01448420,1,Indexada,2,False,True,True,True,0,12.0
Radiographics,02715333,1,Indexada,2,False,True,True,False,0,0.0
Rangelands,01900528,1,Indexada,1,False,True,False,True,0,0.0
Rapid Communications in Mass Spectrometry,09514198,1,Indexada,2,False,True,True,True,0,18.0
ReMark - Revista Brasileira de Marketing,21775184,1,Indexada,2,False,True,True,False,0,3.0
Rebeca - Revista Brasileira de Estudos de Cinema e Audiovisual,23169230,1,Indexada,1,True,False,False,False,0,0.0
Rehabilitation Psychology,00905550,1,Indexada,2,False,True,True,False,0,1.0
Rehabilitation Research and Practice,20902867,1,Indexada,2,False,True,True,True,0,3.0
Rematec,19803141,1,Indexada,1,True,False,False,False,0,0.0
Remote Sensing Applications Society and Environment,23529385,1,Indexada,2,False,True,True,True,0,9.0
Renal Failure,0886022X,1,Indexada,3,True,True,True,True,0,44.0
Renewable Energy,09601481,1,Indexada,2,False,True,True,True,0,79.0
Reproduction,14701626,1,Indexada,2,False,True,True,False,0,1.0
Reproductive Biology,1642431X,1,Indexada,2,False,True,True,True,0,2.0
Reproductive Sciences,19337191,1,Indexada,2,False,True,True,True,0,19.0
Reprodução & Climatério,14132087,1,Indexada,1,False,False,True,False,0,1.0
Research in Transportation Business & Management,22105395,1,Indexada,1,False,True,False,True,0,0.0
Respiratory Care,00201324,1,Indexada,2,False,True,True,False,0,40.0
Respiratory Physiology & Neurobiology,15699048,1,Indexada,2,False,True,True,True,0,12.0
Results in Chemistry,22117156,1,Indexada,3,True,True,True,True,0,0.0
Retina,0275004X,1,Indexada,2,False,True,True,False,0,4.0
Review of Scientific Instruments,00346748,1,Indexada,1,False,True,False,False,0,0.0
Revista Agro mbiente On-line,19828470,1,Indexada,1,True,False,False,False,0,4.0
Revista Agrogeoambiental,1984428X,1,Indexada,1,True,False,False,False,0,0.0
Revista BOEM,2357724X,1,Indexada,1,True,False,False,False,0,0.0
Revista Brasileira da Educação Profissional e Tecnológica,19830408,1,Indexada,1,True,False,False,False,0,0.0
Revista Brasileira de Aprendizagem Aberta e a Distância,18061362,1,Indexada,1,True,False,False,False,0,1.0
Revista Brasileira de Biologia,00347108,1,Indexada,1,False,False,True,False,0,32.0
Revista Brasileira de Ciência do Solo,01000683,1,Indexada,3,True,True,True,True,0,6.0
Revista Brasileira de Coloproctologia,01019880,1,Indexada,1,False,False,True,False,0,2.0
Revista Brasileira de Economia,00347140,1,Indexada,2,False,True,True,True,0,4.0
Revista Brasileira de Ensino de Ciência e Tecnologia,1982873X,1,Indexada,1,True,False,False,False,0,3.0
Revista Brasileira de Estudos de População,01023098,1,Indexada,3,True,True,True,False,0,6.0
Revista Brasileira de Geomorfologia,15191540,1,Indexada,3,True,True,True,False,0,5.0
Revista Brasileira de História da Ciência,19834713,1,Indexada,3,True,True,True,False,0,1.0
Revista Brasileira de História da Educação,15195902,1,Indexada,1,True,False,False,False,0,0.0
Revista Brasileira de Parasitologia Veterinária/Brazilian Journal of Veterinary Parasitology,0103846X,1,Indexada,3,True,True,True,True,0,33.0
Revista Brasileira de Segurança Pública,19811659,1,Indexada,3,True,True,True,False,0,0.0
Revista Catarinense da Ciência Contábil,18083781,1,Indexada,1,True,False,False,False,0,0.0
Revista Cerrados,16788346,1,Indexada,1,True,False,False,False,0,1.0
Revista Ciência Agrícola,01038699,1,Indexada,1,True,False,False,False,0,0.0
Revista Colombiana de Ciencia Animal - RECIA,20274297,1,Indexada,1,True,False,False,False,0,0.0
Revista Colombiana de Entomología,01200488,1,Indexada,2,False,True,True,False,0,4.0
Revista Contemporânea de Contabilidade,18071821,1,Indexada,1,True,False,False,False,0,0.0
Revista Continentes,23178825,1,Indexada,1,True,False,False,False,0,1.0
Revista Educação em Saúde/Revista Educação em Saúde Unievangélica,23168498,1,Indexada,1,True,False,False,False,0,0.0
Revista Electrónica Educare,14094258,1,Indexada,3,True,True,True,False,0,0.0
Revista Eletrônica História em Reflexão,19812434,1,Indexada,1,True,False,False,False,0,0.0
Revista Eletrônica da Associação dos Geógrafos Brasileiros Seção Três Lagoas - (ISSN 1808-2653),18082653,1,Indexada,1,True,False,False,False,0,0.0
Revista Engenharia na Agricultura - REVENG,14143984,1,Indexada,1,True,False,False,True,0,0.0
Revista Ensayos Pedagógicos,16590104,1,Indexada,1,True,False,False,False,0,0.0
Revista Estudos Feministas,0104026X,1,Indexada,2,True,True,False,False,0,0.0
Revista Extensão & Cidadania/Revista Extensão e Cidadania,23174609,1,Indexada,1,True,False,False,False,0,1.0
Revista Facultad Nacional de Agronomía Medellín,03042847,1,Indexada,3,True,True,True,False,0,3.0
Revista Geográfica de América Central,1011484X,1,Indexada,2,True,False,True,False,0,0.0
Revista Gestão Organizacional,18066720,1,Indexada,1,True,False,False,False,0,3.0
Revista Gênero,15179699,1,Indexada,1,True,False,False,False,0,0.0
Revista IBRACON de Estruturas e Materiais,19834195,1,Indexada,3,True,True,True,False,0,0.0
Revista Ibero-Americana de Estudos em Educação,19825587,1,Indexada,1,True,False,False,False,0,0.0
Revista Iberoamericana de Diagnóstico y Evaluación - e Avaliação Psicológica,11353848,1,Indexada,1,False,True,False,False,0,2.0
Revista Iberoamericana de Tecnología en Educación y Educación en Tecnología,18509959,1,Indexada,1,True,False,False,False,0,3.0
Revista Interamericana de Psicología/Interamerican Journal of Psychology,00349690,1,Indexada,3,True,True,True,False,0,0.0
Revista Interinstitucional Artes de Educar,23596856,1,Indexada,1,True,False,False,False,0,1.0
Revista Internacional de Medicina y Ciencias de la Actividad Física y del Deporte,15770354,1,Indexada,2,False,True,True,True,0,2.0
Revista Kairós Gerontologia,15162567,1,Indexada,1,True,False,False,False,0,0.0
Revista Katálysis,14144980,1,Indexada,1,True,False,False,False,0,5.0
Revista Latinoamericana de Ciencias Sociales Niñez y Juventud,1692715X,1,Indexada,3,True,True,True,False,0,0.0
Revista Latinoamericana de Investigación en Matemática Educativa,16652436,1,Indexada,2,False,True,True,False,0,0.0
Revista Latinoamericana de Psicología,01200534,1,Indexada,2,False,True,True,False,0,13.0
Revista Latinoamericana de Psicopatologia Fundamental,14154714,1,Indexada,3,True,True,True,False,0,25.0
Revista Linguagem em Foco,21767955,1,Indexada,1,True,False,False,False,0,0.0
Revista Maracanan,1807989X,1,Indexada,1,True,False,False,False,0,0.0
Revista Margens Interdisciplinar,19825374,1,Indexada,2,False,True,True,False,0,4.0
Revista Mexicana de Física,0035001X,1,Indexada,2,False,True,True,False,0,2.0
Revista Pedagógica,14158175,1,Indexada,1,True,False,False,False,0,1.0
Revista Pensamento Contemporâneo em Administração,19822596,1,Indexada,1,True,False,False,False,0,0.0
Revista Periódicus,23580844,1,Indexada,1,True,False,False,False,0,3.0
Revista Peruana de Medicina Experimental y Salud Pública,17264634,1,Indexada,3,True,True,True,False,0,4.0
Revista Pesquisa e Debate em Educação,22379436,1,Indexada,1,True,False,False,False,0,2.0
Revista Pistis Praxis,19843755,1,Indexada,1,True,False,False,False,0,0.0
Revista Portuguesa de Cardiologia,08702551,1,Indexada,3,True,True,True,True,0,15.0
Revista Portuguesa de Educação,08719187,1,Indexada,3,True,True,True,False,0,0.0
Revista Portuguesa de Estomatologia Medicina Dentária e Cirurgia Maxilofacial,16462890,1,Indexada,3,True,True,True,False,0,0.0
Revista Prevenção de Infecção e Saúde,24467901,1,Indexada,1,True,False,False,False,0,0.0
Revista Projetar - Projeto e Percepção do Ambiente,2447617X,1,Indexada,1,True,False,False,False,0,1.0
Revista Rural & Urbano,25256092,1,Indexada,1,True,False,False,False,0,1.0
Revista Saúde & Diversidade,25267914,1,Indexada,1,True,False,False,False,0,0.0
Revista Sobecc,14144425,1,Indexada,1,True,False,False,False,0,0.0
Revista Sociais e Humanas,01030620,1,Indexada,1,True,False,False,False,0,1.0
Revista Sítio Novo,25947036,1,Indexada,1,True,False,False,False,0,0.0
Revista Tamoios,16761995,1,Indexada,1,True,False,False,False,0,1.0
Revista Tecnologia e Sociedade,18090044,1,Indexada,1,True,False,False,False,0,5.0
Revista Temas em Educação,01042777,1,Indexada,1,True,False,False,False,0,0.0
Revista Texto Poético,18085385,1,Indexada,1,True,False,False,False,0,0.0
Revista Vitruvian Cogitationes,26759616,1,Indexada,1,True,False,False,False,0,1.0
Revista chilena de pediatría,03704106,1,Indexada,1,False,False,True,False,0,3.0
Revista da FUNDARTE,15196569,1,Indexada,1,True,False,False,False,0,0.0
Revista da Faculdade de Direito da Universidade Federal de Uberlândia,21774919,1,Indexada,1,True,False,False,False,0,0.0
Revista da Sociedade Brasileira de Fonoaudiologia,15168034,1,Indexada,1,True,False,False,False,0,15.0
Revista da Tulha,24477117,1,Indexada,1,True,False,False,False,0,0.0
Revista de Administração Sociedade e Inovação,24478156,1,Indexada,1,True,False,False,True,0,2.0
Revista de Biologia Neotropical / Journal of Neotropical Biology,18079652,1,Indexada,2,True,True,False,False,0,0.0
Revista de Casos e Consultoria,22377417,1,Indexada,1,True,False,False,False,0,11.0
Revista de Ciências Agrárias,0871018X,1,Indexada,1,True,False,False,True,0,2.0
Revista de Ciências da Saúde Nova Esperança,16791983,1,Indexada,1,True,False,False,False,0,0.0
Revista de Ciências do Estado,25258036,1,Indexada,1,True,False,False,False,0,0.0
Revista de Direito da Cidade,18096077,1,Indexada,1,True,False,False,False,0,2.0
Revista de Economia Contemporânea,14159848,1,Indexada,3,True,True,True,False,0,3.0
Revista de Economia e Sociologia Rural,01032003,1,Indexada,3,True,True,True,True,0,6.0
Revista de Educação Física / Journal of Physical Education,01028464,1,Indexada,1,True,False,False,False,0,0.0
Revista de Educação PUC-Campinas,15193993,1,Indexada,1,True,False,False,False,0,0.0
Revista de Educação Pública,01045962,1,Indexada,1,True,False,False,False,0,1.0
Revista de Enseñanza de la Física,03267091,1,Indexada,1,True,False,False,False,0,1.0
Revista de Estudios de Género La Ventana,14059436,1,Indexada,1,True,False,False,False,0,1.0
Revista de Estudos da Linguagem,01040588,1,Indexada,2,False,True,True,False,0,0.0
Revista de Filosofia Aurora,01044443,1,Indexada,1,True,False,False,False,0,0.0
Revista de Gastroenterología de México,03750906,1,Indexada,2,True,True,False,True,0,0.0
Revista de Gestão Ambiental e Sustentabilidade,23169834,1,Indexada,2,False,True,True,False,0,2.0
Revista de História da Educação Matemática,24476447,1,Indexada,1,True,False,False,False,0,0.0
Revista de Investigación en Psicología,1560909X,1,Indexada,1,True,False,False,False,0,0.0
Revista de Letras Norte mentos,19838018,1,Indexada,1,True,False,False,False,0,0.0
Revista de Psicologia da IMED,21755027,1,Indexada,1,True,False,False,False,0,14.0
Revista de Psicología,02549247,1,Indexada,3,True,True,True,False,0,0.0
Revista de Psiquiatria do Rio Grande do Sul,01018108,1,Indexada,1,False,False,True,False,0,2.0
Revista de artes marciales asiáticas,18858643,1,Indexada,1,True,False,False,False,0,0.0
Revista de ciências humanas,15184684,1,Indexada,1,True,False,False,False,0,0.0
Revista de la Facultad de Ciencias Agrarias UNCuyo,03704661,1,Indexada,3,True,True,True,True,0,0.0
Revista de la Facultad de Medicina,01200011,1,Indexada,3,True,True,True,False,0,4.0
Revista do GEL,18064906,1,Indexada,1,True,False,False,False,0,0.0
Revista entreideias educação cultura e sociedade,23170956,1,Indexada,1,True,False,False,False,0,2.0
Revista sobre la infancia y la adolescencia,21747210,1,Indexada,1,True,False,False,False,0,3.0
Revistas de Ciências Jurídicas e Sociais da UNIPAR,15161579,1,Indexada,1,True,False,False,False,0,0.0
Rhizosphere,24522198,1,Indexada,2,False,True,True,True,0,25.0
Romanica Olomucensia,18034136,1,Indexada,2,True,True,False,False,0,0.0
Royal Society Open Science,20545703,1,Indexada,3,True,True,True,True,0,49.0
SN Comprehensive Clinical Medicine,25238973,1,Indexada,2,False,True,True,True,0,0.0
Saberes Plurais Educação na Saúde,2525507X,1,Indexada,1,True,False,False,False,0,2.0
Sapienza International Journal of Interdisciplinary Studies,26759780,1,Indexada,2,False,True,True,False,0,1.0
Saudi Journal of Kidney Diseases and Transplantation,13192442,1,Indexada,3,True,True,True,False,0,5.0
Scandinavian Journal of Urology and Nephrology,00365599,1,Indexada,1,False,False,True,False,0,2.0
Schème - Revista Eletrônica de Psicologia e Epistemologia Genéticas,19841655,1,Indexada,1,True,False,False,False,0,1.0
Science & Education,09267220,1,Indexada,2,False,True,True,True,0,8.0
Science of Gymnastics Journal,18557171,1,Indexada,3,True,True,True,False,0,1.0
Scientia Agricola,01039016,1,Indexada,3,True,True,True,True,0,5.0
Scientia Agropecuaria,20779917,1,Indexada,3,True,True,True,True,0,1.0
Sechenov Medical Journal,22187332,1,Indexada,3,True,True,True,False,0,1.0
Seeds,26741024,1,Indexada,3,True,True,True,True,0,3.0
Segurança Alimentar e Nutricional,18088023,1,Indexada,1,True,False,False,False,0,0.0
Seizure,10591311,1,Indexada,2,False,True,True,True,0,0.0
Self - Revista do Instituto Junguiano de São Paulo,24483060,1,Indexada,1,True,False,False,False,0,0.0
Semina Ciências Biológicas e da Saúde,16765435,1,Indexada,1,True,False,False,False,0,1.0
Seminars in Ultrasound CT and MRI,08872171,1,Indexada,2,False,True,True,True,0,4.0
Sensors and Actuators B Chemical,09254005,1,Indexada,2,False,True,True,True,0,83.0
Separation and Purification Technology,13835866,1,Indexada,2,False,True,True,True,0,34.0
Sexual Medicine Reviews,20500513,1,Indexada,2,False,True,True,True,0,1.0
Sexualidad Salud y Sociedad (Rio de Janeiro),19846487,1,Indexada,1,True,False,False,False,0,4.0
Sleep Epidemiology,26673436,1,Indexada,3,True,True,True,True,0,2.0
Small Ruminant Research,09214488,1,Indexada,2,False,True,True,True,0,1.0
Smart Agricultural Technology,27723755,1,Indexada,2,True,True,False,True,0,0.0
Soccer and Society,14660970,1,Indexada,2,False,True,True,False,0,0.0
Soft Computing,14327643,1,Indexada,2,False,True,True,True,0,4.0
Soldagem & Inspeção,01049224,1,Indexada,2,False,True,True,False,0,2.0
Solid State Communications,00381098,1,Indexada,2,False,True,True,True,0,13.0
South African Journal of Botany,02546299,1,Indexada,2,False,True,True,True,0,19.0
South African Journal of Chemistry,03794350,1,Indexada,2,True,True,False,False,0,0.0
South African Journal of Occupational Therapy,00382337,1,Indexada,1,True,False,False,False,0,4.0
Southern Forests a Journal of Forest Science,20702620,1,Indexada,2,False,True,True,False,0,10.0
Spinal Cord,13624393,1,Indexada,2,False,True,True,True,0,8.0
Sports Coaching Review,21640629,1,Indexada,2,False,True,True,False,0,9.0
Standards in Genomic Sciences,19443277,1,Indexada,2,True,False,True,True,0,19.0
Stem Cell Research,18735061,1,Indexada,3,True,True,True,True,0,23.0
Stem Cell Reviews and Reports,15508943,1,Indexada,1,False,False,True,True,0,35.0
Steroids,0039128X,1,Indexada,2,False,True,True,True,0,16.0
Stress and Health,15322998,1,Indexada,2,False,True,True,True,0,25.0
Structure,09692126,1,Indexada,2,False,True,True,True,0,19.0
Substance Use & Misuse,10826084,1,Indexada,2,False,True,True,False,0,0.0
Summa Phytopathologica,01005405,1,Indexada,2,False,True,True,False,0,14.0
Superconductor Science and Technology,09532048,1,Indexada,2,False,True,True,True,0,4.0
Surface Science,00396028,1,Indexada,2,False,True,True,True,0,3.0
Surfaces and Interfaces,24680230,1,Indexada,2,False,True,True,True,0,7.0
Surgery for Obesity and Related Diseases,15507289,1,Indexada,2,False,True,True,True,0,24.0
Surgical & Cosmetic Dermatology,19845510,1,Indexada,3,True,True,True,False,0,1.0
Surgical Endoscopy,09302794,1,Indexada,2,False,True,True,True,0,12.0
Surgical Neurology International,21527806,1,Indexada,2,False,True,True,False,0,8.0
Surgical and Radiologic Anatomy,09301038,1,Indexada,2,False,True,True,True,0,35.0
Sustainability Science and Technology,29773504,1,Indexada,1,True,False,False,True,0,3.0
Systematic Biology,10635157,1,Indexada,2,False,True,True,True,0,5.0
Talanta Open,26668319,1,Indexada,3,True,True,True,True,0,5.0
Technology and Disability,10554181,1,Indexada,2,False,True,True,True,0,3.0
Technovation,01664972,1,Indexada,2,False,True,True,True,0,36.0
Tecnologia em Metalurgia Materiais e Mineração,21761515,1,Indexada,1,True,False,False,False,0,2.0
The Cleft Palate-Craniofacial Journal,10556656,1,Indexada,2,False,True,True,True,0,8.0
The ESPecialist,01027077,1,Indexada,1,True,False,False,False,0,2.0
The Foot,09582592,1,Indexada,2,False,True,True,True,0,0.0
The Histochemical Journal,00182214,1,Indexada,1,False,False,True,False,0,3.0
The Indian Journal of Pediatrics,00195456,1,Indexada,2,False,True,True,True,0,9.0
The International Journal of Cardiovascular Imaging,15695794,1,Indexada,2,False,True,True,True,0,8.0
The International Journal of Tuberculosis and Lung Disease,10273719,1,Indexada,2,False,True,True,False,0,10.0
The Journal of Difference Equations and Applications,10236198,1,Indexada,2,False,True,True,False,0,2.0
The Journal of Experimental Medicine,00221007,1,Indexada,2,False,True,True,False,0,58.0
The Journal of Obstetrics and Gynecology of India,09719202,1,Indexada,2,False,True,True,True,0,1.0
The Journal of Physical Chemistry Letters,19487185,1,Indexada,2,False,True,True,True,0,4.0
The Journal of Rheumatology,0315162X,1,Indexada,2,False,True,True,False,0,17.0
The Journal of Urology,00225347,1,Indexada,2,False,True,True,True,0,16.0
The Journal of Vascular Access,11297298,1,Indexada,2,False,True,True,True,0,20.0
The Lancet Infectious Diseases,14733099,1,Indexada,2,False,True,True,True,0,931.0
The Laryngoscope,0023852X,1,Indexada,2,False,True,True,True,0,19.0
The Microbe,29501946,1,Indexada,3,True,True,True,True,0,1.0
The Neurologist,10747931,1,Indexada,2,False,True,True,False,0,56.0
The Open Allergy Journal,18748384,1,Indexada,1,False,False,True,False,0,5.0
The Open Cancer Journal,18740790,1,Indexada,1,False,False,True,False,0,14.0
The Open Nursing Journal,18744346,1,Indexada,2,False,True,True,False,0,19.0
The Open Sports Sciences Journal,1875399X,1,Indexada,2,False,True,True,False,0,17.0
The Psychological Record,00332933,1,Indexada,2,False,True,True,True,0,3.0
The Scientific World JOURNAL,1537744X,1,Indexada,3,True,True,True,True,0,6.0
The Spanish Journal of Psychology,11387416,1,Indexada,2,False,True,True,True,0,57.0
The Ultrasound Journal,20363176,1,Indexada,1,True,False,False,True,0,17.0
Theoretical Chemistry Accounts,14322234,1,Indexada,2,False,True,True,True,0,2.0
Theory & Psychology,09593543,1,Indexada,2,False,True,True,True,0,0.0
Theriogenology,0093691X,1,Indexada,2,False,True,True,True,0,16.0
Thrombosis and Haemostasis,03406245,1,Indexada,2,False,True,True,False,0,2.0
Thyroid,10507256,1,Indexada,2,False,True,True,False,0,18.0
Tissue Antigens,00012815,1,Indexada,1,False,False,True,False,0,21.0
Topology and its Applications,01668641,1,Indexada,2,False,True,True,True,0,0.0
Toxins,20726651,1,Indexada,3,True,True,True,True,0,0.0
Tradterm,0104639X,1,Indexada,1,True,False,False,False,0,0.0
Trans/Form/Ação,01013173,1,Indexada,3,True,True,True,False,0,0.0
Transforming Government People Process and Policy,17506166,1,Indexada,2,False,True,True,False,0,0.0
Transfusion Medicine Reviews,08877963,1,Indexada,2,False,True,True,True,0,48.0
Translational Pediatrics,22244336,1,Indexada,2,False,True,True,False,0,1.0
Translational Research in Anatomy,2214854X,1,Indexada,3,True,True,True,True,0,4.0
Transplant Infectious Disease,13982273,1,Indexada,2,False,True,True,True,0,51.0
Transportation Research Record Journal of the Transportation Research Board,03611981,1,Indexada,2,False,True,True,True,0,15.0
Trauma Violence & Abuse,15248380,1,Indexada,2,False,True,True,True,0,11.0
Tree Genetics & Genomes,16142942,1,Indexada,2,False,True,True,True,0,46.0
Trends in Psychology,23581883,1,Indexada,2,False,True,True,True,0,4.0
Tropical Grasslands - Forrajes Tropicales,23463775,1,Indexada,3,True,True,True,False,0,21.0
Tropical Medicine and Infectious Disease,24146366,1,Indexada,3,True,True,True,True,0,6.0
Tropical Plant Biology,19359756,1,Indexada,2,False,True,True,True,0,7.0
Tropical Zoology,03946975,1,Indexada,3,True,True,True,True,0,2.0
Tropical and Subtropical Agroecosystems,18700462,1,Indexada,3,True,True,True,True,0,0.0
Tuberculosis,14729792,1,Indexada,2,False,True,True,True,0,34.0
Tópicos Educacionais,01018701,1,Indexada,1,True,False,False,False,0,0.0
Tópicos Revista de Filosofía de Santa Fe,1666485X,1,Indexada,3,True,True,True,False,0,0.0
Universe,22181997,1,Indexada,3,True,True,True,True,0,0.0
Universitas Psychologica,16579267,1,Indexada,2,False,True,True,False,0,20.0
Value in Health Regional Issues,22121099,1,Indexada,2,False,True,True,True,0,1.0
Veterinary Research Communications,01657380,1,Indexada,2,False,True,True,True,0,0.0
Veterinary Sciences,23067381,1,Indexada,3,True,True,True,True,0,1.0
Vigilância Sanitária em Debate,2317269X,1,Indexada,1,True,False,False,False,0,0.0
Virology,00426822,1,Indexada,2,False,True,True,True,0,21.0
Virus Research,01681702,1,Indexada,3,True,True,True,True,0,61.0
Vivência Revista de Antropologia,01043064,1,Indexada,1,True,False,False,False,0,0.0
Water Research,00431354,1,Indexada,2,False,True,True,True,0,18.0
Wave Motion,01652125,1,Indexada,2,False,True,True,True,0,1.0
Willdenowia - Annals of the Botanic Garden and Botanical Museum Berlin-Dahlem,05119618,1,Indexada,2,False,True,True,False,0,4.0
Wind Engineering,0309524X,1,Indexada,2,False,True,True,True,0,1.0
Women,26734184,1,Indexada,1,True,False,False,True,0,0.0
Women & Health,03630242,1,Indexada,2,False,True,True,False,0,2.0
World Allergy Organization Journal,19394551,1,Indexada,3,True,True,True,True,0,0.0
World Journal for Pediatric and Congenital Heart Surgery,21501351,1,Indexada,2,False,True,True,True,0,0.0
World Journal of Clinical Oncology,22184333,1,Indexada,1,False,False,True,False,0,44.0
World Journal of Gastroenterology,10079327,1,Indexada,2,False,True,True,False,0,56.0
World Journal of Hepatology,19485182,1,Indexada,2,False,True,True,False,0,17.0
World Patent Information,01722190,1,Indexada,2,False,True,True,True,0,6.0
Xenobiotica,00498254,1,Indexada,2,False,True,True,False,0,7.0
ZooKeys,13132970,1,Indexada,3,True,True,True,True,0,0.0
Zoology,09442006,1,Indexada,2,False,True,True,True,0,1.0
e-SPEN Journal,22128263,1,Indexada,1,False,False,True,False,0,6.0
iScience,25890042,1,Indexada,3,True,True,True,True,0,3.0
médecine/sciences,07670974,1,Indexada,2,False,True,True,True,0,2.0
urbe Revista Brasileira de Gestão Urbana,21753369,1,Indexada,2,False,True,True,False,0,0.0
The Nephron journals/Nephron journals,16608151,1,Indexada,2,False,True,True,False,0,41.0
Ágora Estudos em Teoria Psicanalítica,15161498,1,Indexada,2,False,True,True,False,0,16.0
Águas Subterrâneas,01017004,1,Indexada,3,True,True,True,False,0,3.0
Research Society and Development,25253409,230,Verificar,0,False,False,False,False,0,2.3
Revista Triângulo,21751609,121,Verificar,0,False,False,False,False,0,0.6
Brazilian Journal of Health Review,25956825,82,Verificar,0,False,False,False,False,0,0.5
Revista de Enfermagem e Atenção à Saúde,23171154,78,Verificar,0,False,False,False,False,0,1.8
Brazilian Journal of Implantology and Health Sciences,26748169,57,Verificar,0,False,False,False,False,0,0.6
Revista Brasileira de Ciência Tecnologia e Inovação,23594748,57,Verificar,0,False,False,False,False,0,0.7
Acta Biologica Brasiliensia.,25960016,52,Verificar,0,False,False,False,False,0,0.2
Brazilian Journal of Development,25258761,52,Verificar,0,False,False,False,False,0,1.8
Revista da Associação Médica Brasileira,00045241,47,Verificar,0,False,False,False,False,0,13.2
Arquivos de Ciências do Esporte,23177136,43,Verificar,0,False,False,False,False,0,1.0
Iniciação & Formação Docente,23591064,39,Verificar,0,False,False,False,False,0,0.1
Revista da SPAGESP,16772970,35,Verificar,0,False,False,False,False,0,0.9
Ciência Cuidado e Saúde,16773861,33,Verificar,0,False,False,False,False,0,5.4
Contribuciones a las Ciencias Sociales,19887833,33,Verificar,0,False,False,False,False,0,0.1
"Revista Ibero-Americana de Humanidades, Ciências e Educação",26753375,33,Verificar,0,False,False,False,False,0,0.1
Revista Intertexto,19810601,32,Verificar,0,False,False,False,False,0,0.1
Revista Profissão Docente,15190919,30,Verificar,0,False,False,False,False,0,2.5
Revista de Enfermagem UFPE on line,19818963,29,Verificar,0,False,False,False,False,0,3.8
Cuadernos de Educación y Desarrollo,19894155,26,Verificar,0,False,False,False,False,0,0.2
Revista do Sell,19833873,25,Verificar,0,False,False,False,False,0,0.2
CADERNOS DE EDUCAÇÃO SAÚDE E FISIOTERAPIA,23588306,24,Verificar,0,False,False,False,False,0,1.2
ConScientiae Saúde,16771028,24,Verificar,0,False,False,False,False,0,3.1
Aracê.,23582472,22,Verificar,0,False,False,False,False,0,0.1
Revista Brasileira de Ciência e Movimento,01031716,22,Verificar,0,False,False,False,False,0,0.9
Caderno Pedagógico,15166600,21,Verificar,0,False,False,False,False,0,0.2
Revista Eletrônica Acervo Saúde,21782091,21,Verificar,0,False,False,False,False,0,1.2
Acta Fisiátrica,01047795,20,Verificar,0,False,False,False,False,0,2.4
Ensino e Tecnologia em Revista,25943901,20,Verificar,0,False,False,False,False,0,0.2
LUMEN ET VIRTUS,21772789,20,Verificar,0,False,False,False,False,0,0.2
Revista Interinstitucional Brasileira de Terapia Ocupacional - REVISBRATO,25263544,19,Verificar,0,False,False,False,False,0,0.3
Ciência e Natura,01008307,18,Verificar,0,False,False,False,False,0,1.8
Conjecturas,16575830,18,Verificar,0,False,False,False,False,0,0.6
DELOS Desarrollo Local Sostenible,19885245,18,Verificar,0,False,False,False,False,0,0.1
OBSERVATÓRIO DE LA ECONOMÍA LATINOAMERICANA,16968352,18,Verificar,0,False,False,False,False,0,0.1
Enciclopédia Biosfera,18090583,17,Verificar,0,False,False,False,False,0,0.6
Revista Foco,1981223X,16,Verificar,0,False,False,False,False,0,0.1
Contextos Clínicos,19833482,15,Verificar,0,False,False,False,False,0,4.2
Derecho y cambio social.,22244131,15,Verificar,0,False,False,False,False,0,0.1
Fênix Revista de História e Estudos Culturais,18076971,14,Verificar,0,False,False,False,False,0,0.0
BRAD Cases.,29651980,13,Verificar,0,False,False,False,False,0,0.1
Hygeia - Revista Brasileira de Geografia Médica e da Saúde,19801726,13,Verificar,0,False,False,False,False,0,0.9
Saúde e Desenvolvimento Humano,23178582,13,Verificar,0,False,False,False,False,0,0.5
Saúde e Pesquisa,19831870,13,Verificar,0,False,False,False,False,0,1.0
VínculorevistadoNesme,18062490,13,Verificar,0,False,False,False,False,0,3.2
Revista Cereus,21757275,12,Verificar,0,False,False,False,False,0,0.5
International Journal of Advanced Engineering Research and Science,23496495,11,Verificar,0,False,False,False,False,0,1.0
International Journal of Health Science,27640159,11,Verificar,0,False,False,False,False,0,0.1
Revista PET Brasil.,29650356,11,Verificar,0,False,False,False,False,0,0.0
Revista Sociedade Científica,25958402,11,Verificar,0,False,False,False,False,0,0.0
Revista de Atenção à Saúde,23594330,11,Verificar,0,False,False,False,False,0,0.6
Concilium,00105236,10,Verificar,0,False,False,False,False,0,0.8
Ensino em Re-Vista,01043757,10,Verificar,0,False,False,False,False,0,0.8
RECIMA21 - Revista Científica Multidisciplinar - ISSN 2675-6218,26756218,10,Verificar,0,False,False,False,False,0,0.4
Journal of Agricultural Science,19169752,9,Verificar,0,False,False,False,False,0,4.7
Natureza Humana - Revista Internacional de Filosofia e Psicanálise,15172430,9,Verificar,0,False,False,False,False,0,1.1
Em Aberto,01041037,8,Verificar,0,False,False,False,False,0,2.0
Enfermagem em Foco,21774285,8,Verificar,0,False,False,False,False,0,4.0
Estudos Interdisciplinares sobre o Envelhecimento,15172473,8,Verificar,0,False,False,False,False,0,2.1
Nursing Edição Brasileira,14158264,8,Verificar,0,False,False,False,False,0,0.4
Revista Brasileira de Educação Ambiental (RevBEA),19800118,8,Verificar,0,False,False,False,False,0,1.6
Revista Brasileira de Ortopedia (English Edition),22554971,8,Verificar,0,False,False,False,False,0,5.8
Revista CPAQV - Centro de Pesquisas Avançadas em Qualidade de Vida,21787514,8,Verificar,0,False,False,False,False,0,0.0
Revista Inter-Ação,01017136,8,Verificar,0,False,False,False,False,0,0.4
Revista de Enfermagem do Centro-Oeste Mineiro,22366091,8,Verificar,0,False,False,False,False,0,3.8
Educação Matemática Pesquisa Revista do Programa de Estudos Pós-Graduados em Educação Matemática,15165388,7,Verificar,0,False,False,False,False,0,0.9
Journal of Medical and Biosciences Research.,29661668,7,Verificar,0,False,False,False,False,0,0.1
Lecturas: Educación física y deportes,15143465,7,Verificar,0,False,False,False,False,0,0.7
REMEA - Revista Eletrônica do Mestrado em Educação Ambiental,15171256,7,Verificar,0,False,False,False,False,0,3.0
Revista Brasileira de Tecnologia Agroindustrial,19813686,7,Verificar,0,False,False,False,False,0,0.1
Revista Campo-Território,18096271,7,Verificar,0,False,False,False,False,0,0.4
Revista Psicologia e Saúde,2177093X,7,Verificar,0,False,False,False,False,0,1.7
Revista de Gestão e Secretariado (Management and Administrative Professional Review),21789010,7,Verificar,0,False,False,False,False,0,0.4
Saúde Coletiva (Barueri),18063365,7,Verificar,0,False,False,False,False,0,0.1
Educere et Educare,18095208,6,Verificar,0,False,False,False,False,0,1.0
Ensino Saude e Ambiente,19837011,6,Verificar,0,False,False,False,False,0,1.3
Estudos Linguísticos (São Paulo 1978),14130939,6,Verificar,0,False,False,False,False,0,1.0
Fetal and Pediatric Pathology,15227952,6,Verificar,0,False,False,False,False,0,5.8
JMPHC | Journal of Management & Primary Health Care | ISSN 2179-6750,21796750,6,Verificar,0,False,False,False,False,0,0.5
Nucleus,16786602,6,Verificar,0,False,False,False,False,0,0.8
PARADIGMA,10112251,6,Verificar,0,False,False,False,False,0,0.2
Peer Review,15411389,6,Verificar,0,False,False,False,False,0,0.7
Psicologia Argumento,01037013,6,Verificar,0,False,False,False,False,0,0.0
Revista Eletrônica de Educação,19827199,6,Verificar,0,False,False,False,False,0,1.2
Revista Tópicos.,29656672,6,Verificar,0,False,False,False,False,0,0.0
Revista de Medicina,00348554,6,Verificar,0,False,False,False,False,0,0.8
Brazilian Journal of Animal and Environmental Research,2595573X,5,Verificar,0,False,False,False,False,0,0.2
Caderno Espaço Feminino,15169286,5,Verificar,0,False,False,False,False,0,0.8
Concilium,14147327,5,Verificar,0,False,False,False,False,0,0.0
International Journal for Innovation Education and Research,24112933,5,Verificar,0,False,False,False,False,0,3.4
Journal of Applied Physiology,01617567,5,Verificar,0,False,False,False,False,0,3.6
Journal of Nursing and Health,22361987,5,Verificar,0,False,False,False,False,0,1.2
Pensando - Revista de Filosofia,2178843X,5,Verificar,0,False,False,False,False,0,0.0
Perspectivas da Educação Matemática,19827652,5,Verificar,0,False,False,False,False,0,0.6
Perspectivas em Análise do Comportamento,21773548,5,Verificar,0,False,False,False,False,0,0.8
Quaestio revista de estudos em educação,15182886,5,Verificar,0,False,False,False,False,0,1.6
REVISTA SAÚDE MULTIDISCIPLINAR,23183780,5,Verificar,0,False,False,False,False,0,0.4
Revista Baiana Saúde Pública,01000233,5,Verificar,0,False,False,False,False,0,3.8
Revista Cocar,19819269,5,Verificar,0,False,False,False,False,0,0.0
Revista Contemporânea,24470961,5,Verificar,0,False,False,False,False,0,0.4
Revista Eletrônica Acervo Enfermagem,26747189,5,Verificar,0,False,False,False,False,0,3.0
Revista Inova Ciência & Tecnologia / Innovative Science & Technology Journal,24474924,5,Verificar,0,False,False,False,False,0,0.2
Revista JRG de Estudos Acadêmicos,25951661,5,Verificar,0,False,False,False,False,0,0.4
Revista Multidisciplinar do Nordeste Mineiro,21786925,5,Verificar,0,False,False,False,False,0,3.4
Revista Pesquisa Qualitativa,18090257,5,Verificar,0,False,False,False,False,0,4.6
Revista Recien,2177157X,5,Verificar,0,False,False,False,False,0,1.8
Revista do NUFEN/Revista do NUFEN. Série diálogos e diversidade,16797388,5,Verificar,0,False,False,False,False,0,0.2
Thaumazein - Revista Online de Filosofia,19822103,5,Verificar,0,False,False,False,False,0,0.0
Acústica e Vibrações,1983442X,4,Verificar,0,False,False,False,False,0,0.0
BARBAQUÁ,25269461,4,Verificar,0,False,False,False,False,0,0.0
Brazilian Journal of Production Engineering,24475580,4,Verificar,0,False,False,False,False,0,0.0
CAMINE: Caminhos da Educação = Camine: Ways of Education,21754217,4,Verificar,0,False,False,False,False,0,0.0
Ciencia & trabajo,07180306,4,Verificar,0,False,False,False,False,0,2.5
EDUCA - Revista Multidisciplinar em Educação,23592087,4,Verificar,0,False,False,False,False,0,1.8
Enfermagem Brasil,16782410,4,Verificar,0,False,False,False,False,0,2.2
Fisioterapia Brasil,15189740,4,Verificar,0,False,False,False,False,0,1.0
História da Ciência e Ensino construindo interfaces,21782911,4,Verificar,0,False,False,False,False,0,1.0
Journal of Engineering Research,27641317,4,Verificar,0,False,False,False,False,0,0.5
Kinesis,01028308,4,Verificar,0,False,False,False,False,0,0.5
Multi-Science Journal,23596902,4,Verificar,0,False,False,False,False,0,1.2
Olhares & Trilhas,15182851,4,Verificar,0,False,False,False,False,0,0.2
Periódicos Brasil Pesquisa Científica,26749432,4,Verificar,0,False,False,False,False,0,0.0
Pesquisa em Educação Ambiental,19801165,4,Verificar,0,False,False,False,False,0,0.2
PsicoFAE/Revista PsicoFAE,23161442,4,Verificar,0,False,False,False,False,0,0.0
Revista Brasileira de Climatologia,1980055X,4,Verificar,0,False,False,False,False,0,4.8
Revista Brasileira de Pós-Graduação,18068405,4,Verificar,0,False,False,False,False,0,0.0
Revista Brasileira de Qualidade de Vida,21750858,4,Verificar,0,False,False,False,False,0,1.2
Revista Eletrônica Acervo Científico,25957899,4,Verificar,0,False,False,False,False,0,1.5
Revista Eletrônica em Gestão Educação e Tecnologia Ambiental,22361170,4,Verificar,0,False,False,False,False,0,5.2
Revista Ensino & Pesquisa,16761030,4,Verificar,0,False,False,False,False,0,0.5
Revista Paulista de Pediatria (English Edition),23593482,4,Verificar,0,False,False,False,False,0,24.8
Revista SODEBRAS,18093957,4,Verificar,0,False,False,False,False,0,0.2
Revista de Ciências Agrarias - Amazon Journal of Agricultural and Environmental Sciences,1517591X,4,Verificar,0,False,False,False,False,0,8.0
Revista de Ciências Médicas e Biológicas,16775090,4,Verificar,0,False,False,False,False,0,1.2
Scientific Electronic Archives,23169281,4,Verificar,0,False,False,False,False,0,1.8
Série-Estudos - Periódico do Programa de Pós-Graduação em Educação da UCDB,14145138,4,Verificar,0,False,False,False,False,0,0.2
Temas em Educação e Saúde,15177947,4,Verificar,0,False,False,False,False,0,1.8
Veterinária e Zootecnia,01025716,4,Verificar,0,False,False,False,False,0,0.0
Winnicott e-prints,16794311,4,Verificar,0,False,False,False,False,0,0.0
Agropecuária Técnica,01007467,3,Verificar,0,False,False,False,False,0,4.3
Analytica: Revista de Psicanálise,23165197,3,Verificar,0,False,False,False,False,0,0.7
Brazilian Geographical Journal,21792321,3,Verificar,0,False,False,False,False,0,0.7
Cidadania em Ação Revista de Extensão e Cultura,25946412,3,Verificar,0,False,False,False,False,0,0.7
Ciência em Movimento,15171914,3,Verificar,0,False,False,False,False,0,0.7
Comunicações,01048481,3,Verificar,0,False,False,False,False,0,1.3
Conexão Ciência (Online),16795679,3,Verificar,0,False,False,False,False,0,0.0
Conhecimento & Diversidade,19833695,3,Verificar,0,False,False,False,False,0,3.0
Creative Education,21514755,3,Verificar,0,False,False,False,False,0,7.7
Diálogos Pertinentes,18091768,3,Verificar,0,False,False,False,False,0,0.0
EDUCAÇÃO E FILOSOFIA,01026801,3,Verificar,0,False,False,False,False,0,0.0
Educação Matemática em Revista,15173941,3,Verificar,0,False,False,False,False,0,0.0
Ensaios e Ciência C Biológicas Agrárias e da Saúde,14156938,3,Verificar,0,False,False,False,False,0,0.3
Epígrafe,23188855,3,Verificar,0,False,False,False,False,0,0.0
Escritas/Revista Escritas,19815603,3,Verificar,0,False,False,False,False,0,0.0
INVESTIGAÇÃO,21774080,3,Verificar,0,False,False,False,False,0,0.0
Itinerarius Reflectionis,16792009,3,Verificar,0,False,False,False,False,0,0.0
Journal of Bacteriology & Parasitology,21559597,3,Verificar,0,False,False,False,False,0,2.3
Journal of Health Sciences,24478938,3,Verificar,0,False,False,False,False,0,1.0
Latin American Journal of Energy Research,23582286,3,Verificar,0,False,False,False,False,0,0.0
Línguas e Instrumentos Linguísticos,15194906,3,Verificar,0,False,False,False,False,0,0.0
Mare Nostrum,21774218,3,Verificar,0,False,False,False,False,0,0.0
Minerva Obstetrics and Gynecology,00264784,3,Verificar,0,False,False,False,False,0,5.7
Neurology and Neuroscience,26927918,3,Verificar,0,False,False,False,False,0,0.0
Periódico Eletrônico Fórum Ambiental da Alta Paulista.,29662931,3,Verificar,0,False,False,False,False,0,0.7
Pesquisa Operacional para o Desenvolvimento,19843534,3,Verificar,0,False,False,False,False,0,0.3
Phenomenology Humanities and Sciences,26754673,3,Verificar,0,False,False,False,False,0,0.0
Poiésis - Revista do Programa de Pós-Graduação em Educação,21792534,3,Verificar,0,False,False,False,False,0,1.7
Psicologia em Revista,16771168,3,Verificar,0,False,False,False,False,0,4.0
REVISTA DO INSTITUTO ADOLFO LUTZ,00739855,3,Verificar,0,False,False,False,False,0,0.3
REVISTA PONTO DE VISTA,18077307,3,Verificar,0,False,False,False,False,0,0.0
Retratos de Assentamentos,15168182,3,Verificar,0,False,False,False,False,0,0.3
Revista Brasileira de Ciências da Saúde,14152177,3,Verificar,0,False,False,False,False,0,0.3
Revista Brasileira de Educação em Ciências e Educação Matemática,25949179,3,Verificar,0,False,False,False,False,0,0.3
Revista Brasileira de Herbicidas,15179443,3,Verificar,0,False,False,False,False,0,3.0
Revista Brasileira de Política e Administração da Educação - Periódico científico editado pela ANPAE,1678166X,3,Verificar,0,False,False,False,False,0,1.3
Revista Brasileira de Psicologia do Esporte,19819145,3,Verificar,0,False,False,False,False,0,0.7
Revista Brasileira de Reumatologia (English Edition),22555021,3,Verificar,0,False,False,False,False,0,16.0
Revista Cesumar – Ciências Humanas e Sociais Aplicadas,15162664,3,Verificar,0,False,False,False,False,0,0.0
Revista Chilena de Neurocirugía,07164491,3,Verificar,0,False,False,False,False,0,0.0
Revista Ciência em Extensão,16794605,3,Verificar,0,False,False,False,False,0,1.3
Revista Debates em Ensino de Química,24476099,3,Verificar,0,False,False,False,False,0,0.3
Revista Fitos,18089569,3,Verificar,0,False,False,False,False,0,0.0
Revista Interfaces Saúde Humanas e Tecnologia,2317434X,3,Verificar,0,False,False,False,False,0,0.0
Revista Psicologia em Pesquisa,19821247,3,Verificar,0,False,False,False,False,0,1.0
Revista Renome,23173092,3,Verificar,0,False,False,False,False,0,1.7
Revista SOLETRAS,15197778,3,Verificar,0,False,False,False,False,0,0.3
Revista Serviço Social em Perspectiva,25271849,3,Verificar,0,False,False,False,False,0,0.3
Revista Topus.,24482978,3,Verificar,0,False,False,False,False,0,0.0
Revista da Associação Médica Brasileira (English Edition),22554823,3,Verificar,0,False,False,False,False,0,25.3
Revista de Graduação USP,2525376X,3,Verificar,0,False,False,False,False,0,2.7
Revista de Saúde Digital e Tecnologias Educacionais,25259563,3,Verificar,0,False,False,False,False,0,0.0
Revista e-Curriculum,18093876,3,Verificar,0,False,False,False,False,0,3.7
STUDIES IN HEALTH SCIENCES,27640884,3,Verificar,0,False,False,False,False,0,0.0
SaBios-Revista de Saúde e Biologia,19800002,3,Verificar,0,False,False,False,False,0,1.0
Scire Salutis,22369600,3,Verificar,0,False,False,False,False,0,0.0
South American Sciences,26757222,3,Verificar,0,False,False,False,False,0,0.0
The Journal of the Food and Culture of the Americas,25963082,3,Verificar,0,False,False,False,False,0,3.3
ACTA ZOOLÓGICA MEXICANA (N S ),00651737,2,Verificar,0,False,False,False,False,0,3.5
Areté.,19847505,2,Verificar,0,False,False,False,False,0,0.5
Asclepius International Journal of Scientific Health Science,29662249,2,Verificar,0,False,False,False,False,0,0.0
Asian Journal of Health Research,28289269,2,Verificar,0,False,False,False,False,0,0.0
Barbarói,01046578,2,Verificar,0,False,False,False,False,0,8.5
Boletim Alfenense de Geografia,27641422,2,Verificar,0,False,False,False,False,0,0.5
Brazilian Applied Science Review,25953621,2,Verificar,0,False,False,False,False,0,0.0
Brazilian Journal of Case Reports,2763583X,2,Verificar,0,False,False,False,False,0,0.0
Brazilian Journal of Science,27643417,2,Verificar,0,False,False,False,False,0,0.0
Cadernos de Educação Tecnologia e Sociedade,23169907,2,Verificar,0,False,False,False,False,0,0.0
Cadernos de Gênero e Diversidade,25256904,2,Verificar,0,False,False,False,False,0,0.0
Cinergis,15192512,2,Verificar,0,False,False,False,False,0,0.5
Cognitus Interdisciplinary Journal,30856124,2,Verificar,0,False,False,False,False,0,0.0
Comunicação & Sociedade,01012657,2,Verificar,0,False,False,False,False,0,0.5
Cuerpo Cultura y Movimiento,22484418,2,Verificar,0,False,False,False,False,0,0.0
Developmental Neurorehabilitation,13638491,2,Verificar,0,False,False,False,False,0,1.0
DiversaPrática,23170751,2,Verificar,0,False,False,False,False,0,0.0
EmRede - Revista de Educação a Distância,23596082,2,Verificar,0,False,False,False,False,0,0.0
Emblemas - Revista do Departamento de História e Ciências Sociais - UFG/CAC,18087914,2,Verificar,0,False,False,False,False,0,0.0
Energies and quality journal.,26598779,2,Verificar,0,False,False,False,False,0,0.5
Engevista,14157314,2,Verificar,0,False,False,False,False,0,7.0
Ensino de Ciências e Tecnologia em Revista – ENCITEC,22374450,2,Verificar,0,False,False,False,False,0,0.0
Entretextos,15195392,2,Verificar,0,False,False,False,False,0,0.5
Estudos Universitários,04254082,2,Verificar,0,False,False,False,False,0,0.0
Estudos da língua(gem),18081355,2,Verificar,0,False,False,False,False,0,0.0
European Journal of Chemistry,21532249,2,Verificar,0,False,False,False,False,0,2.0
European Journal of Medicinal Plants,22310894,2,Verificar,0,False,False,False,False,0,4.0
Exatas & Engenharia,2236885X,2,Verificar,0,False,False,False,False,0,0.5
Femina,01007254,2,Verificar,0,False,False,False,False,0,0.0
Fermentario,1688535X,2,Verificar,0,False,False,False,False,0,0.0
Geografia (Rio Claro),01007912,2,Verificar,0,False,False,False,False,0,0.0
Gerais : Revista Interinstitucional de Psicologia,19838220,2,Verificar,0,False,False,False,False,0,0.0
Hearing Balance and Communication,16513835,2,Verificar,0,False,False,False,False,0,0.5
INTERDISCIPLINAR - Revista de Estudos em Língua e Literatura,19808879,2,Verificar,0,False,False,False,False,0,0.5
IOSR Journal of Pharmacy and Biological Sciences,22783008,2,Verificar,0,False,False,False,False,0,4.0
ITINERÁRIOS – Revista de Literatura,0103815X,2,Verificar,0,False,False,False,False,0,0.5
Interação,15161854,2,Verificar,0,False,False,False,False,0,1.0
Intercom Revista Brasileira de Ciências da Comunicação,18095844,2,Verificar,0,False,False,False,False,0,0.0
Interfaces Científicas - Educação,2316333X,2,Verificar,0,False,False,False,False,0,0.5
International Journal of Health Management Review,25261606,2,Verificar,0,False,False,False,False,0,0.0
International Journal of Hydrology,25764454,2,Verificar,0,False,False,False,False,0,3.0
JAMA,00029955,2,Verificar,0,False,False,False,False,0,83.0
JBNC - JORNAL BRASILEIRO DE NEUROCIRURGIA,01035118,2,Verificar,0,False,False,False,False,0,0.0
Journal of Geographic Information System,21511950,2,Verificar,0,False,False,False,False,0,5.5
Journal of Movement & Health,24525812,2,Verificar,0,False,False,False,False,0,0.5
Latitude,19815921,2,Verificar,0,False,False,False,False,0,0.5
Linha Mestra,19809026,2,Verificar,0,False,False,False,False,0,0.0
Mandrágora,15170241,2,Verificar,0,False,False,False,False,0,0.0
Mastology,25945394,2,Verificar,0,False,False,False,False,0,1.0
Momento,01022717,2,Verificar,0,False,False,False,False,0,0.5
New Journal of Chemistry,03989836,2,Verificar,0,False,False,False,False,0,36.0
Nuances estudos sobre Educação,14139855,2,Verificar,0,False,False,False,False,0,0.5
Nucleus Animalium,1984879X,2,Verificar,0,False,False,False,False,0,0.0
Obstetrics & Gynecology Open Access,25772236,2,Verificar,0,False,False,False,False,0,0.5
Práxis Educacional,18090249,2,Verificar,0,False,False,False,False,0,4.0
RENEF,25268007,2,Verificar,0,False,False,False,False,0,1.5
Research Quarterly for Exercise and Sport,00345377,2,Verificar,0,False,False,False,False,0,2.0
Revista Acadêmica Online,23595787,2,Verificar,0,False,False,False,False,0,0.0
Revista Amazônida Revista do Programa de Pós-Graduação em Educação da Universidade Federal do Amazonas,15173127,2,Verificar,0,False,False,False,False,0,0.0
Revista Ambientale,19849915,2,Verificar,0,False,False,False,False,0,3.5
Revista Brasileira de Computação Aplicada,21766649,2,Verificar,0,False,False,False,False,0,0.0
Revista Brasileira de Fisiologia do Exercício,16778510,2,Verificar,0,False,False,False,False,0,1.5
Revista Brasileira de Odontologia Legal,23593466,2,Verificar,0,False,False,False,False,0,0.0
Revista Brasileira de Pesquisa em Saúde/Brazilian Journal of Health Research,21753946,2,Verificar,0,False,False,False,False,0,0.5
Revista Brasileira de Terapia Comportamental e Cognitiva,15175545,2,Verificar,0,False,False,False,False,0,1.0
Revista Campo da História,25263943,2,Verificar,0,False,False,False,False,0,0.0
Revista Caribeña de Ciencias Sociales,22547630,2,Verificar,0,False,False,False,False,0,0.0
Revista Científica Multidisciplinar Núcleo do Conhecimento,24480959,2,Verificar,0,False,False,False,False,0,0.0
Revista Científica da Escola Estadual de Saúde Pública de Goiás *Cândido Santiago*,24473405,2,Verificar,0,False,False,False,False,0,0.5
Revista Educação e Linguagens,22386084,2,Verificar,0,False,False,False,False,0,0.5
Revista Educação em Questão,01027735,2,Verificar,0,False,False,False,False,0,2.5
Revista Eletrônica de Educação Matemática,19811322,2,Verificar,0,False,False,False,False,0,2.0
Revista Eletrônica de Gestão e Tecnologias Ambientais,2317563X,2,Verificar,0,False,False,False,False,0,0.0
Revista Eletrônica do Programa de Educação Tutorial -Três Lagoas/MS,26751003,2,Verificar,0,False,False,False,False,0,0.0
Revista EntreLinguas,24473529,2,Verificar,0,False,False,False,False,0,1.0
Revista Espaço do Currículo,19831579,2,Verificar,0,False,False,False,False,0,1.0
Revista Exitus,22362983,2,Verificar,0,False,False,False,False,0,0.0
Revista Extensão & Sociedade,21786054,2,Verificar,0,False,False,False,False,0,0.0
Revista Fórum Identidades,19823916,2,Verificar,0,False,False,False,False,0,1.0
Revista GeoPantanal,15174999,2,Verificar,0,False,False,False,False,0,0.0
Revista Geografias,18088058,2,Verificar,0,False,False,False,False,0,2.5
Revista Gestão & Sustentabilidade Ambiental,22388753,2,Verificar,0,False,False,False,False,0,1.0
Revista Gênero e Interdisciplinaridade,26757451,2,Verificar,0,False,False,False,False,0,0.0
Revista Horizontes de Linguistica Aplicada,16779770,2,Verificar,0,False,False,False,False,0,1.0
Revista Iluminart,19848625,2,Verificar,0,False,False,False,False,0,0.0
Revista Inovação Projetos e Tecnologias,23189851,2,Verificar,0,False,False,False,False,0,0.0
Revista Interação Interdisciplinar.,25269550,2,Verificar,0,False,False,False,False,0,1.0
Revista Internacional de Pesquisa em Educação Matemática,22380345,2,Verificar,0,False,False,False,False,0,1.0
Revista Latinoamericana de Estudios Críticos Animales,2346920X,2,Verificar,0,False,False,False,False,0,0.0
Revista Letras,01000888,2,Verificar,0,False,False,False,False,0,0.5
Revista Linguagem & Ensino,14151928,2,Verificar,0,False,False,False,False,0,2.5
Revista Sergipana de Matemática e Educação Matemática,25255444,2,Verificar,0,False,False,False,False,0,0.0
Revista Sistemática,26755211,2,Verificar,0,False,False,False,False,0,0.0
Revista TEIAS,15185370,2,Verificar,0,False,False,False,False,0,0.0
Revista Tecnológica,15178048,2,Verificar,0,False,False,False,False,0,2.0
Revista Tocantinense de Geografia,23179430,2,Verificar,0,False,False,False,False,0,0.0
Revista de Estudos Interdisciplinares,26748703,2,Verificar,0,False,False,False,False,0,0.5
Revista de Extensão,24484245,2,Verificar,0,False,False,False,False,0,0.0
"Revista de História Bilros. História(s), Sociedade(s) e Cultura(s).",23578556,2,Verificar,0,False,False,False,False,0,0.5
Revista de Informática Aplicada,18095585,2,Verificar,0,False,False,False,False,0,0.0
Revista do TCU,01031090,2,Verificar,0,False,False,False,False,0,0.0
Revista mbienteeducação,19828632,2,Verificar,0,False,False,False,False,0,0.5
Revista verde grande/Revista Verde Grande,18086764,2,Verificar,0,False,False,False,False,0,0.0
SANARE - Revista de Políticas Públicas,16768019,2,Verificar,0,False,False,False,False,0,0.0
SM Tropical Medicine Journal,2573363X,2,Verificar,0,False,False,False,False,0,2.5
Salud & Sociedad,07187475,2,Verificar,0,False,False,False,False,0,2.0
Saúde com,18090761,2,Verificar,0,False,False,False,False,0,3.0
Saúde em Redes,24464813,2,Verificar,0,False,False,False,False,0,0.5
Scientia Generalis,26752999,2,Verificar,0,False,False,False,False,0,0.0
ScientiaTec,23189584,2,Verificar,0,False,False,False,False,0,0.0
Soil Research,00049573,2,Verificar,0,False,False,False,False,0,18.5
Synthesis.,2177823X,2,Verificar,0,False,False,False,False,0,0.0
Síntese Revista de Filosofia,01034332,2,Verificar,0,False,False,False,False,0,0.0
Tabuleiro de Letras,21765782,2,Verificar,0,False,False,False,False,0,0.5
Temporalis,15187934,2,Verificar,0,False,False,False,False,0,0.5
Teoria e Prática da Educação,1415837X,2,Verificar,0,False,False,False,False,0,0.5
Territórios e Fronteiras,15194183,2,Verificar,0,False,False,False,False,0,6.5
Tr&iacute ade comunica&ccedil &atilde o cultura e m&iacute dia,23185694,2,Verificar,0,False,False,False,False,0,0.0
VIREF revista de educación física,23229411,2,Verificar,0,False,False,False,False,0,0.0
Vivências,18091636,2,Verificar,0,False,False,False,False,0,4.0
A Cor das Letras,14158973,1,Verificar,0,False,False,False,False,0,7.0
A Física na Escola,19836422,1,Verificar,0,False,False,False,False,0,0.0
AGE,01619152,1,Verificar,0,False,False,False,False,0,105.0
AQUA-LAC,16882873,1,Verificar,0,False,False,False,False,0,0.0
ARC Journal of Clinical Case Reports,24559806,1,Verificar,0,False,False,False,False,0,0.0
ARCHIVES OF HEALTH INVESTIGATION,23173009,1,Verificar,0,False,False,False,False,0,0.0
Academia Drug Development and Pharmacotherapy,30712521,1,Verificar,0,False,False,False,False,0,0.0
Academus Revista Científica da Saúde,18069495,1,Verificar,0,False,False,False,False,0,2.0
Aceno - Revista de Antropologia do Centro-Oeste,23585587,1,Verificar,0,False,False,False,False,0,0.0
Acta Scientiae Anatomica,25957651,1,Verificar,0,False,False,False,False,0,0.0
Advances in Microbiology,21653402,1,Verificar,0,False,False,False,False,0,6.0
Advances in Pharmacology & Clinical Trials,24749214,1,Verificar,0,False,False,False,False,0,1.0
Agricultural Sciences,21568553,1,Verificar,0,False,False,False,False,0,8.0
Al-Turath.,01280899,1,Verificar,0,False,False,False,False,0,0.0
Amazônia Organizações e Sustentabilidade,22388893,1,Verificar,0,False,False,False,False,0,0.0
Amazônia Science & Health,23181419,1,Verificar,0,False,False,False,False,0,0.0
American Journal of Analytical Chemistry,21568251,1,Verificar,0,False,False,False,False,0,12.0
American Journal of Financial Technology and Innovation,29960975,1,Verificar,0,False,False,False,False,0,1.0
American Journal of Interdisciplinary Research and Innovation,28332237,1,Verificar,0,False,False,False,False,0,0.0
Anaesthesia & Critical Care Medicine Journal,25774301,1,Verificar,0,False,False,False,False,0,0.0
Anais da Escola Superior de Agricultura Luiz de Queiroz,00711276,1,Verificar,0,False,False,False,False,0,0.0
Annals of Nutritional Disorders & Therapy,23818891,1,Verificar,0,False,False,False,False,0,2.0
Annals of Physiotherapy & Occupational Therapy,26402734,1,Verificar,0,False,False,False,False,0,0.0
Anti-Cancer Agents in Medicinal Chemistry,15680118,1,Verificar,0,False,False,False,False,0,2.0
Anti-Inflammatory & Anti-Allergy Agents in Medicinal Chemistry,15680142,1,Verificar,0,False,False,False,False,0,2.0
Apae Ciência,22374329,1,Verificar,0,False,False,False,False,0,0.0
Archive of Urological Research,26924706,1,Verificar,0,False,False,False,False,0,3.0
Archives of Rheumatology & Arthritis Research,26941724,1,Verificar,0,False,False,False,False,0,3.0
Arquivos Catarinenses de Medicina,00042773,1,Verificar,0,False,False,False,False,0,0.0
Arquivos de Ciências Veterinárias e Zoologia da UNIPAR,14158167,1,Verificar,0,False,False,False,False,0,1.0
Arquivos de Ciências da Saúde,18071325,1,Verificar,0,False,False,False,False,0,1.0
Asian journal of mathematics and computer research,23954205,1,Verificar,0,False,False,False,False,0,0.0
Avante.,27639134,1,Verificar,0,False,False,False,False,0,0.0
BRAZILIAN JOURNAL OF SPORT PSYCHOLOGY & HUMAN DEVELOPMENT (BJSPHD),3086173X,1,Verificar,0,False,False,False,False,0,0.0
Biogenesis Jurnal Ilmiah Biologi,23021616,1,Verificar,0,False,False,False,False,0,1.0
Boletim Campineiro de Geografia,22363637,1,Verificar,0,False,False,False,False,0,1.0
Boletim Paulista de Geografia,00066079,1,Verificar,0,False,False,False,False,0,0.0
Brazilian Journal of Anesthesiology (Edicion en Espanol),22554963,1,Verificar,0,False,False,False,False,0,0.0
Brazilian Journal of Clinical Medicine and Review,29650968,1,Verificar,0,False,False,False,False,0,0.0
Brazilian Journal of One Health,30856337,1,Verificar,0,False,False,False,False,0,0.0
Bulletin of Phylogenetic Nomenclature,28159241,1,Verificar,0,False,False,False,False,0,19.0
CADERNOS DE PESQUISA PENSAMENTO EDUCACIONAL,19809700,1,Verificar,0,False,False,False,False,0,1.0
CASA Cadernos de Semiótica Aplicada,16793404,1,Verificar,0,False,False,False,False,0,0.0
CATAVENTOS - Revista de Extensão da Universidade de Cruz Alta,21764867,1,Verificar,0,False,False,False,False,0,0.0
COJ Robotics & Artificial Intelligence,28324463,1,Verificar,0,False,False,False,False,0,0.0
Cadernos Brasileiros de Saúde Mental/Brazilian Journal of Mental Health,19842147,1,Verificar,0,False,False,False,False,0,0.0
Cadernos CESPUC de Pesquisa. Série Ensaios,15164020,1,Verificar,0,False,False,False,False,0,0.0
Cadernos Discursivos,23171006,1,Verificar,0,False,False,False,False,0,0.0
Cadernos Técnicos Engenharia Sanitária e Ambiental,27645576,1,Verificar,0,False,False,False,False,0,0.0
Cadernos UniFOA,18099475,1,Verificar,0,False,False,False,False,0,0.0
Cadernos de Comunicação,16779061,1,Verificar,0,False,False,False,False,0,0.0
Cadernos de Língua e Literatura Hebraica,14157977,1,Verificar,0,False,False,False,False,0,0.0
Cadernos de Pesquisa em Educação,15194507,1,Verificar,0,False,False,False,False,0,3.0
Cadernos de Psicologia,14143925,1,Verificar,0,False,False,False,False,0,0.0
Cadernos de pesquisa do CDHIS,15187640,1,Verificar,0,False,False,False,False,0,0.0
Cadernos do IL,01041886,1,Verificar,0,False,False,False,False,0,1.0
Cadernos do PET Filosofia,21785880,1,Verificar,0,False,False,False,False,0,6.0
Cardiology and Angiology An International Journal,2347520X,1,Verificar,0,False,False,False,False,0,0.0
Case Reports in Clinical Medicine,23257075,1,Verificar,0,False,False,False,False,0,4.0
Chemical Science and Engineering Research,25823353,1,Verificar,0,False,False,False,False,0,0.0
Ciência e Sustentabilidade,24474606,1,Verificar,0,False,False,False,False,0,0.0
Ciências sociais aplicadas em revista,1679348X,1,Verificar,0,False,False,False,False,0,0.0
Clinical Oncology and Research,26134942,1,Verificar,0,False,False,False,False,0,1.0
Coletânea,16777883,1,Verificar,0,False,False,False,False,0,0.0
Comunicação em Ciências da Saúde,19800584,1,Verificar,0,False,False,False,False,0,0.0
ConCienciaSocial,25915339,1,Verificar,0,False,False,False,False,0,0.0
Conecte-se!,25945467,1,Verificar,0,False,False,False,False,0,0.0
Corpoconsciência,15176096,1,Verificar,0,False,False,False,False,0,0.0
Cureus,21688184,1,Verificar,0,False,False,False,False,0,2.0
DLCV - Língua Linguística & Literatura,16796101,1,Verificar,0,False,False,False,False,0,2.0
Diaphora,22389709,1,Verificar,0,False,False,False,False,0,0.0
Disciplinarum Scientia. Série Ciências da Saúde,19822111,1,Verificar,0,False,False,False,False,0,1.0
EAD em FOCO,21778310,1,Verificar,0,False,False,False,False,0,0.0
ENERGIA NA AGRICULTURA,01029169,1,Verificar,0,False,False,False,False,0,0.0
Educação Ciência e Saúde,23587504,1,Verificar,0,False,False,False,False,0,0.0
Educação Matemática em Revista - RS,15188221,1,Verificar,0,False,False,False,False,0,0.0
Educação Online,18093760,1,Verificar,0,False,False,False,False,0,0.0
Educação e Fronteiras,19826273,1,Verificar,0,False,False,False,False,0,1.0
Educação em Perspectiva,2178258X,1,Verificar,0,False,False,False,False,0,0.0
Engenharia Civil UM,08731152,1,Verificar,0,False,False,False,False,0,0.0
Ensino da Matemática em Debate,23584122,1,Verificar,0,False,False,False,False,0,0.0
Entrelinhas,18069509,1,Verificar,0,False,False,False,False,0,0.0
Espaço Aberto,22361367,1,Verificar,0,False,False,False,False,0,0.0
Espaço e Cultura,14133342,1,Verificar,0,False,False,False,False,0,0.0
Estrabão,27637824,1,Verificar,0,False,False,False,False,0,0.0
Estudos Geográficos Revista Eletrônica de Geografia,1678698X,1,Verificar,0,False,False,False,False,0,0.0
European Economic Letters (EEL),23235233,1,Verificar,0,False,False,False,False,0,0.0
Evidência olhares e pesquisa em saberes educacionais,18082327,1,Verificar,0,False,False,False,False,0,0.0
Expressa Extensão,14144190,1,Verificar,0,False,False,False,False,0,0.0
Faces de Clio,23594489,1,Verificar,0,False,False,False,False,0,1.0
Food and Nutrition Sciences,2157944X,1,Verificar,0,False,False,False,False,0,3.0
Frontiers for Young Minds,22966846,1,Verificar,0,False,False,False,False,0,0.0
Genética na Escola,19803540,1,Verificar,0,False,False,False,False,0,0.0
Geoconexões online,27638030,1,Verificar,0,False,False,False,False,0,0.0
Geograficidade,22380205,1,Verificar,0,False,False,False,False,0,0.0
Geography Department University of Sao Paulo,01024582,1,Verificar,0,False,False,False,False,0,8.0
Geosaberes,21780463,1,Verificar,0,False,False,False,False,0,0.0
Global Science and Technology,19843801,1,Verificar,0,False,False,False,False,0,0.0
Health and Society,27635724,1,Verificar,0,False,False,False,False,0,0.0
Hexis Revista Iberoamericana de Retórica,31010393,1,Verificar,0,False,False,False,False,0,0.0
História Unicap,23592370,1,Verificar,0,False,False,False,False,0,0.0
História e Cultura,22386270,1,Verificar,0,False,False,False,False,0,0.0
Holos Environment,15198421,1,Verificar,0,False,False,False,False,0,6.0
ID on line REVISTA DE PSICOLOGIA,19811179,1,Verificar,0,False,False,False,False,0,0.0
IOSR Journal of Business and Management,2278487X,1,Verificar,0,False,False,False,False,0,0.0
ISRN Obstetrics and Gynecology,20904436,1,Verificar,0,False,False,False,False,0,22.0
ISRN Oncology,20905661,1,Verificar,0,False,False,False,False,0,14.0
Ichnos/Ichnos : an international journal for plant and animal traces,10267999,1,Verificar,0,False,False,False,False,0,2.0
Igapó,19825498,1,Verificar,0,False,False,False,False,0,0.0
Ilha Revista de Antropologia,1517395X,1,Verificar,0,False,False,False,False,0,1.0
Implant Dentistry,10566163,1,Verificar,0,False,False,False,False,0,14.0
Informática na educação teoria & prática,1516084X,1,Verificar,0,False,False,False,False,0,5.0
Iniciação Científica Cesumar,15181243,1,Verificar,0,False,False,False,False,0,3.0
Inova Saúde,23172460,1,Verificar,0,False,False,False,False,0,0.0
InterAção,21781842,1,Verificar,0,False,False,False,False,0,0.0
Interação - Revista de Ensino Pesquisa e Extensão,1517848X,1,Verificar,0,False,False,False,False,0,1.0
International Archives of Medical Microbiology,26434008,1,Verificar,0,False,False,False,False,0,1.0
International Contemporary Management Review,25950428,1,Verificar,0,False,False,False,False,0,0.0
International Journal of Business and Social Research,21642540,1,Verificar,0,False,False,False,False,0,1.0
International Journal of Changes in Education,3029133X,1,Verificar,0,False,False,False,False,0,0.0
International Journal of Clinical & Medical Allergy,23322799,1,Verificar,0,False,False,False,False,0,1.0
International Journal of Current Microbiology and Applied Sciences,23197692,1,Verificar,0,False,False,False,False,0,1.0
"International Journal of Geoscience, Engineering and Technology.",26752883,1,Verificar,0,False,False,False,False,0,0.0
International Journal of Research -GRANTHAALAYAH,23500530,1,Verificar,0,False,False,False,False,0,21.0
International Journal of Sports and Exercise Medicine,24695718,1,Verificar,0,False,False,False,False,0,2.0
International Journal of Zoology and Animal Biology,2639216X,1,Verificar,0,False,False,False,False,0,2.0
Investigação Filosófica,21796742,1,Verificar,0,False,False,False,False,0,0.0
J of Electrical Engineering,23282223,1,Verificar,0,False,False,False,False,0,0.0
Journal Archives of Health,26754711,1,Verificar,0,False,False,False,False,0,1.0
Journal Plus Education,1842077X,1,Verificar,0,False,False,False,False,0,0.0
Journal of Agricultural Sciences Research (2764-0973),27640973,1,Verificar,0,False,False,False,False,0,0.0
Journal of Anesthesia & Critical Care Open Access,23736437,1,Verificar,0,False,False,False,False,0,0.0
Journal of Biomedical Research & Environmental Sciences,27662276,1,Verificar,0,False,False,False,False,0,1.0
Journal of Chemical Environmental and Biological Engineering,26402645,1,Verificar,0,False,False,False,False,0,1.0
Journal of Computational Interdisciplinary Sciences,19838409,1,Verificar,0,False,False,False,False,0,0.0
Journal of Cytology & Histology,21577099,1,Verificar,0,False,False,False,False,0,1.0
Journal of Diabetes Mellitus,21605831,1,Verificar,0,False,False,False,False,0,12.0
Journal of Dynamical Systems and Geometric Theories,1726037X,1,Verificar,0,False,False,False,False,0,1.0
Journal of Economics and Sustainable Development,22221700,1,Verificar,0,False,False,False,False,0,1.0
Journal of Education Science and Health,27636119,1,Verificar,0,False,False,False,False,0,0.0
Journal of Environmental Analysis and Progress,2525815X,1,Verificar,0,False,False,False,False,0,0.0
Journal of Epidemiology & Community Health,01417681,1,Verificar,0,False,False,False,False,0,0.0
Journal of Exploratory Research in Pharmacology,25725505,1,Verificar,0,False,False,False,False,0,2.0
Journal of Food Science and Engineering,21595828,1,Verificar,0,False,False,False,False,0,3.0
Journal of Health & Biological Sciences,23173076,1,Verificar,0,False,False,False,False,0,1.0
Journal of Human Nutrition and Food Science,23336706,1,Verificar,0,False,False,False,False,0,2.0
Journal of Intelligent Transportation Systems,10248072,1,Verificar,0,False,False,False,False,0,0.0
Journal of Livestock Science,22776214,1,Verificar,0,False,False,False,False,0,0.0
Journal of Management Science & Engineering research,26304953,1,Verificar,0,False,False,False,False,0,0.0
Journal of Material Science and Technology Research,24104701,1,Verificar,0,False,False,False,False,0,4.0
Journal of Medical Science and Evidences.,29663806,1,Verificar,0,False,False,False,False,0,0.0
Journal of Medical and Health Studies,27101452,1,Verificar,0,False,False,False,False,0,0.0
Journal of Microbiology & Experimentation,2373437X,1,Verificar,0,False,False,False,False,0,31.0
Journal of Neurology & Stroke,23736410,1,Verificar,0,False,False,False,False,0,3.0
Journal of Nursing Education and Practice,19254040,1,Verificar,0,False,False,False,False,0,1.0
Journal of Rehabilitation Therapy,27675122,1,Verificar,0,False,False,False,False,0,0.0
Journal of Science Humanities and Arts - JOSHA,23640626,1,Verificar,0,False,False,False,False,0,0.0
Journal of Transport Literature,22381031,1,Verificar,0,False,False,False,False,0,1.0
Journal of Turkish Society of Obstetric and Gynecology,1307699X,1,Verificar,0,False,False,False,False,0,6.0
Junguiana,01030825,1,Verificar,0,False,False,False,False,0,3.0
LAPLAGE EM REVISTA,24466220,1,Verificar,0,False,False,False,False,0,5.0
LaborHistórico,23596910,1,Verificar,0,False,False,False,False,0,0.0
Latin Neurosurgery,30860725,1,Verificar,0,False,False,False,False,0,0.0
Leukemia & lymphoma/Leukemia and lymphoma,10268022,1,Verificar,0,False,False,False,False,0,5.0
Linguagem Estudos e Pesquisas,15196240,1,Verificar,0,False,False,False,False,0,0.0
Linguagens Educação e Sociedade,24476293,1,Verificar,0,False,False,False,False,0,1.0
MOJ Ecology & Environmental Sciences,25732919,1,Verificar,0,False,False,False,False,0,4.0
MOJ Gerontology & Geriatrics,25748130,1,Verificar,0,False,False,False,False,0,1.0
MOJ Orthopedics & Rheumatology,23746939,1,Verificar,0,False,False,False,False,0,0.0
MRS Proceedings,02729172,1,Verificar,0,False,False,False,False,0,2.0
Magistro,20118643,1,Verificar,0,False,False,False,False,0,0.0
Magma,01046330,1,Verificar,0,False,False,False,False,0,0.0
Management in Perspective,26753006,1,Verificar,0,False,False,False,False,0,0.0
Mechanical Engineering Advances,30291232,1,Verificar,0,False,False,False,False,0,1.0
Medical Express,23188111,1,Verificar,0,False,False,False,False,0,2.0
Medical Research Archives,23751916,1,Verificar,0,False,False,False,False,0,0.0
Mercator,16768329,1,Verificar,0,False,False,False,False,0,16.0
Movimenta (ISSN 1984-4298),19844298,1,Verificar,0,False,False,False,False,0,1.0
Muitas Vozes,2238717X,1,Verificar,0,False,False,False,False,0,0.0
Multitemas,1414512X,1,Verificar,0,False,False,False,False,0,2.0
Nanfang huli xuebao,10089969,1,Verificar,0,False,False,False,False,0,1.0
Notandum,15165477,1,Verificar,0,False,False,False,False,0,0.0
Nuclear Receptor Research,23145706,1,Verificar,0,False,False,False,False,0,3.0
Nutrivisa Revista de Nutrição e Vigilância em Saúde,23579617,1,Verificar,0,False,False,False,False,0,0.0
Nutrição Brasil,16770234,1,Verificar,0,False,False,False,False,0,0.0
O biologico,03660567,1,Verificar,0,False,False,False,False,0,0.0
OKARA Geografia em debate,19823878,1,Verificar,0,False,False,False,False,0,0.0
Observatorium Revista Eletrônica de Geografia,19844891,1,Verificar,0,False,False,False,False,0,1.0
Open Journal of Nursing,21625336,1,Verificar,0,False,False,False,False,0,0.0
Open Minds International Journal,26755157,1,Verificar,0,False,False,False,False,0,0.0
Pain Studies and Treatment,23293268,1,Verificar,0,False,False,False,False,0,8.0
Pensar Acadêmico,18086136,1,Verificar,0,False,False,False,False,0,0.0
Pesquisa Brasileira em Ciência da Informação e Biblioteconomia,19810695,1,Verificar,0,False,False,False,False,0,0.0
Pesquisa e Ensino,26751933,1,Verificar,0,False,False,False,False,0,0.0
Procedia Manufacturing,23519789,1,Verificar,0,False,False,False,False,0,45.0
Profanações,23586125,1,Verificar,0,False,False,False,False,0,0.0
Protocol Exchange,20430116,1,Verificar,0,False,False,False,False,0,18.0
Psicologia da Educação,14146975,1,Verificar,0,False,False,False,False,0,11.0
Publicatio UEPG Ciencias Biologicas e da Saude,16768485,1,Verificar,0,False,False,False,False,0,0.0
"Pymes, innovación y desarrollo.",23449195,1,Verificar,0,False,False,False,False,0,0.0
RADIO COMMUNICATION TECHNOLOGY,20758693,1,Verificar,0,False,False,False,False,0,0.0
RECISATEC - REVISTA CIENTÍFICA SAÚDE E TECNOLOGIA - ISSN 2763-8405,27638405,1,Verificar,0,False,False,False,False,0,2.0
REDD – Revista Espaço de Diálogo e Desconexão,19841736,1,Verificar,0,False,False,False,False,0,0.0
REUNIR Revista de Administração Contabilidade e Sustentabilidade,22373667,1,Verificar,0,False,False,False,False,0,1.0
REVISTA BRASILEIRA DE EDUCAÇÃO CULTURA E LINGUAGEM,25264052,1,Verificar,0,False,False,False,False,0,0.0
REVISTA ERR01,25951378,1,Verificar,0,False,False,False,False,0,0.0
RVE - Revista Ver a Educação,14131498,1,Verificar,0,False,False,False,False,0,1.0
Recital - Revista de Educação Ciência e Tecnologia de Almenara/MG,26749270,1,Verificar,0,False,False,False,False,0,2.0
Relatos de Casos Cirúrgicos do Colégio Brasileiro de Cirurgiões,25272039,1,Verificar,0,False,False,False,False,0,0.0
Research Result Pedagogy and Psychology Of Education,23138971,1,Verificar,0,False,False,False,False,0,0.0
Retratos da Escola,1982131X,1,Verificar,0,False,False,False,False,0,0.0
Rev. Soc. Bras. Enferm. Ped,16763793,1,Verificar,0,False,False,False,False,0,0.0
Revista (Entre Parênteses),22384502,1,Verificar,0,False,False,False,False,0,2.0
Revista ADMpg,19836791,1,Verificar,0,False,False,False,False,0,2.0
Revista Agrarian,1984252X,1,Verificar,0,False,False,False,False,0,6.0
Revista Ambiência,18080251,1,Verificar,0,False,False,False,False,0,0.0
Revista Atenas Higeia,25961403,1,Verificar,0,False,False,False,False,0,0.0
Revista Augustus,1415398X,1,Verificar,0,False,False,False,False,0,0.0
Revista Brasileira de Agricultura Irrigada,19827679,1,Verificar,0,False,False,False,False,0,4.0
Revista Brasileira de Análise do Comportamento,18078338,1,Verificar,0,False,False,False,False,0,0.0
Revista Brasileira de Aplicações de Vácuo,01017659,1,Verificar,0,False,False,False,False,0,7.0
Revista Brasileira de Bioética,18086020,1,Verificar,0,False,False,False,False,0,0.0
Revista Brasileira de Cannabis,29650771,1,Verificar,0,False,False,False,False,0,0.0
Revista Brasileira de Ciências do Envelhecimento Humano,16797930,1,Verificar,0,False,False,False,False,0,4.0
Revista Brasileira de Direitos Fundamentais & Justiça,19821921,1,Verificar,0,False,False,False,False,0,1.0
Revista Brasileira de Ecoturismo (RBEcotur),19839391,1,Verificar,0,False,False,False,False,0,0.0
Revista Brasileira de Educação e Saúde,23582391,1,Verificar,0,False,False,False,False,0,0.0
Revista Brasileira de Educação em Geografia,22363904,1,Verificar,0,False,False,False,False,0,1.0
Revista Brasileira de Ensino Superior,24473944,1,Verificar,0,False,False,False,False,0,4.0
Revista Brasileira de Estudos da Homocultura,25953206,1,Verificar,0,False,False,False,False,0,0.0
Revista Brasileira de Física Tecnológica Aplicada,23580089,1,Verificar,0,False,False,False,False,0,0.0
Revista Brasileira de Gestão Ambiental e Sustentabilidade,23591412,1,Verificar,0,False,False,False,False,0,0.0
Revista Brasileira de Inovação Tecnológica em Saúde ISSN 2236-1103,22361103,1,Verificar,0,False,False,False,False,0,1.0
Revista Brasileira de Odontologia,00347272,1,Verificar,0,False,False,False,False,0,0.0
Revista Brasileira de Ornitologia,21787867,1,Verificar,0,False,False,False,False,0,5.0
Revista Brasileira de Sociologia - RBS,23178507,1,Verificar,0,False,False,False,False,0,0.0
Revista Brasileira de Tecnologia Aplicada nas Ciências Agrárias,19836325,1,Verificar,0,False,False,False,False,0,1.0
Revista Brasileira de Terapia Familiar,19835590,1,Verificar,0,False,False,False,False,0,0.0
Revista Brasileira de Zoociências,15176770,1,Verificar,0,False,False,False,False,0,5.0
Revista CPC,19804466,1,Verificar,0,False,False,False,False,0,1.0
Revista Científica FAEMA,21794200,1,Verificar,0,False,False,False,False,0,1.0
Revista Científica Faculdade Unimed,2674709X,1,Verificar,0,False,False,False,False,0,0.0
Revista Científica Novas Configurações diálogos plurais,26754177,1,Verificar,0,False,False,False,False,0,1.0
Revista Científica do Centro Universitário de Araras Dr Edmundo Ulson,19824920,1,Verificar,0,False,False,False,False,0,0.0
Revista Ciência & Polícia,23168765,1,Verificar,0,False,False,False,False,0,0.0
Revista Ciência da Madeira - RCM,21776830,1,Verificar,0,False,False,False,False,0,0.0
Revista Ciências & Ideias ISSN 2176-1477,21761477,1,Verificar,0,False,False,False,False,0,2.0
Revista Communitas,25265970,1,Verificar,0,False,False,False,False,0,1.0
Revista Debates Insubmissos - ISSN 2595-2803,25952803,1,Verificar,0,False,False,False,False,0,1.0
Revista Desassossego,21753180,1,Verificar,0,False,False,False,False,0,0.0
Revista Diadorim,19802552,1,Verificar,0,False,False,False,False,0,0.0
Revista Digital Acadêmico Mundo,23181494,1,Verificar,0,False,False,False,False,0,0.0
Revista Discente Ofícios de Clio,25270524,1,Verificar,0,False,False,False,False,0,0.0
Revista Dynamis,01040405,1,Verificar,0,False,False,False,False,0,0.0
Revista Educação Artes e Inclusão,19843178,1,Verificar,0,False,False,False,False,0,0.0
Revista Educa��o - UNG-Ser,19806469,1,Verificar,0,False,False,False,False,0,0.0
Revista Eletrônica Científica Ensino Interdisciplinar,24470783,1,Verificar,0,False,False,False,False,0,0.0
Revista Eletrônica Engenharia Viva,23581271,1,Verificar,0,False,False,False,False,0,0.0
Revista Eletrônica de Estudos Integrados em Discurso e Argumentação,22376984,1,Verificar,0,False,False,False,False,0,0.0
Revista Em Favor de Igualdade Racial,25954911,1,Verificar,0,False,False,False,False,0,0.0
Revista Enfil,23176628,1,Verificar,0,False,False,False,False,0,0.0
Revista Ensin UFMS,25257056,1,Verificar,0,False,False,False,False,0,1.0
Revista Espacialidades,1984817X,1,Verificar,0,False,False,False,False,0,0.0
Revista Espaço e Geografia,15169375,1,Verificar,0,False,False,False,False,0,0.0
Revista Estudios Psicológicos,27886492,1,Verificar,0,False,False,False,False,0,1.0
Revista Feminismos,23172932,1,Verificar,0,False,False,False,False,0,0.0
Revista FormAção.,29661455,1,Verificar,0,False,False,False,False,0,1.0
Revista GEMInIS,21791465,1,Verificar,0,False,False,False,False,0,0.0
Revista GeoUECE,2317028X,1,Verificar,0,False,False,False,False,0,0.0
Revista Geonomos,01044486,1,Verificar,0,False,False,False,False,0,2.0
Revista Gestão & Políticas Públicas,22371095,1,Verificar,0,False,False,False,False,0,10.0
Revista Gestão Industrial,18080448,1,Verificar,0,False,False,False,False,0,0.0
Revista Gestão e Conhecimento,16779762,1,Verificar,0,False,False,False,False,0,0.0
Revista Guará - Revista de Linguagem e Literatura,22374957,1,Verificar,0,False,False,False,False,0,0.0
Revista História & Perspectivas,0103409X,1,Verificar,0,False,False,False,False,0,0.0
Revista Ifes Ciência,23594799,1,Verificar,0,False,False,False,False,0,0.0
Revista Interdisciplinar de Direitos Humanos,23189568,1,Verificar,0,False,False,False,False,0,0.0
Revista Interdisciplinar de Estudos em Saúde,2238832X,1,Verificar,0,False,False,False,False,0,3.0
Revista Interface (Porto Nacional),18066062,1,Verificar,0,False,False,False,False,0,0.0
Revista Latinoamericana de Simulación Clínica,26832348,1,Verificar,0,False,False,False,False,0,0.0
Revista M Estudos sobre a morte os mortos e o morrer,25253050,1,Verificar,0,False,False,False,False,0,3.0
Revista Multidisciplinar em Saúde,26758008,1,Verificar,0,False,False,False,False,0,0.0
Revista Nacional de Gerenciamento de Cidades,23188472,1,Verificar,0,False,False,False,False,0,0.0
Revista Paulista de Reumatologia,18094635,1,Verificar,0,False,False,False,False,0,0.0
Revista Portuguesa de Ciências do Desporto,16450523,1,Verificar,0,False,False,False,False,0,0.0
Revista Práticas de Linguagem,22367268,1,Verificar,0,False,False,False,False,0,0.0
Revista Práxis Pedagógica.,15189341,1,Verificar,0,False,False,False,False,0,0.0
Revista Psicologia Política,1519549X,1,Verificar,0,False,False,False,False,0,0.0
Revista Recursos Hídricos,08701741,1,Verificar,0,False,False,False,False,0,1.0
Revista Relegens Thréskeia,23173688,1,Verificar,0,False,False,False,False,0,7.0
Revista Remecs - Revista Multidisciplinar de Estudos Científicos em Saúde,25262874,1,Verificar,0,False,False,False,False,0,1.0
Revista Saúde - UNG-Ser,19823282,1,Verificar,0,False,False,False,False,0,1.0
Revista Signos Geográficos,26751526,1,Verificar,0,False,False,False,False,0,0.0
Revista Tecnia,25262122,1,Verificar,0,False,False,False,False,0,0.0
Revista Temas Sociais,2184982X,1,Verificar,0,False,False,False,False,0,0.0
Revista Valore,25259008,1,Verificar,0,False,False,False,False,0,3.0
Revista Visão Gestão Organizacional,22389636,1,Verificar,0,False,False,False,False,0,0.0
Revista da ALESDE,22380000,1,Verificar,0,False,False,False,False,0,0.0
Revista da Anpoll,14147564,1,Verificar,0,False,False,False,False,0,2.0
Revista da FAEEBA- Educação e Contemporaneidade,01047043,1,Verificar,0,False,False,False,False,0,0.0
Revista da SBPH,15160858,1,Verificar,0,False,False,False,False,0,3.0
Revista da Universidade Vale do Rio Verde,15170276,1,Verificar,0,False,False,False,False,0,9.0
Revista de APS,15167704,1,Verificar,0,False,False,False,False,0,1.0
Revista de Carreiras e Pessoas,22371427,1,Verificar,0,False,False,False,False,0,1.0
Revista de Ciência Veterinária e Saúde Pública,23584610,1,Verificar,0,False,False,False,False,0,0.0
Revista de Ciências Ambientais,19818858,1,Verificar,0,False,False,False,False,0,2.0
Revista de Ciências Exatas e Tecnologia,19801793,1,Verificar,0,False,False,False,False,0,0.0
Revista de Ciências Médicas,14155796,1,Verificar,0,False,False,False,False,0,6.0
Revista de Ciências Médicas & Saúde (RCMS),30863635,1,Verificar,0,False,False,False,False,0,0.0
Revista de Cultura e Extensão USP,21756805,1,Verificar,0,False,False,False,False,0,0.0
Revista de Ensino de Bioquímica,23188790,1,Verificar,0,False,False,False,False,0,0.0
Revista de Ensino de Engenharia,01015001,1,Verificar,0,False,False,False,False,0,0.0
Revista de Ensino de Geografia,21794510,1,Verificar,0,False,False,False,False,0,0.0
Revista de Estudos AntiUtilitaristas e PosColoniais,21797501,1,Verificar,0,False,False,False,False,0,0.0
Revista de Estudos Aplicados em Educação,2525703X,1,Verificar,0,False,False,False,False,0,0.0
Revista de Estudos Universitários - REU,01026437,1,Verificar,0,False,False,False,False,0,0.0
"Revista de Estudos de Literatura, Cultura e Alteridade - Igarapé",22387587,1,Verificar,0,False,False,False,False,0,0.0
Revista de Extensão e Estudos Rurais,21795320,1,Verificar,0,False,False,False,False,0,0.0
Revista de Geopolítica,21773246,1,Verificar,0,False,False,False,False,0,0.0
"Revista de Humanidades, Tecnologia e Cultura",22383948,1,Verificar,0,False,False,False,False,0,0.0
Revista de Lexicografía,11344539,1,Verificar,0,False,False,False,False,0,0.0
Revista de Patologia do Tocantins,23188960,1,Verificar,0,False,False,False,False,0,0.0
Revista do Curso de Direito da Universidade Estadual de Montes Claros.,15183408,1,Verificar,0,False,False,False,False,0,0.0
Revista do Serviço Público,00349240,1,Verificar,0,False,False,False,False,0,4.0
Revista do Tribunal Superior do Trabalho.,01037978,1,Verificar,0,False,False,False,False,0,0.0
Revista dos Trabalhos de Iniciação Científica da UNICAMP,25961969,1,Verificar,0,False,False,False,False,0,0.0
Revista iberoamericana de ingeniería mecánica.,11372729,1,Verificar,0,False,False,False,False,0,0.0
Revista interdisciplinar em saúde,23587490,1,Verificar,0,False,False,False,False,0,0.0
SAPIENS - Revista de divulgação Científica,2596156X,1,Verificar,0,False,False,False,False,0,0.0
STUDIES IN EDUCATION SCIENCES,27640868,1,Verificar,0,False,False,False,False,0,0.0
Saber Científico (1982-792X),1982792X,1,Verificar,0,False,False,False,False,0,0.0
Sacrilegens,18071295,1,Verificar,0,False,False,False,False,0,0.0
Sala 8 Revista Internacional em Políticas Currículo Práticas e Gestão da Educação,27640337,1,Verificar,0,False,False,False,False,0,0.0
Sapere Aude,21762708,1,Verificar,0,False,False,False,False,0,0.0
Saúde e meio ambiente revista interdisciplinar,2316347X,1,Verificar,0,False,False,False,False,0,2.0
Saúde em Revista,15167356,1,Verificar,0,False,False,False,False,0,0.0
Scandinavian Journal of Infectious Diseases,00365548,1,Verificar,0,False,False,False,False,0,5.0
Serviço Social em Debate,25963155,1,Verificar,0,False,False,False,False,0,0.0
Signos,14130416,1,Verificar,0,False,False,False,False,0,0.0
Simbio-Logias Revista Eletrônica de Educação Filosofia e Nutrição,19833253,1,Verificar,0,False,False,False,False,0,1.0
Sitientibus,01018841,1,Verificar,0,False,False,False,False,0,0.0
Sociedade e Território,14155893,1,Verificar,0,False,False,False,False,0,0.0
"South American Journal of Basic Education, Technical and Technological",24464821,1,Verificar,0,False,False,False,False,0,0.0
Strength and conditioning journal,10736840,1,Verificar,0,False,False,False,False,0,2.0
Sæculum – Revista de História,01048929,1,Verificar,0,False,False,False,False,0,0.0
TRADUÇÃO EM REVISTA,18086195,1,Verificar,0,False,False,False,False,0,0.0
Tecné Episteme y Didaxis TED,01213814,1,Verificar,0,False,False,False,False,0,0.0
Tempos Históricos,15174689,1,Verificar,0,False,False,False,False,0,0.0
Terra Livre,01028030,1,Verificar,0,False,False,False,False,0,7.0
The Academic Society Journal,25951521,1,Verificar,0,False,False,False,False,0,2.0
The Educational Review USA,25757938,1,Verificar,0,False,False,False,False,0,0.0
The International Symposia on Jesuit Studies,27660664,1,Verificar,0,False,False,False,False,0,1.0
The Open Virology Journal,18743579,1,Verificar,0,False,False,False,False,0,15.0
The TQM Journal,0954478X,1,Verificar,0,False,False,False,False,0,3.0
Time to knit,08496757,1,Verificar,0,False,False,False,False,0,0.0
Todas as letras/Revista Todas as Letras,15171000,1,Verificar,0,False,False,False,False,0,2.0
Trabalho (En)Cena,25261487,1,Verificar,0,False,False,False,False,0,0.0
Transições,26754398,1,Verificar,0,False,False,False,False,0,0.0
Trilhas Filosóficas,19827490,1,Verificar,0,False,False,False,False,0,0.0
Turkiye Klinikleri Journal of Dental Sciences,13007734,1,Verificar,0,False,False,False,False,0,0.0
US-China Education Review A,2161623X,1,Verificar,0,False,False,False,False,0,0.0
Unifunec Científica Multidisciplinar,22364315,1,Verificar,0,False,False,False,False,0,0.0
Urdimento,14145731,1,Verificar,0,False,False,False,False,0,0.0
Veredas da História,19824238,1,Verificar,0,False,False,False,False,0,0.0
Veterinária notícias/Veterinária Notícias,01043463,1,Verificar,0,False,False,False,False,0,1.0
Vigiles,25954229,1,Verificar,0,False,False,False,False,0,1.0
Visão Acadêmica,15185192,1,Verificar,0,False,False,False,False,0,1.0
"WEB REVISTA LINGUAGEM, EDUCAÇÃO E MEMÓRIA",22378332,1,Verificar,0,False,False,False,False,0,0.0
World Journal of Biology Pharmacy and Health Sciences,25825542,1,Verificar,0,False,False,False,False,0,0.0
journal of Anesthesiology and Clinical Science,20499752,1,Verificar,0,False,False,False,False,0,16.0
polemica,16760727,1,Verificar,0,False,False,False,False,0,9.0
